{"type":"FeatureCollection","features":[{"type":"Feature","properties":{"ward":7,"ward_id":"10101007","muni":"Matzikama"},"geometry":{"type":"Polygon","coordinates":[[[18.9801,-31.3552],[19.013,-31.3057],[18.9664,-31.2845],[18.9445,-31.2373],[18.8967,-31.2447],[18.8361,-31.2755],[18.8293,-31.2906],[18.8077,-31.3103],[18.7416,-31.3236],[18.6127,-31.2852],[18.5495,-31.2891],[18.4306,-31.3645],[18.4053,-31.4071],[18.4238,-31.4943],[18.4658,-31.5002],[18.5894,-31.4582],[18.5892,-31.5163],[18.5497,-31.6091],[18.5849,-31.6376],[18.5716,-31.674],[18.6063,-31.716],[18.6701,-31.7119],[18.6823,-31.7173],[18.6941,-31.7397],[18.6872,-31.7535],[18.6957,-31.7779],[18.6615,-31.7898],[18.6553,-31.8077],[18.6839,-31.8459],[18.7035,-31.8491],[18.7007,-31.8526],[18.7409,-31.8789],[18.7576,-31.8733],[18.7807,-31.8754],[18.8039,-31.8619],[18.8236,-31.8686],[18.8816,-31.8517],[18.9048,-31.8585],[18.9817,-31.8557],[18.9875,-31.8792],[19.0263,-31.8767],[19.0346,-31.859],[19.0266,-31.8435],[19.0323,-31.8398],[19.0303,-31.8338],[19.0468,-31.8295],[19.0601,-31.8107],[19.0872,-31.7936],[19.083,-31.7858],[19.0766,-31.7882],[19.0757,-31.7819],[19.0661,-31.7809],[19.0665,-31.7662],[19.0808,-31.7596],[19.0914,-31.7625],[19.0947,-31.7502],[19.0656,-31.7063],[19.0549,-31.6703],[19.0737,-31.6669],[19.079,-31.6432],[19.0705,-31.6241],[19.0905,-31.5978],[19.0854,-31.5721],[19.0518,-31.5727],[19.0854,-31.5269],[19.0678,-31.518],[19.0418,-31.5185],[19.0231,-31.5052],[19.012,-31.5144],[19.0062,-31.512],[19.0197,-31.4992],[19.0369,-31.4643],[19.043,-31.425],[19.0307,-31.4154],[19.0309,-31.3895],[19.0124,-31.3701],[18.9801,-31.3552]]]}},{"type":"Feature","properties":{"ward":8,"ward_id":"10101008","muni":"Matzikama"},"geometry":{"type":"Polygon","coordinates":[[[18.7959,-30.6249],[18.7587,-30.5679],[18.6551,-30.5567],[18.5701,-30.4303],[18.5022,-30.4444],[18.4836,-30.5219],[18.5222,-30.6065],[18.4441,-30.5113],[18.3805,-30.4596],[18.4138,-30.5273],[18.3712,-30.5921],[18.371,-30.6596],[18.2642,-30.8183],[18.2518,-30.8275],[18.2135,-30.8104],[18.1952,-30.816],[18.2058,-30.8313],[18.1692,-30.8486],[18.0809,-30.7848],[18.0579,-30.7769],[18.0065,-30.7912],[17.9948,-30.8192],[17.9934,-30.9187],[17.9721,-30.9139],[17.914,-30.9247],[17.8803,-30.9239],[17.8779,-30.9487],[17.9264,-31.0114],[17.8113,-31.0925],[17.8344,-31.1765],[17.7573,-31.1521],[17.8175,-31.2225],[17.8632,-31.2574],[17.8812,-31.2848],[17.8785,-31.3194],[17.9004,-31.3521],[17.9275,-31.3745],[17.9486,-31.4061],[17.9823,-31.4371],[18.0424,-31.5098],[18.1054,-31.5677],[18.1175,-31.5851],[18.1144,-31.5984],[18.1295,-31.6107],[18.1517,-31.6554],[18.2229,-31.7484],[18.2272,-31.7326],[18.2061,-31.6891],[18.1992,-31.6873],[18.1955,-31.6525],[18.2051,-31.6423],[18.1951,-31.6242],[18.1972,-31.6109],[18.2282,-31.6047],[18.2293,-31.5911],[18.2175,-31.5835],[18.2124,-31.5706],[18.2432,-31.5697],[18.2605,-31.5574],[18.2612,-31.5454],[18.2801,-31.5422],[18.2777,-31.5292],[18.2909,-31.5261],[18.3711,-31.5566],[18.3891,-31.557],[18.4238,-31.4943],[18.4053,-31.4071],[18.4306,-31.3645],[18.5495,-31.2891],[18.6127,-31.2852],[18.7416,-31.3236],[18.8077,-31.3103],[18.8293,-31.2906],[18.8361,-31.2755],[18.8967,-31.2447],[18.9445,-31.2373],[18.9497,-31.1959],[18.9476,-31.1129],[18.9035,-31.0418],[18.9118,-30.9789],[18.9845,-30.9458],[18.8754,-30.8871],[18.9605,-30.8661],[18.9519,-30.7447],[18.863,-30.7171],[18.7945,-30.6676],[18.7959,-30.6249]]]}},{"type":"Feature","properties":{"ward":6,"ward_id":"10102006","muni":"Cederberg"},"geometry":{"type":"Polygon","coordinates":[[[18.883,-31.8518],[18.8236,-31.8686],[18.8039,-31.8619],[18.7807,-31.8754],[18.7576,-31.8733],[18.7413,-31.8789],[18.7007,-31.8526],[18.689,-31.8661],[18.7072,-31.8967],[18.6557,-31.9312],[18.6659,-31.957],[18.6548,-31.962],[18.6609,-31.9732],[18.6785,-31.9774],[18.6568,-31.983],[18.6728,-31.9949],[18.7145,-31.9993],[18.7644,-32.0393],[18.7566,-32.0407],[18.7613,-32.0467],[18.765,-32.0436],[18.758,-32.0855],[18.7794,-32.0909],[18.8206,-32.1531],[18.8146,-32.1689],[18.8402,-32.1638],[18.853,-32.1761],[18.8696,-32.1729],[18.8825,-32.161],[18.8901,-32.1635],[18.9118,-32.1991],[18.9381,-32.2135],[18.9285,-32.228],[18.9016,-32.2157],[18.8907,-32.2351],[18.889,-32.2792],[18.8566,-32.2525],[18.8513,-32.2295],[18.7983,-32.1867],[18.7742,-32.2044],[18.7895,-32.2312],[18.7782,-32.2486],[18.8024,-32.2739],[18.7843,-32.2914],[18.7951,-32.3064],[18.7773,-32.3348],[18.7859,-32.3395],[18.7678,-32.3623],[18.7936,-32.3969],[18.8077,-32.4023],[18.7915,-32.4198],[18.7068,-32.4139],[18.6916,-32.4147],[18.6977,-32.4217],[18.6658,-32.4212],[18.6699,-32.449],[18.6576,-32.4613],[18.6727,-32.4699],[18.6622,-32.4909],[18.7063,-32.5367],[18.7079,-32.5576],[18.7249,-32.5665],[18.7684,-32.5653],[18.8039,-32.572],[18.7914,-32.5594],[18.7831,-32.5297],[18.7866,-32.5204],[18.8276,-32.5113],[18.8449,-32.5002],[18.8555,-32.4839],[18.8419,-32.4721],[18.8871,-32.4438],[18.8891,-32.428],[18.917,-32.4103],[18.9399,-32.4177],[18.9586,-32.4093],[18.949,-32.3869],[18.9671,-32.3761],[18.9902,-32.3803],[19.0247,-32.3759],[19.014,-32.3542],[19.0249,-32.3489],[19.0904,-32.4027],[19.0971,-32.3977],[19.0835,-32.3158],[19.0938,-32.3305],[19.1175,-32.3462],[19.1204,-32.3558],[19.1452,-32.37],[19.1494,-32.391],[19.1728,-32.4033],[19.2251,-32.4018],[19.2185,-32.4126],[19.2674,-32.4188],[19.256,-32.4507],[19.2416,-32.4447],[19.243,-32.4567],[19.2249,-32.4662],[19.1778,-32.4278],[19.1633,-32.4388],[19.2,-32.4608],[19.1783,-32.4654],[19.2021,-32.5248],[19.1596,-32.5221],[19.1667,-32.5294],[19.1638,-32.549],[19.1546,-32.5506],[19.1592,-32.5719],[19.2231,-32.5747],[19.2647,-32.5887],[19.32,-32.5746],[19.3412,-32.5831],[19.3569,-32.6164],[19.3961,-32.6067],[19.419,-32.6223],[19.4379,-32.6258],[19.4413,-32.6381],[19.4533,-32.6257],[19.4522,-32.6078],[19.4756,-32.5969],[19.485,-32.5799],[19.495,-32.4989],[19.5164,-32.4859],[19.5071,-32.4731],[19.4954,-32.4737],[19.4302,-32.3657],[19.4091,-32.2901],[19.4919,-32.2517],[19.4951,-32.245],[19.4857,-32.2358],[19.4958,-32.2216],[19.4942,-32.2087],[19.5023,-32.2054],[19.4927,-32.1986],[19.5014,-32.1799],[19.4873,-32.1637],[19.4793,-32.1677],[19.4841,-32.1614],[19.4752,-32.1463],[19.4911,-32.1301],[19.5083,-32.1259],[19.5152,-32.1152],[19.5075,-32.0861],[19.4885,-32.1212],[19.4834,-32.1137],[19.4863,-32.0764],[19.4675,-32.0731],[19.4259,-32.0313],[19.3958,-32.0151],[19.3804,-32.0376],[19.363,-32.0428],[19.353,-32.0279],[19.3298,-32.0126],[19.3234,-31.9848],[19.2899,-31.9651],[19.2775,-31.9797],[19.2648,-31.9657],[19.2798,-31.922],[19.2897,-31.863],[19.2107,-31.948],[19.1997,-31.9048],[19.1723,-31.9098],[19.1561,-31.8997],[19.1418,-31.9121],[19.0532,-31.879],[18.9878,-31.8793],[18.982,-31.8557],[18.9048,-31.8585],[18.883,-31.8518]]]}},{"type":"Feature","properties":{"ward":1,"ward_id":"10103001","muni":"Bergrivier"},"geometry":{"type":"Polygon","coordinates":[[[19.0072,-32.7162],[18.973,-32.6705],[18.9607,-32.633],[18.9631,-32.6173],[18.9583,-32.6162],[18.9446,-32.6305],[18.9558,-32.6525],[18.9546,-32.67],[18.9147,-32.7233],[18.9063,-32.7157],[18.8674,-32.7148],[18.8528,-32.7991],[18.8741,-32.7761],[18.9246,-32.7894],[18.9266,-32.8678],[18.9483,-32.9027],[18.9158,-32.9021],[18.9251,-32.9285],[18.9306,-32.9308],[18.9297,-32.9399],[18.9435,-32.9374],[18.9926,-32.9639],[18.9935,-32.9922],[18.9874,-32.9909],[18.9848,-33.0158],[18.9934,-33.0163],[18.9933,-33.0263],[18.9827,-33.0655],[18.9792,-33.1363],[18.9686,-33.1256],[18.9586,-33.1272],[18.9489,-33.152],[18.9102,-33.1633],[18.9227,-33.1877],[18.9405,-33.1967],[18.9565,-33.1881],[18.956,-33.1674],[18.9801,-33.1521],[19.0198,-33.1417],[19.051,-33.142],[19.0896,-33.1141],[19.1462,-33.1061],[19.173,-33.0919],[19.1774,-33.06],[19.1537,-32.984],[19.1862,-32.8682],[19.1844,-32.8271],[19.1505,-32.8721],[19.1207,-32.8779],[19.0986,-32.8791],[19.0817,-32.8667],[19.0828,-32.8562],[19.0563,-32.8593],[19.0643,-32.8346],[19.0357,-32.8489],[19.0341,-32.8256],[19.0411,-32.8242],[19.0347,-32.7858],[19.0239,-32.7973],[19.0206,-32.7786],[19.0329,-32.7783],[19.0314,-32.7725],[19.0191,-32.77],[19.0072,-32.7162]]]}},{"type":"Feature","properties":{"ward":2,"ward_id":"10103002","muni":"Bergrivier"},"geometry":{"type":"Polygon","coordinates":[[[18.9869,-32.9971],[18.8438,-32.9443],[18.8396,-32.9497],[18.8446,-32.9544],[18.8348,-32.9643],[18.8012,-32.9541],[18.7978,-32.9611],[18.7466,-32.9718],[18.7548,-32.9727],[18.7822,-32.9993],[18.7894,-33.0281],[18.8014,-33.0238],[18.8164,-33.0316],[18.8057,-33.0505],[18.8195,-33.0552],[18.8214,-33.0718],[18.8315,-33.0696],[18.8345,-33.0957],[18.8415,-33.0985],[18.8447,-33.1173],[18.8556,-33.1191],[18.8541,-33.1294],[18.8631,-33.1303],[18.8661,-33.148],[18.8776,-33.1468],[18.8862,-33.1589],[18.9109,-33.1577],[18.9113,-33.1619],[18.9489,-33.152],[18.9586,-33.1272],[18.9686,-33.1256],[18.9792,-33.1363],[18.9827,-33.0655],[18.9933,-33.0263],[18.9934,-33.0163],[18.9848,-33.0158],[18.9869,-32.9971]]]}},{"type":"Feature","properties":{"ward":3,"ward_id":"10103003","muni":"Bergrivier"},"geometry":{"type":"Polygon","coordinates":[[[18.6168,-32.7295],[18.5837,-32.7112],[18.582,-32.7228],[18.5897,-32.7395],[18.596,-32.7407],[18.575,-32.7596],[18.5812,-32.7901],[18.5568,-32.755],[18.5229,-32.7641],[18.547,-32.7982],[18.5478,-32.8209],[18.5362,-32.8267],[18.5423,-32.8334],[18.5975,-32.8574],[18.6318,-32.8824],[18.625,-32.8887],[18.6232,-32.9186],[18.6365,-32.9129],[18.6775,-32.9207],[18.6825,-32.9439],[18.689,-32.9387],[18.6939,-32.9452],[18.7258,-32.9501],[18.7466,-32.9718],[18.7978,-32.9611],[18.8012,-32.9541],[18.8348,-32.9643],[18.8446,-32.9544],[18.8396,-32.9497],[18.8438,-32.9443],[18.9869,-32.9971],[18.9874,-32.9909],[18.9935,-32.9922],[18.992,-32.962],[18.9435,-32.9374],[18.9297,-32.9399],[18.9158,-32.9021],[18.9483,-32.9027],[18.9266,-32.8678],[18.9246,-32.7894],[18.8741,-32.7761],[18.8535,-32.8028],[18.8483,-32.8202],[18.8262,-32.809],[18.8154,-32.8139],[18.7914,-32.7966],[18.7635,-32.7914],[18.7641,-32.7791],[18.7465,-32.7685],[18.7435,-32.7727],[18.763,-32.7798],[18.749,-32.7858],[18.743,-32.8029],[18.7563,-32.8023],[18.7635,-32.8174],[18.7546,-32.8157],[18.7436,-32.8303],[18.7476,-32.8372],[18.7324,-32.8549],[18.6854,-32.7995],[18.6677,-32.8141],[18.6581,-32.8051],[18.6513,-32.8182],[18.6221,-32.8099],[18.6154,-32.815],[18.6046,-32.8116],[18.6011,-32.7936],[18.6161,-32.7811],[18.6437,-32.7694],[18.6625,-32.787],[18.6464,-32.7482],[18.6599,-32.7415],[18.6643,-32.7269],[18.6507,-32.7276],[18.6308,-32.7167],[18.6168,-32.7295]],[[18.7427,-32.9014],[18.7422,-32.8874],[18.8115,-32.8987],[18.7599,-32.9058],[18.7427,-32.9014]]]}},{"type":"Feature","properties":{"ward":5,"ward_id":"10104005","muni":"Saldanha Bay"},"geometry":{"type":"Polygon","coordinates":[[[17.9459,-32.9168],[17.9152,-32.9271],[17.9137,-32.9224],[17.8831,-32.9276],[17.8865,-32.9479],[17.8782,-32.9555],[17.884,-32.9598],[17.8813,-32.9651],[17.8876,-32.9652],[17.8844,-32.9757],[17.8787,-32.9763],[17.8859,-32.9793],[17.8715,-32.9926],[17.8767,-33.0049],[17.887,-33.0012],[17.8997,-33.0085],[17.903,-33.0005],[17.8893,-32.9889],[17.9239,-32.9865],[17.9309,-32.9911],[17.9324,-33.0079],[17.9682,-32.9962],[17.9983,-32.9997],[18.0074,-32.9804],[18.0318,-32.9728],[18.0513,-32.9473],[18.0181,-32.9371],[17.9874,-32.9508],[17.9855,-32.9407],[17.9741,-32.9457],[17.9459,-32.9168]]]}},{"type":"Feature","properties":{"ward":6,"ward_id":"10104006","muni":"Saldanha Bay"},"geometry":{"type":"MultiPolygon","coordinates":[[[[17.9852,-33.1544],[17.9803,-33.1508],[17.9791,-33.1521],[17.9852,-33.1544]]],[[[17.9938,-33.1468],[17.9908,-33.1465],[17.9913,-33.148],[17.9938,-33.1468]]],[[[18.0211,-33.088],[18.0178,-33.0931],[18.0238,-33.0946],[18.0265,-33.0909],[18.0211,-33.088]]],[[[18.0107,-33.0849],[18.0065,-33.0863],[18.0111,-33.0865],[18.0107,-33.0849]]],[[[17.9535,-33.0801],[17.9545,-33.0874],[17.9588,-33.0863],[17.9596,-33.0831],[17.9535,-33.0801]]],[[[17.9284,-33.0512],[17.9238,-33.0545],[17.9295,-33.0531],[17.9284,-33.0512]]],[[[18.1537,-33.0326],[18.1064,-33.0243],[18.0772,-33.0597],[18.0392,-33.0855],[18.0282,-33.085],[18.0323,-33.1054],[18.0978,-33.1529],[18.0896,-33.1641],[18.096,-33.1687],[18.0827,-33.1655],[18.0847,-33.1738],[18.1026,-33.1769],[18.1024,-33.1809],[18.11,-33.1853],[18.1103,-33.1797],[18.1239,-33.1805],[18.1223,-33.1933],[18.1079,-33.2021],[18.0948,-33.2039],[18.0904,-33.1901],[18.0647,-33.1758],[18.0494,-33.1614],[18.05,-33.1543],[18.0239,-33.1435],[18.0307,-33.1283],[18.0135,-33.1212],[18.0132,-33.0956],[17.982,-33.0951],[17.9848,-33.0896],[18.0045,-33.0877],[18.0047,-33.0787],[17.995,-33.0772],[17.9956,-33.0703],[17.9722,-33.0677],[17.9792,-33.0913],[17.9663,-33.0995],[17.9582,-33.0958],[17.9519,-33.1061],[17.9728,-33.118],[17.9765,-33.128],[17.9707,-33.1375],[18.0069,-33.1491],[18.0843,-33.2159],[18.1276,-33.2692],[18.1562,-33.3206],[18.1828,-33.318],[18.1835,-33.3118],[18.1884,-33.3167],[18.1913,-33.2956],[18.2049,-33.308],[18.2266,-33.3095],[18.2062,-33.2733],[18.2021,-33.2112],[18.2384,-33.1957],[18.2317,-33.1527],[18.2444,-33.1534],[18.3291,-33.1093],[18.3234,-33.1077],[18.3338,-33.0842],[18.2923,-33.0908],[18.2857,-33.0669],[18.2502,-33.0767],[18.2026,-33.064],[18.2004,-33.069],[18.1537,-33.0326]]]]}},{"type":"Feature","properties":{"ward":13,"ward_id":"10104013","muni":"Saldanha Bay"},"geometry":{"type":"Polygon","coordinates":[[[18.0263,-32.9144],[17.9961,-32.9068],[17.9991,-32.9203],[18.0263,-32.9144]]]}},{"type":"Feature","properties":{"ward":9,"ward_id":"10105009","muni":"Swartland"},"geometry":{"type":"Polygon","coordinates":[[[18.6998,-33.4597],[18.6928,-33.4677],[18.696,-33.4699],[18.7037,-33.4686],[18.6998,-33.4597]]]}},{"type":"Feature","properties":{"ward":12,"ward_id":"10105012","muni":"Swartland"},"geometry":{"type":"Polygon","coordinates":[[[18.9899,-33.3316],[18.9623,-33.3231],[18.9422,-33.3364],[18.9459,-33.3404],[18.9353,-33.3396],[18.9073,-33.3532],[18.9079,-33.3632],[18.8808,-33.3655],[18.888,-33.3736],[18.8706,-33.3824],[18.8436,-33.3646],[18.8219,-33.3804],[18.8183,-33.3713],[18.8075,-33.3831],[18.8098,-33.3901],[18.79,-33.4016],[18.7521,-33.4021],[18.7452,-33.3888],[18.7094,-33.3912],[18.7197,-33.4435],[18.725,-33.4399],[18.7342,-33.4494],[18.7472,-33.4476],[18.7472,-33.4577],[18.7528,-33.4496],[18.7675,-33.4478],[18.8153,-33.483],[18.8208,-33.4993],[18.8027,-33.4954],[18.7949,-33.5134],[18.7716,-33.5211],[18.7757,-33.5316],[18.7888,-33.5331],[18.7961,-33.5737],[18.8167,-33.598],[18.8363,-33.6044],[18.8383,-33.5897],[18.8474,-33.5874],[18.8443,-33.575],[18.8559,-33.5692],[18.8623,-33.5754],[18.8928,-33.5715],[18.8997,-33.5511],[18.9381,-33.546],[18.9314,-33.5251],[18.9399,-33.5214],[18.9398,-33.4994],[18.934,-33.4917],[18.938,-33.4701],[18.9542,-33.462],[18.9486,-33.4558],[18.9597,-33.4424],[18.9555,-33.4299],[18.97,-33.4299],[18.9673,-33.4215],[18.9825,-33.4067],[18.9781,-33.3996],[18.9925,-33.3941],[18.9887,-33.3889],[18.9931,-33.3822],[18.9847,-33.3791],[18.994,-33.3655],[18.9857,-33.3616],[18.9929,-33.3539],[18.9792,-33.3417],[18.9899,-33.3316]]]}},{"type":"Feature","properties":{"ward":1,"ward_id":"10203001","muni":"Drakenstein"},"geometry":{"type":"Polygon","coordinates":[[[18.9105,-33.6714],[18.8812,-33.6727],[18.8627,-33.6854],[18.8695,-33.6925],[18.8587,-33.6987],[18.8546,-33.7177],[18.8322,-33.699],[18.822,-33.7083],[18.8182,-33.7223],[18.833,-33.7382],[18.8095,-33.7408],[18.811,-33.7588],[18.7876,-33.7667],[18.8098,-33.7813],[18.7848,-33.8036],[18.7898,-33.8201],[18.8212,-33.8114],[18.8221,-33.7989],[18.8277,-33.7963],[18.8344,-33.8076],[18.8968,-33.7934],[18.8964,-33.7983],[18.9028,-33.7967],[18.8959,-33.8052],[18.8954,-33.8421],[18.8849,-33.8464],[18.9315,-33.8791],[18.965,-33.8627],[18.9632,-33.855],[18.9724,-33.8444],[18.982,-33.8529],[18.9935,-33.8494],[18.9567,-33.8105],[18.9735,-33.7795],[18.9652,-33.7741],[18.9544,-33.7831],[18.9377,-33.7696],[18.9374,-33.7629],[18.9275,-33.7558],[18.9242,-33.7623],[18.9079,-33.747],[18.9105,-33.6714]]]}},{"type":"Feature","properties":{"ward":5,"ward_id":"10203005","muni":"Drakenstein"},"geometry":{"type":"Polygon","coordinates":[[[18.99,-33.6703],[18.9853,-33.6612],[18.9863,-33.6707],[18.99,-33.6703]]]}},{"type":"Feature","properties":{"ward":20,"ward_id":"10203020","muni":"Drakenstein"},"geometry":{"type":"Polygon","coordinates":[[[18.9988,-33.7241],[18.9923,-33.727],[18.9903,-33.7321],[19.0024,-33.7293],[18.9988,-33.7241]]]}},{"type":"Feature","properties":{"ward":31,"ward_id":"10203031","muni":"Drakenstein"},"geometry":{"type":"Polygon","coordinates":[[[18.9834,-33.1886],[18.9565,-33.1865],[18.9318,-33.2014],[18.9471,-33.2024],[18.9434,-33.2086],[18.9571,-33.2218],[18.9564,-33.2336],[18.9474,-33.2395],[18.9507,-33.2475],[18.9457,-33.253],[18.9547,-33.2598],[18.9509,-33.2655],[18.9646,-33.2679],[18.975,-33.2781],[18.9732,-33.2886],[18.9812,-33.2924],[18.9795,-33.2968],[18.9974,-33.3077],[18.9958,-33.3137],[18.9784,-33.3184],[18.9804,-33.3287],[18.9899,-33.3316],[18.9792,-33.3417],[18.9929,-33.3539],[18.9857,-33.3616],[18.994,-33.3655],[18.9847,-33.3791],[18.9931,-33.3822],[18.9887,-33.3889],[18.9925,-33.3944],[18.9781,-33.3996],[18.9825,-33.4067],[18.9673,-33.4215],[18.97,-33.4299],[18.9555,-33.4299],[18.9597,-33.4424],[18.9486,-33.4565],[18.9607,-33.4613],[18.9803,-33.4944],[18.9743,-33.5326],[18.9764,-33.573],[18.9915,-33.5896],[18.9998,-33.59],[19.0058,-33.6305],[19.0243,-33.6261],[19.0347,-33.6323],[19.038,-33.6191],[19.0596,-33.6063],[19.0688,-33.6148],[19.0667,-33.602],[19.0786,-33.5923],[19.1065,-33.5901],[19.1076,-33.5442],[19.0995,-33.5299],[19.1113,-33.5092],[19.0863,-33.4311],[19.0867,-33.3326],[19.0837,-33.3187],[19.0617,-33.297],[19.0678,-33.2919],[19.0577,-33.2674],[19.0659,-33.2667],[19.063,-33.2313],[19.078,-33.2371],[19.0787,-33.2291],[19.0751,-33.213],[19.0052,-33.2194],[18.9838,-33.2028],[18.9834,-33.1886]]]}},{"type":"Feature","properties":{"ward":18,"ward_id":"10204018","muni":"Stellenbosch"},"geometry":{"type":"Polygon","coordinates":[[[18.8681,-33.8221],[18.8933,-33.8268],[18.8959,-33.8052],[18.9028,-33.7966],[18.8964,-33.7983],[18.8968,-33.7934],[18.8453,-33.8056],[18.8528,-33.8268],[18.8681,-33.8221]]]}},{"type":"Feature","properties":{"ward":20,"ward_id":"10204020","muni":"Stellenbosch"},"geometry":{"type":"Polygon","coordinates":[[[18.7834,-33.9232],[18.7536,-33.9261],[18.7398,-33.9359],[18.7283,-33.9693],[18.7454,-33.9874],[18.7377,-33.9893],[18.7518,-34.0053],[18.7419,-34.0135],[18.7444,-34.0248],[18.7662,-34.0437],[18.806,-34.054],[18.8092,-34.0634],[18.8148,-34.052],[18.805,-34.0513],[18.819,-34.0397],[18.8418,-34.0471],[18.8721,-34.0341],[18.8803,-34.0231],[18.8503,-33.9914],[18.832,-33.9915],[18.8095,-33.9713],[18.8203,-33.958],[18.7929,-33.9665],[18.8093,-33.9509],[18.8018,-33.9524],[18.7834,-33.9232]]]}},{"type":"Feature","properties":{"ward":1,"ward_id":"10206001","muni":"Langeberg"},"geometry":{"type":"Polygon","coordinates":[[[19.8895,-33.7919],[19.8672,-33.7963],[19.8729,-33.8049],[19.8916,-33.8037],[19.8895,-33.7919]]]}},{"type":"Feature","properties":{"ward":8,"ward_id":"10206008","muni":"Langeberg"},"geometry":{"type":"Polygon","coordinates":[[[20.0009,-33.8807],[19.972,-33.8637],[19.9516,-33.844],[19.9405,-33.8419],[19.9276,-33.8488],[19.938,-33.8819],[19.9387,-33.928],[19.9549,-33.9316],[19.902,-33.9532],[19.9267,-33.9778],[19.9249,-34.0092],[19.9371,-34.0018],[19.9449,-34.0052],[19.9302,-34.026],[19.9454,-34.0309],[19.928,-34.0468],[19.8536,-34.0633],[19.8855,-34.0662],[19.9062,-34.0762],[19.9865,-34.0782],[19.9893,-34.0855],[20.0075,-34.0939],[20.0085,-34.0639],[20.1417,-34.0592],[20.1517,-34.0446],[20.1724,-34.0398],[20.1778,-34.0298],[20.1961,-34.04],[20.1925,-34.0462],[20.2049,-34.0655],[20.2022,-34.0786],[20.1493,-34.0767],[20.1376,-34.0824],[20.1405,-34.0854],[20.1878,-34.0974],[20.1873,-34.102],[20.1974,-34.1005],[20.2031,-34.0884],[20.23,-34.0952],[20.2218,-34.1111],[20.2468,-34.1173],[20.2497,-34.1061],[20.2727,-34.1062],[20.2701,-34.0902],[20.2913,-34.0913],[20.3057,-34.0773],[20.2861,-34.0789],[20.2858,-34.065],[20.2989,-34.0603],[20.2792,-34.0396],[20.2908,-34.0419],[20.3071,-34.0294],[20.3071,-34.0056],[20.3241,-34.0018],[20.3178,-33.9937],[20.328,-33.9731],[20.2969,-33.964],[20.2584,-33.9417],[20.2225,-33.9128],[20.2344,-33.8978],[20.2146,-33.8831],[20.1867,-33.8679],[20.1807,-33.8805],[20.1443,-33.9107],[20.1137,-33.9057],[20.0978,-33.8929],[20.107,-33.9086],[20.1035,-33.9213],[20.0942,-33.9336],[20.0803,-33.9361],[20.0795,-33.9448],[20.0587,-33.9443],[20.0542,-33.9344],[20.0574,-33.9056],[20.0316,-33.8881],[20.0149,-33.8967],[20.0144,-33.8915],[19.9959,-33.8839],[20.0009,-33.8807]]]}},{"type":"Feature","properties":{"ward":9,"ward_id":"10206009","muni":"Langeberg"},"geometry":{"type":"Polygon","coordinates":[[[20.0953,-33.803],[20.0505,-33.7552],[19.9416,-33.7266],[19.9649,-33.7446],[19.9494,-33.7806],[19.9315,-33.7886],[19.9327,-33.799],[19.9231,-33.8144],[19.9684,-33.8189],[20.0108,-33.8394],[20.0591,-33.8374],[20.0829,-33.8303],[20.0918,-33.8212],[20.0953,-33.803]]]}},{"type":"Feature","properties":{"ward":1,"ward_id":"10301001","muni":"Theewaterskloof"},"geometry":{"type":"Polygon","coordinates":[[[19.735,-34.0412],[19.7001,-34.0464],[19.6807,-34.0091],[19.6408,-34.0028],[19.6289,-34.0346],[19.6383,-34.0528],[19.6271,-34.0731],[19.6749,-34.1024],[19.6748,-34.1146],[19.6532,-34.1206],[19.6317,-34.1113],[19.6292,-34.1179],[19.6,-34.1312],[19.5761,-34.1286],[19.5677,-34.1333],[19.5614,-34.1623],[19.5418,-34.1586],[19.5352,-34.1698],[19.5214,-34.1631],[19.5031,-34.172],[19.4956,-34.1907],[19.4548,-34.2067],[19.4349,-34.2228],[19.4657,-34.2165],[19.4763,-34.2412],[19.4594,-34.2458],[19.4857,-34.2537],[19.5091,-34.2754],[19.5375,-34.2766],[19.5592,-34.3056],[19.6258,-34.3226],[19.6376,-34.3404],[19.6575,-34.3173],[19.6691,-34.3211],[19.6722,-34.3273],[19.6642,-34.3443],[19.6679,-34.3577],[19.6746,-34.3606],[19.6914,-34.3495],[19.705,-34.3503],[19.7409,-34.3126],[19.7606,-34.3306],[19.7746,-34.3328],[19.7944,-34.3207],[19.7977,-34.2846],[19.8052,-34.2786],[19.8454,-34.2804],[19.8501,-34.2596],[19.8468,-34.262],[19.8375,-34.2602],[19.8502,-34.2588],[19.8561,-34.2336],[19.889,-34.2156],[19.8899,-34.207],[19.9009,-34.2147],[19.9059,-34.1936],[19.8914,-34.1925],[19.8932,-34.1748],[19.9281,-34.1716],[19.9313,-34.1625],[19.9325,-34.181],[19.9374,-34.1819],[19.9383,-34.1728],[19.9657,-34.1763],[19.9848,-34.1574],[19.9874,-34.1435],[19.9801,-34.1317],[20.0028,-34.1284],[19.9896,-34.1153],[19.9924,-34.1051],[20.0075,-34.0939],[19.9893,-34.0855],[19.9865,-34.0782],[19.9062,-34.0762],[19.8855,-34.0662],[19.7552,-34.0544],[19.735,-34.0412]]]}},{"type":"Feature","properties":{"ward":2,"ward_id":"10301002","muni":"Theewaterskloof"},"geometry":{"type":"Polygon","coordinates":[[[19.5333,-33.9695],[19.5069,-33.9717],[19.4558,-33.9999],[19.4005,-33.9854],[19.361,-34.0009],[19.3686,-34.0468],[19.3884,-34.0657],[19.4168,-34.0679],[19.4205,-34.0878],[19.4025,-34.1078],[19.3915,-34.1146],[19.3826,-34.111],[19.3561,-34.1308],[19.3495,-34.1221],[19.3238,-34.1286],[19.3286,-34.1337],[19.2962,-34.1377],[19.3054,-34.1583],[19.2704,-34.1889],[19.2703,-34.2052],[19.2804,-34.2229],[19.2956,-34.2249],[19.324,-34.2115],[19.3905,-34.2086],[19.4062,-34.2209],[19.4956,-34.1907],[19.5031,-34.172],[19.5214,-34.1631],[19.5352,-34.1698],[19.5418,-34.1586],[19.5614,-34.1623],[19.5677,-34.1333],[19.5761,-34.1286],[19.6,-34.1312],[19.6292,-34.1179],[19.6317,-34.1113],[19.6532,-34.1206],[19.6748,-34.1146],[19.6749,-34.1024],[19.6271,-34.0731],[19.6383,-34.0528],[19.6289,-34.0346],[19.6408,-34.0028],[19.5898,-34.0124],[19.5662,-34.002],[19.5333,-33.9695]]]}},{"type":"Feature","properties":{"ward":3,"ward_id":"10301003","muni":"Theewaterskloof"},"geometry":{"type":"Polygon","coordinates":[[[19.4358,-34.2562],[19.42,-34.2375],[19.4018,-34.2549],[19.4168,-34.2616],[19.4205,-34.2967],[19.4599,-34.2973],[19.4627,-34.3086],[19.4796,-34.3088],[19.4543,-34.3212],[19.4043,-34.3661],[19.403,-34.3756],[19.4951,-34.3998],[19.5245,-34.3903],[19.556,-34.3897],[19.5489,-34.3958],[19.5904,-34.3905],[19.5822,-34.4041],[19.6032,-34.406],[19.5831,-34.4297],[19.616,-34.4243],[19.6269,-34.4169],[19.6246,-34.4032],[19.6172,-34.3994],[19.6288,-34.3803],[19.6508,-34.3685],[19.6412,-34.3723],[19.6365,-34.3636],[19.6303,-34.3651],[19.6351,-34.3563],[19.6174,-34.3528],[19.6275,-34.3408],[19.6376,-34.3404],[19.6264,-34.323],[19.5552,-34.3037],[19.5379,-34.2768],[19.4988,-34.2708],[19.4775,-34.2493],[19.435,-34.2415],[19.4437,-34.2497],[19.4358,-34.2562]]]}},{"type":"Feature","properties":{"ward":6,"ward_id":"10301006","muni":"Theewaterskloof"},"geometry":{"type":"Polygon","coordinates":[[[19.2772,-33.9824],[19.2735,-33.985],[19.287,-33.995],[19.2886,-33.9929],[19.2772,-33.9824]]]}},{"type":"Feature","properties":{"ward":13,"ward_id":"10301013","muni":"Theewaterskloof"},"geometry":{"type":"Polygon","coordinates":[[[19.0083,-34.1631],[18.9955,-34.1559],[18.9913,-34.1644],[19.0083,-34.1631]]]}},{"type":"Feature","properties":{"ward":1,"ward_id":"10401001","muni":"Kannaland"},"geometry":{"type":"Polygon","coordinates":[[[21.2852,-33.4915],[21.2701,-33.4963],[21.2782,-33.5014],[21.2694,-33.5072],[21.2875,-33.516],[21.2944,-33.5053],[21.2826,-33.4982],[21.2852,-33.4915]]]}},{"type":"Feature","properties":{"ward":8,"ward_id":"10403008","muni":"Mossel Bay"},"geometry":{"type":"Polygon","coordinates":[[[22.1201,-34.1669],[22.1335,-34.1802],[22.1225,-34.1836],[22.1393,-34.1949],[22.1607,-34.1878],[22.1473,-34.175],[22.1487,-34.1811],[22.1456,-34.1761],[22.1405,-34.1795],[22.1201,-34.1669]]]}},{"type":"Feature","properties":{"ward":2,"ward_id":"10404002","muni":"George"},"geometry":{"type":"Polygon","coordinates":[[[22.4763,-33.9304],[22.4627,-33.9398],[22.4678,-33.9517],[22.4806,-33.945],[22.4763,-33.9304]]]}},{"type":"Feature","properties":{"ward":5,"ward_id":"10405005","muni":"Oudtshoorn"},"geometry":{"type":"Polygon","coordinates":[[[22.2319,-33.5976],[22.2205,-33.614],[22.232,-33.6221],[22.2371,-33.6187],[22.2289,-33.6063],[22.2319,-33.5976]]]}},{"type":"Feature","properties":{"ward":6,"ward_id":"10407006","muni":"Bitou"},"geometry":{"type":"Polygon","coordinates":[[[23.3252,-34.063],[23.3057,-34.0443],[23.3038,-34.0613],[23.3252,-34.063]]]}},{"type":"Feature","properties":{"ward":7,"ward_id":"10407007","muni":"Bitou"},"geometry":{"type":"Polygon","coordinates":[[[23.3087,-34.0816],[23.3037,-34.0522],[23.3118,-34.0375],[23.2639,-34.0219],[23.2519,-34.0072],[23.251,-34.001],[23.2826,-33.9976],[23.2824,-33.9773],[23.2107,-33.9629],[23.1845,-33.9814],[23.1687,-34.0063],[23.1785,-34.0457],[23.164,-34.0843],[23.1991,-34.0846],[23.2148,-34.0912],[23.2248,-34.0869],[23.3068,-34.1033],[23.345,-34.1005],[23.3584,-34.1065],[23.3733,-34.0996],[23.3521,-34.0868],[23.3087,-34.0816]]]}},{"type":"Feature","properties":{"ward":1,"ward_id":"10408001","muni":"Knysna"},"geometry":{"type":"Polygon","coordinates":[[[22.8001,-34.0157],[22.7851,-34.0094],[22.7238,-34.0039],[22.7389,-34.017],[22.7376,-34.0248],[22.796,-34.0311],[22.9493,-34.0767],[22.9373,-34.0585],[22.9434,-34.0508],[22.9268,-34.0471],[22.9389,-34.032],[22.9208,-34.0394],[22.8814,-34.0267],[22.8025,-34.0229],[22.8001,-34.0157]]]}},{"type":"Feature","properties":{"ward":2,"ward_id":"10408002","muni":"Knysna"},"geometry":{"type":"Polygon","coordinates":[[[22.9286,-33.8175],[22.8766,-33.816],[22.8515,-33.8299],[22.8003,-33.8412],[22.8006,-33.8729],[22.7716,-33.9034],[22.7785,-33.906],[22.774,-33.92],[22.7791,-33.9275],[22.7268,-33.9248],[22.72,-33.9742],[22.7098,-33.9741],[22.7044,-33.9969],[22.7508,-34.0091],[22.7909,-34.0107],[22.8025,-34.0229],[22.8239,-34.0265],[22.8303,-34.022],[22.8814,-34.0267],[22.9208,-34.0394],[22.9389,-34.032],[22.9359,-34.0035],[22.9233,-34.0015],[22.922,-33.993],[22.9279,-33.9927],[22.916,-33.9916],[22.92,-33.9884],[22.9119,-33.9834],[22.9115,-33.9737],[22.9211,-33.9717],[22.9169,-33.9542],[22.9288,-33.9257],[22.9216,-33.8839],[22.934,-33.8817],[22.935,-33.863],[22.9263,-33.8551],[22.9221,-33.837],[22.9286,-33.8175]]]}},{"type":"Feature","properties":{"ward":1,"ward_id":"10501001","muni":"Laingsburg"},"geometry":{"type":"Polygon","coordinates":[[[20.8429,-33.1896],[20.8511,-33.1811],[20.8371,-33.1839],[20.8367,-33.1759],[20.8273,-33.1741],[20.8293,-33.1659],[20.8196,-33.1602],[20.7988,-33.1927],[20.8521,-33.2539],[20.884,-33.2446],[20.8873,-33.2304],[20.9228,-33.2282],[20.9341,-33.2194],[20.8683,-33.2203],[20.8448,-33.1967],[20.8429,-33.1896]]]}},{"type":"Feature","properties":{"ward":3,"ward_id":"10501003","muni":"Laingsburg"},"geometry":{"type":"Polygon","coordinates":[[[21.0487,-33.1468],[20.9995,-33.0961],[20.9503,-33.1311],[20.9328,-33.1362],[20.8914,-33.1295],[20.8197,-33.1609],[20.8293,-33.1659],[20.8273,-33.1741],[20.8367,-33.1759],[20.8371,-33.1839],[20.8511,-33.1811],[20.8517,-33.1866],[20.8429,-33.1896],[20.8521,-33.2021],[20.8676,-33.1977],[20.8665,-33.1919],[20.8769,-33.197],[20.8862,-33.1905],[20.9236,-33.1892],[20.9842,-33.1762],[21.0409,-33.1607],[21.0487,-33.1468]]]}},{"type":"Feature","properties":{"ward":3,"ward_id":"10503003","muni":"Beaufort West"},"geometry":{"type":"Polygon","coordinates":[[[22.5744,-32.3661],[22.5461,-32.3726],[22.5368,-32.3824],[22.5663,-32.3808],[22.5744,-32.3661]]]}},{"type":"Feature","properties":{"ward":7,"ward_id":"10503007","muni":"Beaufort West"},"geometry":{"type":"Polygon","coordinates":[[[22.627,-31.8234],[22.5783,-31.8055],[22.6191,-31.7247],[22.5661,-31.7132],[22.5648,-31.6779],[22.4958,-31.6703],[22.3123,-31.5835],[22.2729,-31.5925],[22.2601,-31.6625],[22.2499,-31.6647],[22.2374,-31.703],[22.204,-31.764],[22.2063,-31.7922],[22.1599,-31.8097],[22.1769,-31.8207],[22.1666,-31.8931],[22.1315,-31.8843],[22.1159,-31.8626],[22.0789,-31.8549],[22.084,-31.8759],[22.1017,-31.9005],[22.1004,-31.9243],[22.0713,-31.9393],[22.0892,-31.9744],[22.095,-32.0011],[22.0741,-32.0179],[22.0936,-32.0459],[22.134,-32.0644],[22.1199,-32.077],[22.0896,-32.1464],[22.0696,-32.0814],[22.0164,-32.1143],[21.9995,-32.206],[21.9362,-32.2229],[21.9246,-32.262],[21.9074,-32.2528],[21.9017,-32.2709],[21.8742,-32.2766],[21.8551,-32.2755],[21.7806,-32.2509],[21.7703,-32.2384],[21.773,-32.2268],[21.7461,-32.2252],[21.7359,-32.205],[21.6916,-32.2486],[21.6738,-32.2433],[21.6446,-32.2087],[21.6065,-32.2097],[21.536,-32.2292],[21.549,-32.2908],[21.5618,-32.3147],[21.5504,-32.3269],[21.5191,-32.337],[21.4756,-32.3314],[21.4437,-32.3548],[21.4299,-32.3752],[21.4084,-32.3688],[21.3528,-32.3915],[21.3015,-32.3773],[21.303,-32.4024],[21.2815,-32.4397],[21.2695,-32.4503],[21.2311,-32.4631],[21.1883,-32.5031],[21.1878,-32.5101],[21.2267,-32.5218],[21.2505,-32.5479],[21.2896,-32.5577],[21.3005,-32.575],[21.2956,-32.5909],[21.325,-32.6142],[21.3522,-32.6577],[21.4266,-32.6671],[21.4249,-32.7059],[21.4321,-32.7567],[21.4798,-32.7866],[21.5247,-32.7591],[21.5771,-32.7595],[21.6912,-32.7144],[21.6828,-32.6844],[21.7178,-32.6416],[21.7484,-32.6376],[21.7604,-32.6584],[21.9144,-32.6193],[21.9459,-32.6098],[22.0334,-32.5549],[22.0366,-32.5997],[22.0719,-32.6427],[22.0431,-32.6724],[22.012,-32.7242],[22.0353,-32.7192],[22.0683,-32.6977],[22.1441,-32.6256],[22.2138,-32.585],[22.297,-32.5112],[22.5268,-32.3766],[22.5368,-32.3824],[22.579,-32.3481],[22.5683,-32.3365],[22.5799,-32.3249],[22.5748,-32.3158],[22.592,-32.3053],[22.5849,-32.2887],[22.6363,-32.2375],[22.5886,-32.2296],[22.5861,-32.238],[22.5633,-32.236],[22.5678,-32.2612],[22.5623,-32.2657],[22.5571,-32.2595],[22.5288,-32.2593],[22.5162,-32.2465],[22.5365,-32.2198],[22.5231,-32.199],[22.5127,-32.1562],[22.5398,-32.1884],[22.6036,-32.1736],[22.6498,-32.1963],[22.6682,-32.1932],[22.6794,-32.1817],[22.6696,-32.1761],[22.6832,-32.1621],[22.6469,-32.1559],[22.6212,-32.1694],[22.6361,-32.1499],[22.6401,-32.1185],[22.6807,-32.1242],[22.7057,-32.117],[22.7179,-32.0861],[22.7114,-32.0864],[22.7069,-32.0582],[22.7592,-32.055],[22.7576,-32.0596],[22.785,-32.0422],[22.7898,-32.024],[22.7988,-32.0177],[22.7904,-32.0139],[22.7948,-32.0],[22.7812,-31.9848],[22.8014,-31.9719],[22.7831,-31.9484],[22.7986,-31.9308],[22.7393,-31.9002],[22.7305,-31.8796],[22.7036,-31.8559],[22.7049,-31.8142],[22.6512,-31.8217],[22.6449,-31.8145],[22.6353,-31.8149],[22.627,-31.8234]]]}},{"type":"Feature","properties":{"ward":18,"ward_id":"19100018","muni":"City of Cape Town"},"geometry":{"type":"Polygon","coordinates":[[[18.6515,-34.016],[18.6411,-34.0112],[18.6446,-34.0058],[18.633,-34.0012],[18.6289,-34.0051],[18.6323,-34.0183],[18.6515,-34.016]]]}},{"type":"Feature","properties":{"ward":68,"ward_id":"19100068","muni":"City of Cape Town"},"geometry":{"type":"Polygon","coordinates":[[[18.4862,-34.0678],[18.4631,-34.0627],[18.4632,-34.0809],[18.4846,-34.075],[18.4862,-34.0678]]]}},{"type":"Feature","properties":{"ward":69,"ward_id":"19100069","muni":"City of Cape Town"},"geometry":{"type":"Polygon","coordinates":[[[18.3932,-34.0822],[18.3722,-34.0459],[18.3627,-34.0534],[18.3688,-34.0628],[18.3497,-34.0908],[18.357,-34.1104],[18.3447,-34.1314],[18.3496,-34.1417],[18.3706,-34.1355],[18.3697,-34.1435],[18.3881,-34.1517],[18.409,-34.1373],[18.4019,-34.1325],[18.4031,-34.1135],[18.4153,-34.1155],[18.4067,-34.1045],[18.4227,-34.0987],[18.3932,-34.0822]]]}},{"type":"Feature","properties":{"ward":78,"ward_id":"19100078","muni":"City of Cape Town"},"geometry":{"type":"Polygon","coordinates":[[[18.6172,-34.0465],[18.608,-34.0275],[18.5986,-34.0284],[18.6048,-34.0506],[18.6172,-34.0465]]]}},{"type":"Feature","properties":{"ward":77,"ward_id":"19100077","muni":"City of Cape Town"},"geometry":{"type":"Polygon","coordinates":[[[18.4142,-33.9137],[18.387,-33.9337],[18.4076,-33.9637],[18.3966,-33.9733],[18.403,-33.9835],[18.4404,-33.9546],[18.4413,-33.9387],[18.4343,-33.9362],[18.4404,-33.9319],[18.4224,-33.9298],[18.414,-33.9362],[18.4061,-33.9316],[18.4174,-33.9204],[18.4142,-33.9137]]]}},{"type":"Feature","properties":{"ward":81,"ward_id":"19100081","muni":"City of Cape Town"},"geometry":{"type":"Polygon","coordinates":[[[18.601,-34.0421],[18.5852,-34.0436],[18.5981,-34.0671],[18.6128,-34.062],[18.601,-34.0421]]]}},{"type":"Feature","properties":{"ward":86,"ward_id":"19100086","muni":"City of Cape Town"},"geometry":{"type":"Polygon","coordinates":[[[18.8651,-34.1107],[18.8547,-34.1221],[18.8612,-34.1265],[18.8763,-34.1174],[18.8651,-34.1107]]]}},{"type":"Feature","properties":{"ward":1,"ward_id":"10101001","muni":"Matzikama"},"geometry":{"type":"Polygon","coordinates":[[[18.4787,-31.5992],[18.4658,-31.5002],[18.4238,-31.4943],[18.389,-31.557],[18.3711,-31.5566],[18.2909,-31.5261],[18.2777,-31.5292],[18.2801,-31.5422],[18.2612,-31.5454],[18.2601,-31.5579],[18.2396,-31.5695],[18.3788,-31.6255],[18.3508,-31.6664],[18.3111,-31.6944],[18.3355,-31.71],[18.3484,-31.7094],[18.4495,-31.5877],[18.4787,-31.5992]]]}},{"type":"Feature","properties":{"ward":100,"ward_id":"19100100","muni":"City of Cape Town"},"geometry":{"type":"Polygon","coordinates":[[[18.9223,-34.135],[18.8763,-34.1174],[18.8612,-34.1265],[18.85,-34.1249],[18.8544,-34.1303],[18.8457,-34.1393],[18.868,-34.1606],[18.8197,-34.1853],[18.8186,-34.1942],[18.8337,-34.2117],[18.8303,-34.2171],[18.8531,-34.2387],[18.8559,-34.2528],[18.8459,-34.2696],[18.8654,-34.2641],[18.8802,-34.2482],[18.8753,-34.2294],[18.8929,-34.2343],[18.9004,-34.2275],[18.8994,-34.2169],[18.9282,-34.2067],[18.931,-34.1959],[18.9544,-34.1838],[18.9543,-34.1736],[18.9625,-34.1777],[18.9803,-34.155],[18.9295,-34.151],[18.9373,-34.1346],[18.9332,-34.1272],[18.9223,-34.135]]]}},{"type":"Feature","properties":{"ward":2,"ward_id":"10101002","muni":"Matzikama"},"geometry":{"type":"Polygon","coordinates":[[[18.2245,-31.5681],[18.212,-31.5747],[18.2293,-31.5911],[18.2279,-31.6052],[18.1972,-31.6109],[18.1942,-31.6167],[18.2052,-31.64],[18.1955,-31.6515],[18.1972,-31.6719],[18.1992,-31.6873],[18.2061,-31.6891],[18.2272,-31.7326],[18.221,-31.7605],[18.2328,-31.7951],[18.2289,-31.7999],[18.2353,-31.814],[18.2301,-31.817],[18.2563,-31.8513],[18.2507,-31.8379],[18.3044,-31.8429],[18.3386,-31.8185],[18.3793,-31.8037],[18.3847,-31.7963],[18.3688,-31.7597],[18.3772,-31.7491],[18.3832,-31.7553],[18.4238,-31.7284],[18.4746,-31.6785],[18.4993,-31.663],[18.515,-31.6687],[18.5168,-31.6604],[18.5057,-31.6551],[18.4606,-31.6475],[18.4428,-31.6216],[18.4191,-31.6246],[18.3484,-31.7094],[18.3355,-31.71],[18.3111,-31.6944],[18.3508,-31.6664],[18.3788,-31.6255],[18.2245,-31.5681]]]}},{"type":"Feature","properties":{"ward":3,"ward_id":"10101003","muni":"Matzikama"},"geometry":{"type":"Polygon","coordinates":[[[18.5892,-31.5163],[18.5894,-31.4582],[18.4658,-31.5002],[18.4787,-31.5992],[18.4495,-31.5877],[18.4168,-31.6254],[18.4428,-31.6216],[18.4634,-31.6493],[18.51,-31.6572],[18.5087,-31.6373],[18.5351,-31.641],[18.5545,-31.628],[18.555,-31.6134],[18.5497,-31.6091],[18.5532,-31.5958],[18.5892,-31.5163]]]}},{"type":"Feature","properties":{"ward":23,"ward_id":"19100023","muni":"City of Cape Town"},"geometry":{"type":"Polygon","coordinates":[[[18.5102,-33.7213],[18.5064,-33.6705],[18.4979,-33.6582],[18.4776,-33.6656],[18.4383,-33.6939],[18.4442,-33.72],[18.4355,-33.736],[18.446,-33.772],[18.4575,-33.8002],[18.4677,-33.8092],[18.4776,-33.795],[18.4838,-33.8061],[18.535,-33.7977],[18.5473,-33.8094],[18.5435,-33.7154],[18.5479,-33.6963],[18.5298,-33.7047],[18.5159,-33.7226],[18.5102,-33.7213]]]}},{"type":"Feature","properties":{"ward":54,"ward_id":"19100054","muni":"City of Cape Town"},"geometry":{"type":"MultiPolygon","coordinates":[[[[18.4196,-33.9059],[18.4081,-33.899],[18.3985,-33.9006],[18.3773,-33.9221],[18.3777,-33.9375],[18.3716,-33.9421],[18.3788,-33.9493],[18.3712,-33.9736],[18.3486,-33.9869],[18.3423,-34.0028],[18.3609,-33.999],[18.3732,-34.0042],[18.3778,-33.9986],[18.4065,-34.0098],[18.405,-33.9955],[18.4144,-33.9903],[18.3966,-33.9733],[18.4076,-33.9637],[18.387,-33.9337],[18.404,-33.9177],[18.3962,-33.909],[18.415,-33.9102],[18.4196,-33.9059]]],[[[18.3788,-33.7974],[18.3623,-33.7903],[18.3567,-33.8018],[18.3607,-33.8144],[18.3708,-33.8202],[18.3829,-33.8124],[18.3755,-33.8017],[18.3788,-33.7974]]]]}},{"type":"Feature","properties":{"ward":59,"ward_id":"19100059","muni":"City of Cape Town"},"geometry":{"type":"Polygon","coordinates":[[[18.4834,-33.9516],[18.4715,-33.9559],[18.4511,-33.9505],[18.4434,-33.9588],[18.4573,-33.9662],[18.4477,-33.9752],[18.4556,-33.9941],[18.4688,-34.0023],[18.4675,-33.9818],[18.4814,-33.9658],[18.4763,-33.9636],[18.4834,-33.9516]]]}},{"type":"Feature","properties":{"ward":71,"ward_id":"19100071","muni":"City of Cape Town"},"geometry":{"type":"Polygon","coordinates":[[[18.3987,-34.0157],[18.3836,-34.0248],[18.3825,-34.039],[18.3722,-34.0459],[18.3758,-34.0579],[18.3932,-34.0822],[18.4227,-34.0987],[18.4059,-34.1059],[18.4153,-34.1155],[18.4237,-34.1086],[18.4466,-34.1258],[18.4653,-34.1101],[18.4582,-34.1054],[18.4639,-34.0958],[18.4498,-34.0872],[18.4628,-34.0844],[18.4622,-34.0601],[18.4561,-34.0624],[18.4467,-34.054],[18.4438,-34.0425],[18.4337,-34.0374],[18.437,-34.0323],[18.4172,-34.0377],[18.3987,-34.0157]]]}},{"type":"Feature","properties":{"ward":74,"ward_id":"19100074","muni":"City of Cape Town"},"geometry":{"type":"Polygon","coordinates":[[[18.3812,-34.0008],[18.3392,-34.0044],[18.3322,-34.0232],[18.3108,-34.0277],[18.3175,-34.0302],[18.3072,-34.0397],[18.3399,-34.0615],[18.3493,-34.0464],[18.3589,-34.0464],[18.3628,-34.0533],[18.3825,-34.039],[18.3836,-34.0248],[18.3987,-34.0157],[18.4031,-34.0198],[18.4057,-34.0137],[18.3812,-34.0008]]]}},{"type":"Feature","properties":{"ward":2,"ward_id":"10302002","muni":"Overstrand"},"geometry":{"type":"Polygon","coordinates":[[[19.3668,-34.5957],[19.3835,-34.5727],[19.3573,-34.5717],[19.368,-34.5585],[19.3523,-34.5763],[19.3512,-34.5883],[19.3668,-34.5957]]]}},{"type":"Feature","properties":{"ward":3,"ward_id":"10302003","muni":"Overstrand"},"geometry":{"type":"Polygon","coordinates":[[[19.3232,-34.4024],[19.3225,-34.3743],[19.3006,-34.3753],[19.2934,-34.3671],[19.2713,-34.3724],[19.2589,-34.3871],[19.2596,-34.396],[19.2361,-34.4044],[19.2392,-34.4101],[19.2275,-34.4188],[19.2429,-34.4236],[19.2676,-34.4089],[19.2976,-34.4204],[19.3197,-34.4126],[19.3164,-34.4021],[19.3232,-34.4024]]]}},{"type":"Feature","properties":{"ward":4,"ward_id":"10302004","muni":"Overstrand"},"geometry":{"type":"Polygon","coordinates":[[[19.303,-34.3286],[19.2579,-34.3163],[19.2068,-34.3264],[19.193,-34.3417],[19.1808,-34.3723],[19.1909,-34.3825],[19.1604,-34.3972],[19.204,-34.4042],[19.2112,-34.4112],[19.2083,-34.4193],[19.2209,-34.4252],[19.2164,-34.4381],[19.2257,-34.4357],[19.2365,-34.4229],[19.2275,-34.4188],[19.2392,-34.4101],[19.2361,-34.4044],[19.2596,-34.396],[19.2589,-34.3871],[19.2713,-34.3724],[19.2934,-34.3671],[19.3052,-34.356],[19.2975,-34.3458],[19.3066,-34.3398],[19.303,-34.3286]]]}},{"type":"Feature","properties":{"ward":5,"ward_id":"10302005","muni":"Overstrand"},"geometry":{"type":"Polygon","coordinates":[[[19.2209,-34.4252],[19.213,-34.4259],[19.2131,-34.429],[19.2194,-34.4302],[19.2209,-34.4252]]]}},{"type":"Feature","properties":{"ward":8,"ward_id":"10302008","muni":"Overstrand"},"geometry":{"type":"Polygon","coordinates":[[[19.1536,-34.2687],[19.1301,-34.2431],[19.081,-34.2593],[19.0829,-34.2699],[19.0683,-34.2738],[19.082,-34.2874],[19.0797,-34.2953],[19.0601,-34.2897],[19.0727,-34.3182],[19.0695,-34.3517],[19.1219,-34.3908],[19.1206,-34.4159],[19.1429,-34.4238],[19.1476,-34.4055],[19.1649,-34.4071],[19.1593,-34.3946],[19.1909,-34.3825],[19.1808,-34.3723],[19.193,-34.3417],[19.2068,-34.3264],[19.2135,-34.3267],[19.2109,-34.2936],[19.207,-34.2967],[19.1703,-34.268],[19.1572,-34.2638],[19.1536,-34.2687]]]}},{"type":"Feature","properties":{"ward":9,"ward_id":"10302009","muni":"Overstrand"},"geometry":{"type":"Polygon","coordinates":[[[19.0683,-34.2738],[19.0829,-34.2699],[19.081,-34.2593],[19.0391,-34.2742],[19.0086,-34.2761],[18.9968,-34.2704],[18.9913,-34.2764],[18.9943,-34.2839],[18.94,-34.2954],[18.948,-34.31],[18.982,-34.3287],[18.991,-34.3261],[18.993,-34.3128],[19.0082,-34.3141],[19.0099,-34.3319],[19.0203,-34.3291],[19.0215,-34.3351],[18.9977,-34.3374],[18.9954,-34.3446],[19.0349,-34.3465],[19.0424,-34.3411],[19.0695,-34.3517],[19.0727,-34.3182],[19.0601,-34.2897],[19.0797,-34.2953],[19.082,-34.2874],[19.0683,-34.2738]]]}},{"type":"Feature","properties":{"ward":10,"ward_id":"10302010","muni":"Overstrand"},"geometry":{"type":"Polygon","coordinates":[[[18.9552,-34.2119],[18.9307,-34.2035],[18.8994,-34.2169],[18.9004,-34.2275],[18.8929,-34.2343],[18.8753,-34.2294],[18.8802,-34.2482],[18.8654,-34.2641],[18.8305,-34.2744],[18.82,-34.2912],[18.8227,-34.299],[18.8129,-34.2961],[18.8106,-34.3092],[18.8191,-34.3112],[18.8203,-34.3311],[18.8318,-34.3389],[18.829,-34.3456],[18.8095,-34.3487],[18.8178,-34.3573],[18.819,-34.3731],[18.8271,-34.3758],[18.8218,-34.3811],[18.826,-34.388],[18.8361,-34.3881],[18.832,-34.3804],[18.8433,-34.378],[18.8551,-34.3836],[18.855,-34.3912],[18.8619,-34.389],[18.8588,-34.3747],[18.8744,-34.3691],[18.8929,-34.376],[18.9113,-34.3577],[18.9672,-34.3626],[18.9937,-34.3466],[18.9948,-34.3386],[19.0215,-34.3351],[19.0203,-34.3291],[19.0099,-34.3319],[19.0082,-34.3141],[18.993,-34.3128],[18.991,-34.3261],[18.9847,-34.3293],[18.9435,-34.3061],[18.9404,-34.2914],[18.9943,-34.2839],[18.9913,-34.2764],[18.9968,-34.2704],[19.0117,-34.2742],[18.98,-34.254],[18.9477,-34.2454],[18.9456,-34.2281],[18.9552,-34.2119]]]}},{"type":"Feature","properties":{"ward":11,"ward_id":"10302011","muni":"Overstrand"},"geometry":{"type":"MultiPolygon","coordinates":[[[[19.4181,-34.6867],[19.4149,-34.6892],[19.4099,-34.6882],[19.4153,-34.69],[19.4181,-34.6867]]],[[[19.4234,-34.6802],[19.4182,-34.6804],[19.4113,-34.6852],[19.4234,-34.6802]]],[[[19.6669,-34.4209],[19.6269,-34.4169],[19.616,-34.4243],[19.5831,-34.4297],[19.576,-34.4379],[19.574,-34.4329],[19.5541,-34.4374],[19.5396,-34.4297],[19.5143,-34.4902],[19.4679,-34.4928],[19.4681,-34.504],[19.431,-34.4933],[19.423,-34.5248],[19.3928,-34.5516],[19.3778,-34.5472],[19.3573,-34.5717],[19.3835,-34.5727],[19.3594,-34.605],[19.3607,-34.6152],[19.3847,-34.6151],[19.4038,-34.6062],[19.4204,-34.6113],[19.4387,-34.631],[19.4503,-34.6556],[19.4755,-34.6657],[19.4886,-34.6636],[19.497,-34.6676],[19.4947,-34.6721],[19.5158,-34.6697],[19.5275,-34.6755],[19.5301,-34.6897],[19.5415,-34.6918],[19.5501,-34.7122],[19.5755,-34.7211],[19.569,-34.7255],[19.5732,-34.7283],[19.5916,-34.7258],[19.5993,-34.7386],[19.5961,-34.7468],[19.6037,-34.7464],[19.6003,-34.7508],[19.611,-34.7574],[19.6312,-34.7544],[19.642,-34.7733],[19.6347,-34.781],[19.6644,-34.7842],[19.6614,-34.7859],[19.6628,-34.7884],[19.6778,-34.7831],[19.6724,-34.777],[19.6852,-34.7652],[19.7247,-34.7672],[19.74,-34.7124],[19.7145,-34.6878],[19.7202,-34.6442],[19.7102,-34.6303],[19.7197,-34.5998],[19.7095,-34.5963],[19.6882,-34.5622],[19.7028,-34.5381],[19.6867,-34.5164],[19.7133,-34.4686],[19.6987,-34.4663],[19.6947,-34.4601],[19.7027,-34.4436],[19.6959,-34.4322],[19.6747,-34.4308],[19.6669,-34.4209]]]]}},{"type":"Feature","properties":{"ward":12,"ward_id":"10302012","muni":"Overstrand"},"geometry":{"type":"Polygon","coordinates":[[[19.2193,-34.4242],[19.2083,-34.4193],[19.2065,-34.4241],[19.2147,-34.4264],[19.2193,-34.4242]]]}},{"type":"Feature","properties":{"ward":13,"ward_id":"10302013","muni":"Overstrand"},"geometry":{"type":"Polygon","coordinates":[[[19.2043,-34.407],[19.1861,-34.3978],[19.1608,-34.3976],[19.1649,-34.4071],[19.1476,-34.4055],[19.1447,-34.4228],[19.1702,-34.416],[19.1794,-34.42],[19.1768,-34.4145],[19.2043,-34.407]]]}},{"type":"Feature","properties":{"ward":1,"ward_id":"10303001","muni":"Cape Agulhas"},"geometry":{"type":"Polygon","coordinates":[[[19.7993,-34.3669],[19.7902,-34.341],[19.7606,-34.3306],[19.7409,-34.3126],[19.705,-34.3503],[19.6914,-34.3495],[19.6746,-34.3606],[19.6679,-34.3577],[19.6642,-34.3443],[19.6722,-34.3273],[19.6575,-34.3173],[19.6424,-34.3395],[19.6275,-34.3408],[19.6174,-34.3528],[19.6351,-34.3563],[19.6303,-34.3651],[19.6365,-34.3636],[19.6412,-34.3723],[19.6508,-34.3685],[19.6288,-34.3803],[19.6172,-34.3994],[19.6246,-34.4032],[19.6269,-34.4169],[19.6637,-34.4167],[19.6747,-34.4308],[19.6959,-34.4322],[19.7027,-34.4436],[19.6947,-34.4601],[19.6987,-34.4663],[19.7133,-34.4686],[19.6867,-34.5164],[19.7028,-34.5381],[19.6882,-34.5622],[19.6933,-34.5749],[19.7345,-34.5831],[19.7232,-34.5934],[19.7439,-34.603],[19.7409,-34.6066],[19.762,-34.6237],[19.8025,-34.5885],[19.7989,-34.5775],[19.7822,-34.5675],[19.7844,-34.5626],[19.8103,-34.5582],[19.8363,-34.5363],[19.8695,-34.5456],[19.8702,-34.5408],[19.8931,-34.5439],[19.9006,-34.5531],[19.9125,-34.5434],[19.92,-34.5452],[19.9331,-34.5267],[19.9029,-34.5256],[19.9199,-34.4992],[19.9237,-34.4549],[19.9003,-34.4515],[19.8906,-34.4594],[19.8853,-34.449],[19.8916,-34.4336],[19.8669,-34.4358],[19.8434,-34.4543],[19.8378,-34.4363],[19.8121,-34.4165],[19.8006,-34.4338],[19.8085,-34.4379],[19.8018,-34.4458],[19.7925,-34.4391],[19.7935,-34.4304],[19.7805,-34.4199],[19.7857,-34.3942],[19.7909,-34.3923],[19.7908,-34.3745],[19.7993,-34.3669]]]}},{"type":"Feature","properties":{"ward":2,"ward_id":"10303002","muni":"Cape Agulhas"},"geometry":{"type":"Polygon","coordinates":[[[20.0635,-34.217],[20.0324,-34.2036],[20.011,-34.2206],[19.9778,-34.2132],[19.94,-34.2396],[19.9177,-34.2383],[19.8804,-34.2201],[19.8561,-34.2336],[19.8502,-34.2588],[19.8375,-34.2602],[19.8501,-34.2596],[19.8454,-34.2804],[19.8052,-34.2786],[19.7977,-34.2846],[19.7944,-34.3207],[19.7746,-34.3328],[19.7902,-34.341],[19.7903,-34.3572],[19.7993,-34.3669],[19.7908,-34.3745],[19.7909,-34.3923],[19.7857,-34.3942],[19.7805,-34.4199],[19.7935,-34.4304],[19.7968,-34.4443],[19.8085,-34.4379],[19.8006,-34.4338],[19.8121,-34.4165],[19.8378,-34.4363],[19.8434,-34.4543],[19.8669,-34.4358],[19.8916,-34.4336],[19.8853,-34.449],[19.8906,-34.4594],[19.9003,-34.4515],[19.9237,-34.4549],[19.9199,-34.4992],[19.9029,-34.5256],[19.9331,-34.5267],[19.9895,-34.547],[19.9985,-34.5423],[20.0116,-34.5585],[20.0574,-34.5527],[20.0657,-34.5407],[20.0501,-34.5264],[20.0439,-34.5328],[20.0514,-34.5402],[20.044,-34.5461],[20.0214,-34.5355],[20.0242,-34.5283],[20.0395,-34.5268],[20.0452,-34.5192],[20.038,-34.5064],[20.0209,-34.5067],[20.0135,-34.4395],[19.9998,-34.4161],[20.0127,-34.3876],[20.0115,-34.3602],[20.0288,-34.3313],[20.0265,-34.3125],[20.0415,-34.3149],[20.0566,-34.3042],[20.0385,-34.2573],[20.0655,-34.2412],[20.0635,-34.217]]]}},{"type":"Feature","properties":{"ward":10,"ward_id":"10404010","muni":"George"},"geometry":{"type":"Polygon","coordinates":[[[22.5025,-34.0115],[22.4925,-34.0064],[22.4896,-34.0109],[22.5025,-34.0115]]]}},{"type":"Feature","properties":{"ward":11,"ward_id":"10404011","muni":"George"},"geometry":{"type":"Polygon","coordinates":[[[22.5252,-33.995],[22.4953,-33.9778],[22.4871,-33.9823],[22.4946,-33.9909],[22.4964,-34.0076],[22.5083,-34.0112],[22.5443,-34.0131],[22.5479,-34.0039],[22.5628,-33.9964],[22.5607,-33.9909],[22.5432,-33.9868],[22.5252,-33.995]]]}},{"type":"Feature","properties":{"ward":24,"ward_id":"10404024","muni":"George"},"geometry":{"type":"Polygon","coordinates":[[[23.5022,-33.5808],[23.4584,-33.5851],[23.4637,-33.6108],[23.3694,-33.6412],[23.3543,-33.639],[23.2863,-33.6564],[23.2639,-33.6532],[23.2223,-33.668],[23.1971,-33.6621],[23.1791,-33.6706],[23.1159,-33.6653],[23.1106,-33.6684],[23.1211,-33.6839],[23.1004,-33.678],[23.0989,-33.6679],[23.1076,-33.6634],[23.109,-33.6379],[23.0661,-33.6708],[23.0254,-33.6622],[23.0007,-33.672],[22.9988,-33.666],[22.9792,-33.6579],[22.9779,-33.6513],[22.9615,-33.6533],[22.9485,-33.6404],[22.9465,-33.6259],[22.927,-33.6227],[22.8473,-33.6508],[22.7813,-33.6467],[22.7959,-33.6693],[22.7879,-33.6816],[22.8214,-33.7162],[22.8083,-33.7237],[22.8203,-33.7327],[22.8258,-33.7617],[22.7608,-33.7733],[22.7171,-33.7734],[22.7263,-33.7928],[22.7513,-33.803],[22.7564,-33.8183],[22.6821,-33.8176],[22.5758,-33.8501],[22.5892,-33.8628],[22.586,-33.8783],[22.6032,-33.899],[22.6082,-33.9229],[22.619,-33.9355],[22.6125,-33.9466],[22.623,-33.9441],[22.624,-33.9615],[22.6547,-33.9763],[22.6828,-33.9746],[22.6797,-33.9832],[22.7085,-33.988],[22.7098,-33.9741],[22.72,-33.9742],[22.7268,-33.9248],[22.7791,-33.9275],[22.774,-33.92],[22.7785,-33.906],[22.7716,-33.9034],[22.8006,-33.8729],[22.8003,-33.8412],[22.8515,-33.8299],[22.8766,-33.816],[22.9742,-33.8144],[23.0355,-33.794],[23.03,-33.8068],[23.0765,-33.8086],[23.1837,-33.8622],[23.229,-33.8783],[23.2794,-33.8771],[23.2888,-33.8658],[23.2839,-33.8438],[23.3344,-33.8566],[23.3255,-33.7991],[23.3946,-33.7931],[23.4301,-33.7618],[23.4399,-33.7174],[23.4754,-33.7177],[23.5413,-33.6995],[23.5417,-33.683],[23.5555,-33.673],[23.5565,-33.6515],[23.5859,-33.6728],[23.6704,-33.6726],[23.675,-33.6259],[23.6199,-33.5915],[23.5022,-33.5808]]]}},{"type":"Feature","properties":{"ward":25,"ward_id":"10404025","muni":"George"},"geometry":{"type":"Polygon","coordinates":[[[23.2971,-33.3886],[23.1348,-33.3876],[23.1129,-33.4008],[23.0664,-33.4002],[22.9348,-33.4291],[22.7744,-33.4197],[22.7544,-33.4439],[22.7285,-33.4542],[22.7599,-33.5307],[22.7161,-33.5317],[22.7232,-33.5734],[22.7557,-33.6407],[22.6893,-33.6471],[22.6593,-33.6438],[22.6263,-33.6224],[22.5887,-33.6367],[22.5252,-33.6402],[22.5004,-33.6491],[22.5014,-33.6389],[22.4556,-33.647],[22.4308,-33.6657],[22.3718,-33.6594],[22.3659,-33.6849],[22.3453,-33.7253],[22.2849,-33.7053],[22.2959,-33.7403],[22.2871,-33.7446],[22.2886,-33.7533],[22.3193,-33.7319],[22.3262,-33.7341],[22.3212,-33.741],[22.3688,-33.7928],[22.3325,-33.8185],[22.3485,-33.8272],[22.3667,-33.8342],[22.4087,-33.8359],[22.4086,-33.8164],[22.4769,-33.8114],[22.474,-33.8398],[22.4945,-33.8554],[22.5476,-33.8546],[22.6821,-33.8176],[22.7564,-33.8183],[22.7513,-33.803],[22.7263,-33.7928],[22.7171,-33.7734],[22.822,-33.7653],[22.829,-33.7574],[22.8244,-33.7432],[22.8083,-33.7237],[22.8214,-33.7162],[22.7879,-33.6816],[22.7959,-33.6693],[22.7813,-33.6467],[22.8473,-33.6508],[22.927,-33.6227],[22.9465,-33.6259],[22.9485,-33.6404],[22.9615,-33.6533],[22.9779,-33.6513],[22.9792,-33.6579],[22.9988,-33.666],[23.0007,-33.672],[23.0254,-33.6622],[23.0661,-33.6708],[23.109,-33.6379],[23.1076,-33.6634],[23.0989,-33.6679],[23.1004,-33.678],[23.1211,-33.6839],[23.1106,-33.6684],[23.1159,-33.6653],[23.1791,-33.6706],[23.1971,-33.6621],[23.2223,-33.668],[23.2639,-33.6532],[23.2863,-33.6564],[23.3543,-33.639],[23.3694,-33.6412],[23.4637,-33.6108],[23.4584,-33.5851],[23.5436,-33.5817],[23.6199,-33.5915],[23.6168,-33.5696],[23.5962,-33.5725],[23.604,-33.4964],[23.5142,-33.4627],[23.4956,-33.4434],[23.4676,-33.4481],[23.3549,-33.4412],[23.3641,-33.4618],[23.2971,-33.3886]]]}},{"type":"Feature","properties":{"ward":3,"ward_id":"10303003","muni":"Cape Agulhas"},"geometry":{"type":"Polygon","coordinates":[[[20.0764,-34.5221],[20.0683,-34.5151],[20.0501,-34.5264],[20.0619,-34.5305],[20.0764,-34.5221]]]}},{"type":"Feature","properties":{"ward":6,"ward_id":"10405006","muni":"Oudtshoorn"},"geometry":{"type":"Polygon","coordinates":[[[22.2328,-33.5999],[22.2667,-33.5851],[22.2308,-33.5695],[22.2272,-33.5936],[22.2328,-33.5999]]]}},{"type":"Feature","properties":{"ward":1,"ward_id":"10104001","muni":"Saldanha Bay"},"geometry":{"type":"Polygon","coordinates":[[[17.9239,-32.9865],[17.8893,-32.9889],[17.903,-33.0005],[17.9011,-33.0109],[17.9249,-33.004],[17.9246,-33.0095],[17.9315,-33.0099],[17.9309,-32.9911],[17.9239,-32.9865]]]}},{"type":"Feature","properties":{"ward":9,"ward_id":"10104009","muni":"Saldanha Bay"},"geometry":{"type":"Polygon","coordinates":[[[18.0289,-32.9154],[18.0163,-32.9205],[18.0432,-32.9296],[18.0443,-32.9217],[18.0289,-32.9154]]]}},{"type":"Feature","properties":{"ward":10,"ward_id":"10405010","muni":"Oudtshoorn"},"geometry":{"type":"Polygon","coordinates":[[[22.4498,-33.5659],[22.4254,-33.5663],[22.4265,-33.5734],[22.432,-33.582],[22.4497,-33.5812],[22.4498,-33.5659]]]}},{"type":"Feature","properties":{"ward":11,"ward_id":"10405011","muni":"Oudtshoorn"},"geometry":{"type":"Polygon","coordinates":[[[22.3913,-33.3641],[22.214,-33.315],[22.1453,-33.3354],[22.0465,-33.3521],[22.0645,-33.3634],[22.0859,-33.3611],[22.1072,-33.3672],[22.1138,-33.3813],[22.1082,-33.3905],[22.1195,-33.3964],[22.1212,-33.4102],[22.1395,-33.4066],[22.1714,-33.4157],[22.1881,-33.4631],[22.2091,-33.4776],[22.2551,-33.4452],[22.3088,-33.4569],[22.2453,-33.5029],[22.2741,-33.537],[22.3375,-33.513],[22.3658,-33.5254],[22.3963,-33.4791],[22.4428,-33.5229],[22.4445,-33.5453],[22.4726,-33.5302],[22.4416,-33.5673],[22.5096,-33.5543],[22.5082,-33.59],[22.5424,-33.6193],[22.5252,-33.6402],[22.5887,-33.6367],[22.6263,-33.6224],[22.6593,-33.6438],[22.6893,-33.6471],[22.7557,-33.6407],[22.7232,-33.5734],[22.7161,-33.5317],[22.7599,-33.5307],[22.7285,-33.4542],[22.7544,-33.4439],[22.7744,-33.4197],[22.6643,-33.4157],[22.5818,-33.4047],[22.5157,-33.4097],[22.4647,-33.4045],[22.3913,-33.3641]]]}},{"type":"Feature","properties":{"ward":12,"ward_id":"10405012","muni":"Oudtshoorn"},"geometry":{"type":"Polygon","coordinates":[[[22.5252,-33.6402],[22.5424,-33.6193],[22.5082,-33.59],[22.5096,-33.5543],[22.4498,-33.5659],[22.4497,-33.5812],[22.4238,-33.586],[22.4166,-33.5859],[22.4229,-33.577],[22.4183,-33.5655],[22.3949,-33.5628],[22.3871,-33.5743],[22.3873,-33.5941],[22.3423,-33.5974],[22.3307,-33.6034],[22.3201,-33.5787],[22.2636,-33.5881],[22.2482,-33.5963],[22.2481,-33.6068],[22.2366,-33.6117],[22.2289,-33.6063],[22.2371,-33.6187],[22.232,-33.6221],[22.2205,-33.614],[22.2247,-33.6076],[22.1854,-33.616],[22.1754,-33.6048],[22.1591,-33.6268],[22.1627,-33.647],[22.1537,-33.6749],[22.1361,-33.6653],[22.0957,-33.686],[22.095,-33.7019],[22.0512,-33.7031],[22.0488,-33.6953],[22.0579,-33.6789],[22.0749,-33.6704],[22.0573,-33.6572],[22.0383,-33.6568],[22.0253,-33.6668],[22.0156,-33.6563],[22.0495,-33.6146],[22.0881,-33.603],[22.0096,-33.5961],[21.9736,-33.5806],[21.9273,-33.5792],[21.9392,-33.6218],[21.92,-33.627],[21.935,-33.6677],[21.905,-33.6796],[21.8809,-33.6673],[21.89,-33.7128],[21.8375,-33.7373],[21.7228,-33.7053],[21.7155,-33.6816],[21.6774,-33.7237],[21.6574,-33.762],[21.6658,-33.7661],[21.6888,-33.7598],[21.6952,-33.7501],[21.6905,-33.7319],[21.7062,-33.7285],[21.7184,-33.735],[21.7224,-33.7512],[21.7486,-33.7637],[21.731,-33.7895],[21.7451,-33.7991],[21.7439,-33.8069],[21.7559,-33.8212],[21.741,-33.8274],[21.7356,-33.8203],[21.7151,-33.8237],[21.7037,-33.819],[21.7127,-33.835],[21.7026,-33.8421],[21.7004,-33.8528],[21.8644,-33.8554],[21.9328,-33.8654],[21.9853,-33.8662],[22.017,-33.8594],[22.0427,-33.8839],[22.0636,-33.883],[22.0751,-33.8496],[22.1237,-33.8464],[22.1342,-33.8696],[22.1709,-33.8691],[22.2139,-33.8881],[22.2338,-33.8882],[22.1935,-33.8514],[22.2754,-33.8514],[22.2891,-33.858],[22.3207,-33.8275],[22.3401,-33.8229],[22.3325,-33.8185],[22.3688,-33.7928],[22.3212,-33.741],[22.3262,-33.7341],[22.3193,-33.7319],[22.2886,-33.7533],[22.2871,-33.7446],[22.2959,-33.7403],[22.2849,-33.7053],[22.3453,-33.7253],[22.3659,-33.6849],[22.3718,-33.6594],[22.4308,-33.6657],[22.4556,-33.647],[22.5014,-33.6389],[22.5004,-33.6491],[22.5252,-33.6402]]]}},{"type":"Feature","properties":{"ward":7,"ward_id":"10203007","muni":"Drakenstein"},"geometry":{"type":"Polygon","coordinates":[[[19.0026,-33.6567],[18.9893,-33.661],[18.9899,-33.6699],[18.9945,-33.6718],[18.9934,-33.6646],[19.0026,-33.6567]]]}},{"type":"Feature","properties":{"ward":8,"ward_id":"10203008","muni":"Drakenstein"},"geometry":{"type":"Polygon","coordinates":[[[18.9916,-33.6713],[18.9854,-33.671],[18.9993,-33.6744],[18.9916,-33.6713]]]}},{"type":"Feature","properties":{"ward":9,"ward_id":"10203009","muni":"Drakenstein"},"geometry":{"type":"Polygon","coordinates":[[[18.992,-33.6732],[18.9952,-33.6778],[18.9869,-33.6902],[18.9941,-33.6876],[18.9993,-33.6744],[18.992,-33.6732]]]}},{"type":"Feature","properties":{"ward":10,"ward_id":"10203010","muni":"Drakenstein"},"geometry":{"type":"Polygon","coordinates":[[[19.0003,-33.6541],[18.9925,-33.6478],[18.9853,-33.6612],[18.99,-33.661],[19.0003,-33.6541]]]}},{"type":"Feature","properties":{"ward":1,"ward_id":"10405001","muni":"Oudtshoorn"},"geometry":{"type":"Polygon","coordinates":[[[22.1854,-33.616],[22.1993,-33.6136],[22.1888,-33.5922],[22.195,-33.5646],[22.1602,-33.581],[22.1854,-33.616]]]}},{"type":"Feature","properties":{"ward":2,"ward_id":"10405002","muni":"Oudtshoorn"},"geometry":{"type":"Polygon","coordinates":[[[22.047,-33.3526],[21.9629,-33.3662],[21.9021,-33.365],[21.9034,-33.4017],[21.9285,-33.4791],[21.9328,-33.5164],[21.9736,-33.5806],[22.0096,-33.5961],[22.0881,-33.603],[22.0495,-33.6146],[22.0156,-33.6563],[22.0253,-33.6668],[22.0383,-33.6568],[22.0573,-33.6572],[22.0749,-33.6704],[22.0585,-33.6782],[22.0478,-33.7017],[22.095,-33.7019],[22.0957,-33.686],[22.1361,-33.6653],[22.1555,-33.6731],[22.1628,-33.6453],[22.1591,-33.6268],[22.1786,-33.6017],[22.1602,-33.581],[22.195,-33.5646],[22.1897,-33.5914],[22.206,-33.5867],[22.2171,-33.5616],[22.2058,-33.555],[22.2039,-33.5332],[22.215,-33.5251],[22.1826,-33.501],[22.1881,-33.4631],[22.1714,-33.4157],[22.1395,-33.4066],[22.1212,-33.4102],[22.1195,-33.3964],[22.1082,-33.3905],[22.1138,-33.3813],[22.1072,-33.3672],[22.0859,-33.3611],[22.0645,-33.3634],[22.047,-33.3526]]]}},{"type":"Feature","properties":{"ward":88,"ward_id":"19100088","muni":"City of Cape Town"},"geometry":{"type":"Polygon","coordinates":[[[18.5964,-34.0036],[18.5939,-34.0127],[18.5841,-34.0135],[18.5856,-34.0221],[18.6073,-34.0181],[18.606,-34.007],[18.5964,-34.0036]]]}},{"type":"Feature","properties":{"ward":10,"ward_id":"10205010","muni":"Breede Valley"},"geometry":{"type":"Polygon","coordinates":[[[19.488,-33.6524],[19.4653,-33.6465],[19.4689,-33.6514],[19.4621,-33.6547],[19.4698,-33.6592],[19.4622,-33.6671],[19.4798,-33.6838],[19.4914,-33.6773],[19.4834,-33.6645],[19.488,-33.6524]]]}},{"type":"Feature","properties":{"ward":11,"ward_id":"10203011","muni":"Drakenstein"},"geometry":{"type":"Polygon","coordinates":[[[19.0049,-33.6562],[18.9934,-33.6646],[18.9996,-33.673],[18.995,-33.6902],[19.0148,-33.6819],[19.007,-33.6715],[19.0177,-33.67],[19.017,-33.6623],[19.0049,-33.6562]]]}},{"type":"Feature","properties":{"ward":12,"ward_id":"10203012","muni":"Drakenstein"},"geometry":{"type":"Polygon","coordinates":[[[18.9856,-33.6765],[18.9888,-33.6844],[18.9952,-33.6778],[18.9944,-33.6764],[18.9856,-33.6765]]]}},{"type":"Feature","properties":{"ward":13,"ward_id":"10203013","muni":"Drakenstein"},"geometry":{"type":"Polygon","coordinates":[[[18.9997,-33.7012],[18.9878,-33.7017],[18.991,-33.707],[18.9997,-33.7012]]]}},{"type":"Feature","properties":{"ward":14,"ward_id":"10203014","muni":"Drakenstein"},"geometry":{"type":"Polygon","coordinates":[[[19.0018,-33.7021],[18.9933,-33.6894],[18.99,-33.6967],[19.0018,-33.7021]]]}},{"type":"Feature","properties":{"ward":11,"ward_id":"10205011","muni":"Breede Valley"},"geometry":{"type":"Polygon","coordinates":[[[19.4593,-33.6566],[19.4413,-33.6502],[19.4455,-33.6632],[19.4593,-33.6566]]]}},{"type":"Feature","properties":{"ward":17,"ward_id":"10205017","muni":"Breede Valley"},"geometry":{"type":"Polygon","coordinates":[[[19.4907,-33.6501],[19.4944,-33.6405],[19.487,-33.6492],[19.4907,-33.6501]]]}},{"type":"Feature","properties":{"ward":18,"ward_id":"10205018","muni":"Breede Valley"},"geometry":{"type":"Polygon","coordinates":[[[19.6504,-33.5935],[19.6244,-33.5679],[19.6026,-33.5619],[19.5808,-33.5976],[19.5677,-33.5903],[19.5587,-33.6005],[19.537,-33.6019],[19.5267,-33.616],[19.5428,-33.628],[19.5035,-33.6341],[19.5034,-33.6559],[19.4934,-33.6467],[19.4844,-33.6589],[19.4914,-33.6773],[19.4798,-33.6838],[19.473,-33.6773],[19.4634,-33.7008],[19.451,-33.7017],[19.4769,-33.7171],[19.4793,-33.7303],[19.4963,-33.7502],[19.5271,-33.7655],[19.5284,-33.7726],[19.4918,-33.7829],[19.491,-33.792],[19.5022,-33.7989],[19.5077,-33.7933],[19.5291,-33.8049],[19.5219,-33.8127],[19.5517,-33.818],[19.5572,-33.8132],[19.5636,-33.8215],[19.5598,-33.8393],[19.5673,-33.8453],[19.566,-33.8637],[19.5979,-33.8782],[19.5945,-33.8542],[19.6285,-33.8348],[19.6527,-33.8346],[19.6522,-33.8137],[19.683,-33.7995],[19.6596,-33.7751],[19.6828,-33.7488],[19.6898,-33.7524],[19.7023,-33.7463],[19.6912,-33.7394],[19.7021,-33.7184],[19.69,-33.7043],[19.695,-33.6797],[19.7148,-33.6752],[19.7175,-33.6602],[19.7412,-33.6496],[19.6996,-33.6379],[19.651,-33.6096],[19.6452,-33.6046],[19.6504,-33.5935]]]}},{"type":"Feature","properties":{"ward":19,"ward_id":"10205019","muni":"Breede Valley"},"geometry":{"type":"Polygon","coordinates":[[[19.4158,-33.6729],[19.364,-33.6478],[19.353,-33.6553],[19.3348,-33.6509],[19.3102,-33.6722],[19.3201,-33.687],[19.3446,-33.6603],[19.35,-33.6677],[19.3139,-33.6942],[19.2996,-33.6829],[19.2569,-33.7061],[19.2064,-33.6999],[19.1852,-33.7204],[19.1881,-33.7539],[19.2141,-33.8571],[19.2438,-33.8974],[19.2653,-33.9003],[19.2584,-33.8831],[19.2782,-33.8795],[19.2974,-33.8897],[19.3105,-33.9137],[19.3128,-33.935],[19.3251,-33.9521],[19.3359,-33.9582],[19.3486,-33.9552],[19.3618,-33.9715],[19.4558,-33.9999],[19.5069,-33.9717],[19.5454,-33.9156],[19.5323,-33.8784],[19.5626,-33.8664],[19.5676,-33.8467],[19.5598,-33.8393],[19.5636,-33.8215],[19.5572,-33.8132],[19.5517,-33.818],[19.5219,-33.8127],[19.5291,-33.8049],[19.5077,-33.7933],[19.5022,-33.7989],[19.491,-33.792],[19.4918,-33.7829],[19.5284,-33.7726],[19.5269,-33.7652],[19.4963,-33.7502],[19.4793,-33.7303],[19.4777,-33.718],[19.4628,-33.7051],[19.4168,-33.6924],[19.4212,-33.6846],[19.4158,-33.6729]]]}},{"type":"Feature","properties":{"ward":21,"ward_id":"10203021","muni":"Drakenstein"},"geometry":{"type":"Polygon","coordinates":[[[19.0035,-33.7255],[18.994,-33.7193],[18.9923,-33.727],[19.0035,-33.7255]]]}},{"type":"Feature","properties":{"ward":22,"ward_id":"10203022","muni":"Drakenstein"},"geometry":{"type":"Polygon","coordinates":[[[18.9932,-33.7113],[18.9818,-33.6984],[18.9791,-33.7135],[18.9812,-33.7281],[18.9903,-33.7321],[18.9933,-33.7172],[18.9881,-33.713],[18.9932,-33.7113]]]}},{"type":"Feature","properties":{"ward":23,"ward_id":"10203023","muni":"Drakenstein"},"geometry":{"type":"Polygon","coordinates":[[[18.9812,-33.7281],[18.9708,-33.7512],[18.9788,-33.7603],[18.9962,-33.748],[18.9931,-33.7328],[18.9812,-33.7281]]]}},{"type":"Feature","properties":{"ward":24,"ward_id":"10203024","muni":"Drakenstein"},"geometry":{"type":"Polygon","coordinates":[[[18.9998,-33.717],[18.9932,-33.7123],[18.9881,-33.713],[18.9934,-33.7203],[18.9998,-33.717]]]}},{"type":"Feature","properties":{"ward":9,"ward_id":"10204009","muni":"Stellenbosch"},"geometry":{"type":"Polygon","coordinates":[[[18.8688,-33.9387],[18.8676,-33.9312],[18.8588,-33.9322],[18.86,-33.9415],[18.8688,-33.9387]]]}},{"type":"Feature","properties":{"ward":3,"ward_id":"10403003","muni":"Mossel Bay"},"geometry":{"type":"Polygon","coordinates":[[[22.0867,-34.1769],[22.0752,-34.1741],[22.0712,-34.1822],[22.0867,-34.1769]]]}},{"type":"Feature","properties":{"ward":4,"ward_id":"10403004","muni":"Mossel Bay"},"geometry":{"type":"Polygon","coordinates":[[[22.0922,-33.9888],[22.0726,-33.9801],[22.0751,-33.9996],[22.0539,-33.9947],[22.0446,-34.013],[22.0897,-34.0512],[22.0756,-34.0627],[22.0762,-34.0768],[22.0844,-34.0874],[22.0631,-34.0922],[22.0652,-34.1409],[22.0753,-34.1374],[22.0844,-34.112],[22.1239,-34.1186],[22.1696,-34.0719],[22.1897,-34.0696],[22.1969,-34.06],[22.2167,-34.0577],[22.2311,-34.0505],[22.2199,-34.0537],[22.2214,-34.0415],[22.2022,-34.0468],[22.1911,-34.0401],[22.1834,-34.0258],[22.1924,-34.0189],[22.1913,-34.012],[22.1582,-34.0135],[22.1446,-34.0044],[22.1393,-34.018],[22.1505,-34.0248],[22.1348,-34.0324],[22.1256,-34.016],[22.1157,-34.0178],[22.1286,-33.9993],[22.1149,-33.9824],[22.0922,-33.9888]]]}},{"type":"Feature","properties":{"ward":5,"ward_id":"10403005","muni":"Mossel Bay"},"geometry":{"type":"Polygon","coordinates":[[[22.2338,-33.8882],[22.2139,-33.8881],[22.171,-33.8692],[22.17,-33.8975],[22.1763,-33.9066],[22.1678,-33.9376],[22.1794,-33.9385],[22.1788,-33.9488],[22.1931,-33.9599],[22.1925,-33.977],[22.2097,-33.9931],[22.2164,-34.0117],[22.2281,-34.0142],[22.2385,-34.0294],[22.2206,-34.0348],[22.2199,-34.0537],[22.2311,-34.0505],[22.2167,-34.0577],[22.1969,-34.06],[22.1897,-34.0696],[22.1696,-34.0719],[22.1606,-34.0841],[22.2396,-34.0569],[22.2935,-34.0513],[22.3546,-34.0543],[22.3538,-34.0456],[22.3512,-34.0414],[22.3538,-34.0539],[22.3225,-34.0514],[22.3172,-34.0493],[22.3196,-34.0427],[22.3097,-34.0397],[22.3075,-34.0481],[22.2641,-34.0468],[22.2628,-34.0376],[22.2799,-34.0215],[22.2709,-34.0052],[22.2786,-33.9904],[22.2636,-33.9811],[22.2603,-33.9605],[22.2679,-33.925],[22.2335,-33.9031],[22.2338,-33.8882]]]}},{"type":"Feature","properties":{"ward":9,"ward_id":"10403009","muni":"Mossel Bay"},"geometry":{"type":"Polygon","coordinates":[[[22.1196,-34.1716],[22.1124,-34.1744],[22.1068,-34.1832],[22.1335,-34.1802],[22.1196,-34.1716]]]}},{"type":"Feature","properties":{"ward":101,"ward_id":"19100101","muni":"City of Cape Town"},"geometry":{"type":"Polygon","coordinates":[[[18.7485,-33.8565],[18.7529,-33.8344],[18.7684,-33.8327],[18.7678,-33.8266],[18.7356,-33.8356],[18.7373,-33.8474],[18.7306,-33.8531],[18.7485,-33.8565]]]}},{"type":"Feature","properties":{"ward":104,"ward_id":"19100104","muni":"City of Cape Town"},"geometry":{"type":"Polygon","coordinates":[[[18.5394,-33.8291],[18.5473,-33.8094],[18.535,-33.7977],[18.5156,-33.8081],[18.5231,-33.8225],[18.5349,-33.8186],[18.5394,-33.8291]]]}},{"type":"Feature","properties":{"ward":105,"ward_id":"19100105","muni":"City of Cape Town"},"geometry":{"type":"Polygon","coordinates":[[[18.618,-33.5844],[18.6106,-33.5851],[18.5573,-33.6656],[18.5443,-33.7091],[18.5479,-33.8047],[18.5597,-33.8059],[18.5581,-33.8225],[18.5778,-33.8388],[18.6037,-33.8251],[18.6277,-33.8291],[18.6364,-33.8226],[18.63,-33.8127],[18.6417,-33.8113],[18.6528,-33.8274],[18.6675,-33.8197],[18.6696,-33.8235],[18.7085,-33.7961],[18.7109,-33.8039],[18.7271,-33.8043],[18.7227,-33.7946],[18.7571,-33.7909],[18.7762,-33.8069],[18.7962,-33.7982],[18.8098,-33.7813],[18.7876,-33.7667],[18.811,-33.7588],[18.8095,-33.7408],[18.833,-33.7382],[18.8182,-33.7223],[18.822,-33.7083],[18.7946,-33.7068],[18.7937,-33.6794],[18.8222,-33.6418],[18.7875,-33.6376],[18.7782,-33.6491],[18.7632,-33.6489],[18.752,-33.6768],[18.7367,-33.687],[18.7119,-33.6759],[18.6927,-33.6813],[18.6897,-33.6652],[18.6709,-33.6474],[18.6552,-33.6343],[18.645,-33.6357],[18.627,-33.6246],[18.618,-33.5844]]]}},{"type":"Feature","properties":{"ward":1,"ward_id":"10404001","muni":"George"},"geometry":{"type":"Polygon","coordinates":[[[22.4337,-33.9498],[22.4113,-33.9348],[22.4047,-33.937],[22.425,-33.9524],[22.4337,-33.9498]]]}},{"type":"Feature","properties":{"ward":7,"ward_id":"10404007","muni":"George"},"geometry":{"type":"Polygon","coordinates":[[[22.4824,-33.9956],[22.48,-33.9861],[22.4633,-33.9957],[22.4824,-33.9956]]]}},{"type":"Feature","properties":{"ward":8,"ward_id":"10404008","muni":"George"},"geometry":{"type":"Polygon","coordinates":[[[22.4839,-33.9855],[22.4824,-33.9956],[22.495,-33.9931],[22.4891,-33.9868],[22.4839,-33.9855]]]}},{"type":"Feature","properties":{"ward":13,"ward_id":"10405013","muni":"Oudtshoorn"},"geometry":{"type":"Polygon","coordinates":[[[22.2267,-33.6069],[22.2309,-33.593],[22.2225,-33.5942],[22.2162,-33.6072],[22.2267,-33.6069]]]}},{"type":"Feature","properties":{"ward":1,"ward_id":"10407001","muni":"Bitou"},"geometry":{"type":"Polygon","coordinates":[[[23.5619,-33.8289],[23.5573,-33.7934],[23.5188,-33.7821],[23.488,-33.7915],[23.4891,-33.8075],[23.395,-33.7926],[23.3255,-33.7991],[23.3344,-33.8566],[23.2839,-33.8438],[23.2888,-33.8658],[23.2794,-33.8771],[23.229,-33.8783],[23.2385,-33.8946],[23.2485,-33.8995],[23.2225,-33.9086],[23.2209,-33.9288],[23.2411,-33.973],[23.2824,-33.9773],[23.2826,-33.9976],[23.251,-34.001],[23.2519,-34.0072],[23.2639,-34.0219],[23.3075,-34.0367],[23.3626,-34.0406],[23.3739,-34.0335],[23.3687,-34.028],[23.3554,-34.0302],[23.3535,-34.0216],[23.3782,-34.007],[23.391,-34.0098],[23.3985,-34.0023],[23.3981,-34.0288],[23.4522,-34.005],[23.5282,-34.0001],[23.5362,-33.9896],[23.5558,-33.9829],[23.6479,-33.98],[23.6459,-33.9624],[23.6346,-33.952],[23.637,-33.9346],[23.6447,-33.9307],[23.6374,-33.913],[23.6568,-33.9069],[23.6474,-33.8928],[23.683,-33.884],[23.7033,-33.8641],[23.6203,-33.8432],[23.6081,-33.8329],[23.5619,-33.8289]]]}},{"type":"Feature","properties":{"ward":2,"ward_id":"10407002","muni":"Bitou"},"geometry":{"type":"Polygon","coordinates":[[[23.3981,-34.0288],[23.3997,-34.0022],[23.391,-34.0098],[23.3782,-34.007],[23.3535,-34.0216],[23.3554,-34.0302],[23.3687,-34.028],[23.3712,-34.0384],[23.3591,-34.0402],[23.3599,-34.0485],[23.3453,-34.0544],[23.331,-34.0483],[23.3233,-34.0543],[23.3252,-34.063],[23.3038,-34.0613],[23.3044,-34.077],[23.3286,-34.0876],[23.3521,-34.0868],[23.3719,-34.1021],[23.3868,-34.1042],[23.3865,-34.1089],[23.4122,-34.1092],[23.3758,-34.0984],[23.3715,-34.0861],[23.3811,-34.0607],[23.3784,-34.05],[23.3981,-34.0288]]]}},{"type":"Feature","properties":{"ward":3,"ward_id":"10405003","muni":"Oudtshoorn"},"geometry":{"type":"Polygon","coordinates":[[[22.2111,-33.5918],[22.2018,-33.5861],[22.1987,-33.5922],[22.1888,-33.5922],[22.1985,-33.6133],[22.2162,-33.6072],[22.2111,-33.5918]]]}},{"type":"Feature","properties":{"ward":4,"ward_id":"10405004","muni":"Oudtshoorn"},"geometry":{"type":"Polygon","coordinates":[[[22.2394,-33.5953],[22.2302,-33.6007],[22.2312,-33.6049],[22.2434,-33.6017],[22.2394,-33.5953]]]}},{"type":"Feature","properties":{"ward":6,"ward_id":"10303006","muni":"Cape Agulhas"},"geometry":{"type":"Polygon","coordinates":[[[20.2913,-34.2763],[20.2621,-34.2742],[20.2448,-34.2889],[20.2126,-34.2883],[20.1928,-34.3119],[20.1658,-34.3235],[20.149,-34.3477],[20.1568,-34.3931],[20.0999,-34.4557],[20.0883,-34.4957],[20.0683,-34.5151],[20.0764,-34.5221],[20.0561,-34.5311],[20.0657,-34.5407],[20.0574,-34.5527],[20.0116,-34.5585],[19.9985,-34.5423],[19.9895,-34.547],[19.9331,-34.5267],[19.92,-34.5452],[19.9125,-34.5434],[19.9006,-34.5531],[19.8931,-34.5439],[19.8702,-34.5408],[19.8695,-34.5456],[19.8363,-34.5363],[19.8103,-34.5582],[19.7844,-34.5626],[19.7822,-34.5675],[19.7989,-34.5775],[19.8025,-34.5885],[19.762,-34.6237],[19.7409,-34.6066],[19.7439,-34.603],[19.7232,-34.5934],[19.7345,-34.5831],[19.6933,-34.5749],[19.7095,-34.5963],[19.7197,-34.5998],[19.7102,-34.6303],[19.7202,-34.6442],[19.7145,-34.6878],[19.74,-34.7124],[19.7247,-34.7672],[19.7468,-34.7716],[19.7681,-34.7647],[19.7986,-34.7681],[19.8233,-34.7622],[19.8503,-34.7689],[19.8729,-34.766],[19.8901,-34.7822],[19.9228,-34.7963],[19.9435,-34.8164],[19.9496,-34.8021],[19.9883,-34.7948],[20.0456,-34.7628],[20.0527,-34.7645],[20.0798,-34.7365],[20.1227,-34.7129],[20.1856,-34.6919],[20.2363,-34.6916],[20.2328,-34.6618],[20.2467,-34.6457],[20.3291,-34.6103],[20.3477,-34.5901],[20.3994,-34.5714],[20.4385,-34.5159],[20.4977,-34.4827],[20.5776,-34.4588],[20.6456,-34.4499],[20.7309,-34.4512],[20.8478,-34.4749],[20.8564,-34.4648],[20.8699,-34.4648],[20.8652,-34.4589],[20.8714,-34.4524],[20.8181,-34.443],[20.8168,-34.4289],[20.775,-34.4265],[20.7629,-34.4172],[20.7118,-34.4126],[20.6878,-34.4176],[20.6829,-34.3888],[20.6593,-34.3991],[20.6009,-34.3826],[20.5611,-34.3633],[20.5317,-34.3605],[20.5194,-34.3658],[20.5178,-34.3732],[20.4834,-34.373],[20.4847,-34.4013],[20.5001,-34.4061],[20.5085,-34.4195],[20.4547,-34.417],[20.4186,-34.4268],[20.4198,-34.4186],[20.392,-34.4263],[20.3573,-34.3884],[20.2891,-34.4178],[20.2715,-34.375],[20.2637,-34.375],[20.2863,-34.3451],[20.2675,-34.3136],[20.2827,-34.302],[20.2913,-34.2763]]]}},{"type":"Feature","properties":{"ward":9,"ward_id":"10402009","muni":"Hessequa"},"geometry":{"type":"Polygon","coordinates":[[[21.1075,-33.8319],[21.0726,-33.8244],[21.0532,-33.8385],[21.0516,-33.8343],[21.0415,-33.8542],[20.9916,-33.868],[21.0026,-33.8479],[20.9434,-33.8519],[20.9361,-33.8792],[20.9238,-33.8893],[20.9523,-33.9018],[20.9386,-33.925],[20.9364,-33.9612],[20.9215,-33.9528],[20.8782,-33.964],[20.8678,-33.955],[20.8419,-33.9648],[20.8411,-33.9732],[20.8267,-33.9658],[20.8164,-33.9402],[20.8066,-33.9464],[20.7073,-33.9551],[20.6947,-33.976],[20.7073,-33.9802],[20.7052,-33.9902],[20.729,-33.9884],[20.7321,-33.9989],[20.7296,-34.0181],[20.7128,-34.0179],[20.7107,-34.0102],[20.694,-34.0068],[20.6999,-34.0397],[20.7227,-34.0368],[20.7286,-34.0575],[20.7476,-34.0667],[20.7404,-34.0713],[20.7543,-34.0973],[20.7264,-34.0928],[20.7447,-34.1044],[20.7967,-34.1016],[20.8174,-34.1135],[20.8736,-34.1183],[20.9379,-34.1116],[20.9817,-34.087],[21.0047,-34.0836],[21.0663,-34.0987],[21.1129,-34.1253],[21.1544,-34.1098],[21.1987,-34.1025],[21.2242,-34.0717],[21.2434,-34.0748],[21.2345,-34.0377],[21.2228,-34.0158],[21.2152,-34.0133],[21.221,-33.9962],[21.2288,-33.9943],[21.2175,-33.9756],[21.2292,-33.9582],[21.227,-33.9435],[21.2051,-33.9318],[21.2209,-33.9194],[21.1975,-33.8281],[21.1856,-33.8233],[21.1541,-33.8323],[21.1075,-33.8319]]]}},{"type":"Feature","properties":{"ward":26,"ward_id":"10404026","muni":"George"},"geometry":{"type":"Polygon","coordinates":[[[22.425,-33.9524],[22.3993,-33.9397],[22.4111,-33.9672],[22.4057,-33.9787],[22.4166,-33.9886],[22.429,-33.9849],[22.4272,-33.9796],[22.4367,-33.976],[22.4357,-33.9669],[22.4246,-33.9613],[22.4329,-33.9579],[22.4319,-33.9503],[22.425,-33.9524]]]}},{"type":"Feature","properties":{"ward":4,"ward_id":"10101004","muni":"Matzikama"},"geometry":{"type":"Polygon","coordinates":[[[18.5849,-31.6376],[18.5549,-31.6134],[18.5545,-31.628],[18.5358,-31.6407],[18.5087,-31.6373],[18.51,-31.6572],[18.5181,-31.6619],[18.5212,-31.6766],[18.5099,-31.6818],[18.51,-31.6886],[18.5412,-31.7052],[18.5708,-31.6754],[18.581,-31.6597],[18.5849,-31.6376]]]}},{"type":"Feature","properties":{"ward":5,"ward_id":"10101005","muni":"Matzikama"},"geometry":{"type":"Polygon","coordinates":[[[18.5211,-31.6772],[18.5168,-31.6604],[18.512,-31.6713],[18.4993,-31.663],[18.4746,-31.6785],[18.4238,-31.7284],[18.3832,-31.7553],[18.3772,-31.7491],[18.3688,-31.7597],[18.3847,-31.7963],[18.3793,-31.8037],[18.3386,-31.8185],[18.3044,-31.8429],[18.2507,-31.8379],[18.2801,-31.8982],[18.28,-31.9084],[18.2726,-31.9129],[18.2749,-31.9298],[18.265,-31.9355],[18.2903,-32.0067],[18.3118,-31.9981],[18.3254,-31.9807],[18.3951,-31.9625],[18.3925,-31.9542],[18.4119,-31.9456],[18.402,-31.9121],[18.4361,-31.9111],[18.436,-31.9041],[18.3957,-31.874],[18.4516,-31.8438],[18.4599,-31.8578],[18.4945,-31.8681],[18.4837,-31.8846],[18.4992,-31.889],[18.5612,-31.8789],[18.6229,-31.9563],[18.6647,-31.9557],[18.6557,-31.9312],[18.6786,-31.9158],[18.6435,-31.8869],[18.638,-31.8624],[18.6197,-31.8619],[18.6217,-31.8375],[18.6082,-31.813],[18.6199,-31.7894],[18.619,-31.7754],[18.6095,-31.7685],[18.6106,-31.755],[18.5909,-31.7495],[18.5914,-31.7397],[18.5829,-31.7386],[18.5787,-31.7236],[18.6063,-31.716],[18.5716,-31.674],[18.5412,-31.7052],[18.5112,-31.6894],[18.5095,-31.6822],[18.5211,-31.6772]]]}},{"type":"Feature","properties":{"ward":6,"ward_id":"10101006","muni":"Matzikama"},"geometry":{"type":"Polygon","coordinates":[[[18.691,-31.7362],[18.6823,-31.7173],[18.6701,-31.7119],[18.6063,-31.716],[18.5787,-31.7236],[18.5829,-31.7386],[18.5914,-31.7397],[18.5909,-31.7495],[18.6106,-31.755],[18.6095,-31.7685],[18.619,-31.7754],[18.6199,-31.7894],[18.6082,-31.813],[18.6217,-31.8375],[18.6197,-31.8619],[18.638,-31.8624],[18.6435,-31.8869],[18.6786,-31.9158],[18.7072,-31.8967],[18.689,-31.8661],[18.7035,-31.8491],[18.6839,-31.8459],[18.6553,-31.8077],[18.6615,-31.7898],[18.6957,-31.7779],[18.6872,-31.7535],[18.691,-31.7362]]]}},{"type":"Feature","properties":{"ward":1,"ward_id":"10102001","muni":"Cederberg"},"geometry":{"type":"Polygon","coordinates":[[[19.1494,-32.391],[19.1452,-32.37],[19.1204,-32.3558],[19.1175,-32.3462],[19.0938,-32.3305],[19.0835,-32.3158],[19.0971,-32.3977],[19.0904,-32.4027],[19.0249,-32.3489],[19.014,-32.3542],[19.0247,-32.3759],[18.9902,-32.3803],[18.9671,-32.3761],[18.949,-32.3869],[18.9586,-32.4093],[18.9399,-32.4177],[18.917,-32.4103],[18.8891,-32.428],[18.8871,-32.4438],[18.8419,-32.4721],[18.8555,-32.4839],[18.8449,-32.5002],[18.8276,-32.5113],[18.8489,-32.5218],[18.8655,-32.5424],[18.8862,-32.5556],[18.931,-32.6068],[18.9499,-32.5991],[18.9631,-32.6173],[18.9607,-32.633],[18.973,-32.6705],[19.0072,-32.7162],[19.0191,-32.77],[19.0314,-32.7725],[19.0329,-32.7783],[19.0206,-32.7786],[19.0239,-32.7973],[19.0347,-32.7858],[19.0411,-32.8242],[19.0341,-32.8256],[19.0357,-32.8489],[19.0643,-32.8346],[19.0563,-32.8593],[19.0828,-32.8562],[19.0817,-32.8667],[19.0986,-32.8791],[19.1505,-32.8721],[19.1844,-32.8271],[19.1706,-32.7958],[19.1718,-32.7368],[19.2086,-32.731],[19.2048,-32.7111],[19.143,-32.6214],[19.1376,-32.6046],[19.1564,-32.6043],[19.1486,-32.5857],[19.1592,-32.5719],[19.1546,-32.5506],[19.1638,-32.549],[19.1667,-32.5294],[19.1596,-32.5221],[19.2021,-32.5248],[19.1783,-32.4654],[19.2,-32.4608],[19.1633,-32.4388],[19.1778,-32.4278],[19.2249,-32.4662],[19.243,-32.4567],[19.2416,-32.4447],[19.256,-32.4507],[19.2674,-32.4188],[19.2185,-32.4126],[19.2251,-32.4018],[19.1728,-32.4033],[19.1494,-32.391]],[[18.9831,-32.5399],[18.9877,-32.5191],[19.0099,-32.522],[19.0067,-32.5702],[19.0175,-32.5798],[19.021,-32.5993],[19.0092,-32.5962],[18.9893,-32.5717],[18.9831,-32.5399]]]}},{"type":"Feature","properties":{"ward":2,"ward_id":"10102002","muni":"Cederberg"},"geometry":{"type":"Polygon","coordinates":[[[19.011,-32.5246],[18.9877,-32.5191],[18.9831,-32.5397],[18.9891,-32.5713],[19.0092,-32.5962],[19.021,-32.5993],[19.0175,-32.5798],[19.0067,-32.5702],[19.011,-32.5246]]]}},{"type":"Feature","properties":{"ward":3,"ward_id":"10102003","muni":"Cederberg"},"geometry":{"type":"Polygon","coordinates":[[[18.9118,-32.1991],[18.8825,-32.161],[18.8696,-32.1729],[18.853,-32.1761],[18.8381,-32.1636],[18.8146,-32.1689],[18.7983,-32.1867],[18.8513,-32.2295],[18.8566,-32.2525],[18.889,-32.2792],[18.8907,-32.2351],[18.9016,-32.2157],[18.9285,-32.228],[18.9381,-32.2135],[18.9118,-32.1991]]]}},{"type":"Feature","properties":{"ward":4,"ward_id":"10102004","muni":"Cederberg"},"geometry":{"type":"Polygon","coordinates":[[[18.4837,-31.8846],[18.4945,-31.8681],[18.4599,-31.8578],[18.4516,-31.8438],[18.3957,-31.874],[18.436,-31.9041],[18.4361,-31.9111],[18.402,-31.9121],[18.4119,-31.9456],[18.3925,-31.9542],[18.3951,-31.9625],[18.3444,-31.9765],[18.3412,-32.0145],[18.3957,-32.0143],[18.4008,-32.0006],[18.4865,-32.0128],[18.4975,-32.0231],[18.5104,-32.0156],[18.5261,-32.0358],[18.5603,-32.0395],[18.5641,-32.1166],[18.5587,-32.1608],[18.5389,-32.1541],[18.5409,-32.1691],[18.552,-32.1822],[18.5352,-32.1941],[18.548,-32.2032],[18.5514,-32.1994],[18.56,-32.2107],[18.5444,-32.2404],[18.4645,-32.2989],[18.3983,-32.2738],[18.3776,-32.2897],[18.3419,-32.3046],[18.3353,-32.3159],[18.3152,-32.3151],[18.3345,-32.443],[18.3988,-32.4255],[18.4585,-32.4764],[18.5009,-32.434],[18.5197,-32.4496],[18.541,-32.4441],[18.5719,-32.4541],[18.5752,-32.48],[18.5913,-32.4648],[18.6427,-32.456],[18.6576,-32.4613],[18.6699,-32.449],[18.6658,-32.4212],[18.6977,-32.4217],[18.6916,-32.4147],[18.7068,-32.4139],[18.7959,-32.4188],[18.8077,-32.4023],[18.7936,-32.3969],[18.7678,-32.3623],[18.7859,-32.3395],[18.7773,-32.3348],[18.7951,-32.3064],[18.7843,-32.2914],[18.8024,-32.2739],[18.7782,-32.2486],[18.7895,-32.2312],[18.7742,-32.2044],[18.7866,-32.1994],[18.8176,-32.1657],[18.8206,-32.1531],[18.7794,-32.0909],[18.758,-32.0855],[18.765,-32.0436],[18.7613,-32.0467],[18.7566,-32.0407],[18.7644,-32.0393],[18.7145,-31.9993],[18.6728,-31.9949],[18.6568,-31.983],[18.6785,-31.9774],[18.6609,-31.9732],[18.6548,-31.962],[18.6647,-31.9557],[18.6229,-31.9563],[18.5612,-31.8789],[18.4992,-31.889],[18.4837,-31.8846]]]}},{"type":"Feature","properties":{"ward":5,"ward_id":"10102005","muni":"Cederberg"},"geometry":{"type":"Polygon","coordinates":[[[18.3412,-32.0145],[18.3444,-31.9765],[18.3254,-31.9807],[18.3118,-31.9981],[18.2903,-32.0067],[18.3147,-32.074],[18.3112,-32.0878],[18.2995,-32.094],[18.3039,-32.1053],[18.3001,-32.1136],[18.311,-32.1763],[18.3242,-32.1999],[18.3422,-32.2657],[18.3419,-32.3046],[18.3776,-32.2897],[18.3983,-32.2738],[18.4645,-32.2989],[18.5444,-32.2404],[18.56,-32.2107],[18.5514,-32.1994],[18.548,-32.2032],[18.5352,-32.1941],[18.552,-32.1822],[18.5409,-32.1691],[18.5389,-32.1541],[18.5587,-32.1608],[18.5641,-32.1166],[18.5612,-32.0409],[18.5261,-32.0358],[18.5104,-32.0156],[18.4975,-32.0231],[18.4865,-32.0128],[18.4008,-32.0006],[18.3957,-32.0143],[18.3412,-32.0145]]]}},{"type":"Feature","properties":{"ward":4,"ward_id":"10103004","muni":"Bergrivier"},"geometry":{"type":"Polygon","coordinates":[[[18.7428,-32.9028],[18.7599,-32.9058],[18.8115,-32.8987],[18.7422,-32.8874],[18.7428,-32.9028]]]}},{"type":"Feature","properties":{"ward":5,"ward_id":"10103005","muni":"Bergrivier"},"geometry":{"type":"Polygon","coordinates":[[[18.5719,-32.4541],[18.541,-32.4441],[18.5204,-32.4492],[18.5426,-32.4717],[18.5289,-32.4831],[18.5145,-32.5164],[18.5085,-32.6186],[18.498,-32.6314],[18.5045,-32.6414],[18.5026,-32.6521],[18.5129,-32.6527],[18.5693,-32.7041],[18.6168,-32.7295],[18.6308,-32.7167],[18.6507,-32.7276],[18.6643,-32.7269],[18.6599,-32.7415],[18.6464,-32.7482],[18.6625,-32.787],[18.6437,-32.7694],[18.6161,-32.7811],[18.6011,-32.7936],[18.6046,-32.8116],[18.6154,-32.815],[18.6221,-32.8099],[18.6513,-32.8182],[18.6581,-32.8051],[18.6677,-32.8141],[18.6854,-32.7995],[18.7324,-32.8549],[18.7476,-32.8372],[18.7436,-32.8303],[18.7546,-32.8157],[18.7635,-32.8174],[18.7563,-32.8023],[18.743,-32.8029],[18.749,-32.7858],[18.762,-32.7842],[18.763,-32.7798],[18.7435,-32.7727],[18.7508,-32.7685],[18.7641,-32.7791],[18.7635,-32.7914],[18.7914,-32.7966],[18.8154,-32.8139],[18.8262,-32.809],[18.8483,-32.8202],[18.8645,-32.7542],[18.8607,-32.7483],[18.8674,-32.7148],[18.9063,-32.7157],[18.9147,-32.7233],[18.9546,-32.67],[18.9558,-32.6525],[18.9446,-32.6305],[18.9616,-32.6152],[18.9499,-32.5991],[18.931,-32.6068],[18.8862,-32.5556],[18.8655,-32.5424],[18.8489,-32.5218],[18.8276,-32.5113],[18.7847,-32.5226],[18.7914,-32.5594],[18.8039,-32.572],[18.7684,-32.5653],[18.7249,-32.5665],[18.7079,-32.5576],[18.7063,-32.5367],[18.6622,-32.4909],[18.6727,-32.4699],[18.6427,-32.456],[18.5913,-32.4648],[18.5752,-32.48],[18.5719,-32.4541]]]}},{"type":"Feature","properties":{"ward":6,"ward_id":"10103006","muni":"Bergrivier"},"geometry":{"type":"Polygon","coordinates":[[[18.4585,-32.4764],[18.3988,-32.4255],[18.3345,-32.443],[18.3241,-32.5348],[18.2935,-32.6087],[18.2477,-32.6772],[18.1984,-32.7154],[18.159,-32.7691],[18.1663,-32.7748],[18.1897,-32.7522],[18.2079,-32.7621],[18.2142,-32.7574],[18.2266,-32.7619],[18.2186,-32.7713],[18.2259,-32.7737],[18.2174,-32.7803],[18.2245,-32.7822],[18.2143,-32.791],[18.2231,-32.7918],[18.1932,-32.8177],[18.208,-32.8179],[18.2092,-32.8251],[18.2213,-32.8229],[18.2129,-32.8402],[18.2196,-32.8485],[18.2367,-32.8415],[18.2378,-32.8548],[18.2272,-32.8542],[18.2245,-32.8606],[18.256,-32.8732],[18.2658,-32.8719],[18.2639,-32.8624],[18.2829,-32.8591],[18.2838,-32.8691],[18.2979,-32.8734],[18.292,-32.8899],[18.3165,-32.8925],[18.299,-32.9008],[18.3,-32.9067],[18.3271,-32.904],[18.3396,-32.9147],[18.3394,-32.9245],[18.3295,-32.9256],[18.3358,-32.9478],[18.3415,-32.9426],[18.3622,-32.9442],[18.3688,-32.9376],[18.3684,-32.957],[18.3732,-32.9586],[18.3998,-32.9575],[18.4056,-32.9432],[18.4151,-32.9535],[18.4238,-32.9446],[18.4444,-32.9461],[18.4454,-32.938],[18.4552,-32.9393],[18.4565,-32.9546],[18.47,-32.9447],[18.4896,-32.9538],[18.4975,-32.9457],[18.5464,-32.9407],[18.5534,-32.9317],[18.5501,-32.9174],[18.5732,-32.9132],[18.5757,-32.9019],[18.5955,-32.9005],[18.607,-32.9195],[18.6144,-32.9138],[18.6232,-32.9186],[18.625,-32.8887],[18.6318,-32.8824],[18.5984,-32.8579],[18.5362,-32.8267],[18.5478,-32.8209],[18.547,-32.7982],[18.5229,-32.7641],[18.5568,-32.755],[18.5812,-32.7901],[18.575,-32.7596],[18.596,-32.7407],[18.5897,-32.7395],[18.582,-32.7228],[18.5837,-32.7113],[18.5129,-32.6527],[18.5026,-32.6521],[18.5045,-32.6414],[18.498,-32.6314],[18.5085,-32.6186],[18.5145,-32.5164],[18.5289,-32.4831],[18.5426,-32.4717],[18.5009,-32.434],[18.4585,-32.4764]]]}},{"type":"Feature","properties":{"ward":7,"ward_id":"10103007","muni":"Bergrivier"},"geometry":{"type":"Polygon","coordinates":[[[18.3358,-32.9478],[18.3295,-32.9256],[18.3394,-32.9245],[18.3396,-32.9147],[18.3271,-32.904],[18.3,-32.9067],[18.299,-32.9008],[18.3165,-32.8925],[18.292,-32.8899],[18.2979,-32.8734],[18.2838,-32.8691],[18.2829,-32.8591],[18.2639,-32.8624],[18.2658,-32.8719],[18.2388,-32.8704],[18.2238,-32.8588],[18.2378,-32.8548],[18.2367,-32.8415],[18.2301,-32.8407],[18.2236,-32.8491],[18.2128,-32.8417],[18.2213,-32.8229],[18.2092,-32.8251],[18.208,-32.8179],[18.1935,-32.8187],[18.2231,-32.7918],[18.2143,-32.791],[18.2245,-32.7822],[18.2174,-32.7803],[18.2259,-32.7737],[18.2186,-32.7713],[18.2266,-32.7619],[18.2142,-32.7574],[18.2079,-32.7621],[18.1897,-32.7522],[18.1663,-32.7748],[18.159,-32.7691],[18.1685,-32.7526],[18.1248,-32.7778],[18.1156,-32.8062],[18.101,-32.8252],[18.1245,-32.8105],[18.155,-32.8133],[18.1449,-32.8371],[18.1964,-32.8559],[18.1817,-32.8655],[18.1709,-32.8641],[18.1641,-32.8883],[18.2053,-32.8918],[18.2003,-32.9022],[18.2328,-32.8968],[18.2416,-32.9137],[18.2404,-32.9323],[18.2926,-32.962],[18.3358,-32.9478]]]}},{"type":"Feature","properties":{"ward":2,"ward_id":"10104002","muni":"Saldanha Bay"},"geometry":{"type":"Polygon","coordinates":[[[18.0389,-32.9286],[18.0054,-32.918],[17.9758,-32.9373],[17.9855,-32.9407],[17.9874,-32.9508],[18.0181,-32.9371],[18.0513,-32.9473],[18.0643,-32.9296],[18.0443,-32.9217],[18.0389,-32.9286]]]}},{"type":"Feature","properties":{"ward":3,"ward_id":"10104003","muni":"Saldanha Bay"},"geometry":{"type":"Polygon","coordinates":[[[17.9511,-33.0108],[17.9023,-33.0132],[17.9003,-33.0269],[17.8893,-33.0268],[17.8971,-33.0359],[17.8933,-33.0408],[17.9016,-33.04],[17.9106,-33.0519],[17.9385,-33.038],[17.9345,-33.0295],[17.9469,-33.0255],[17.9687,-33.0338],[17.9705,-33.041],[17.9643,-33.0425],[17.9708,-33.0448],[17.973,-33.0352],[17.9639,-33.0237],[17.948,-33.0211],[17.9511,-33.0108]]]}},{"type":"Feature","properties":{"ward":4,"ward_id":"10104004","muni":"Saldanha Bay"},"geometry":{"type":"Polygon","coordinates":[[[17.9251,-33.005],[17.9126,-33.0066],[17.9011,-33.0109],[17.9307,-33.012],[17.9251,-33.005]]]}},{"type":"Feature","properties":{"ward":7,"ward_id":"10104007","muni":"Saldanha Bay"},"geometry":{"type":"Polygon","coordinates":[[[18.3684,-32.957],[18.3684,-32.9376],[18.3618,-32.9443],[18.3404,-32.9429],[18.2256,-32.996],[18.1908,-32.992],[18.1537,-33.0326],[18.2004,-33.069],[18.2026,-33.064],[18.2502,-33.0767],[18.2857,-33.0669],[18.2923,-33.0908],[18.3321,-33.0822],[18.3234,-33.1077],[18.3291,-33.1093],[18.2879,-33.13],[18.3084,-33.1799],[18.3276,-33.1636],[18.368,-33.1554],[18.3939,-33.186],[18.4067,-33.1941],[18.4201,-33.1922],[18.4466,-33.2091],[18.4443,-33.2181],[18.4993,-33.2276],[18.5169,-33.1983],[18.4871,-33.1587],[18.4977,-33.1454],[18.4945,-33.1263],[18.5026,-33.1238],[18.505,-33.1108],[18.5354,-33.0817],[18.5207,-33.058],[18.5039,-33.0464],[18.5384,-33.0347],[18.5315,-33.0115],[18.5386,-33.0051],[18.5204,-32.9562],[18.5113,-32.946],[18.4972,-32.9458],[18.4887,-32.9538],[18.4705,-32.9446],[18.4562,-32.9546],[18.4553,-32.9395],[18.4454,-32.938],[18.4444,-32.9461],[18.4238,-32.9446],[18.4151,-32.9535],[18.4056,-32.9432],[18.3998,-32.9575],[18.3732,-32.9586],[18.3684,-32.957]]]}},{"type":"Feature","properties":{"ward":8,"ward_id":"10104008","muni":"Saldanha Bay"},"geometry":{"type":"Polygon","coordinates":[[[18.1964,-32.8559],[18.1475,-32.8394],[18.155,-32.8133],[18.1291,-32.8109],[18.0516,-32.858],[18.0482,-32.849],[18.0182,-32.864],[17.9728,-32.848],[17.9737,-32.86],[17.9401,-32.8715],[17.9528,-32.8801],[17.9464,-32.881],[17.9521,-32.8935],[17.9591,-32.8917],[17.9612,-32.8991],[17.9758,-32.8973],[17.9828,-32.9058],[17.98,-32.9109],[18.0085,-32.9072],[18.0847,-32.9361],[18.0777,-32.9524],[18.108,-33.028],[18.1537,-33.0326],[18.1908,-32.992],[18.2256,-32.996],[18.2926,-32.962],[18.2404,-32.9323],[18.2416,-32.9137],[18.2328,-32.8968],[18.2003,-32.9022],[18.2053,-32.8918],[18.1641,-32.8883],[18.1709,-32.8641],[18.1817,-32.8655],[18.1964,-32.8559]]]}},{"type":"Feature","properties":{"ward":10,"ward_id":"10104010","muni":"Saldanha Bay"},"geometry":{"type":"Polygon","coordinates":[[[17.98,-32.9109],[17.9758,-32.8973],[17.9645,-32.8987],[17.9786,-32.9475],[17.9766,-32.9347],[18.001,-32.9188],[17.9974,-32.9084],[17.98,-32.9109]]]}},{"type":"Feature","properties":{"ward":11,"ward_id":"10104011","muni":"Saldanha Bay"},"geometry":{"type":"Polygon","coordinates":[[[17.9678,-32.7008],[17.9606,-32.7154],[17.9486,-32.7223],[17.9407,-32.7211],[17.94,-32.7153],[17.9305,-32.7198],[17.9212,-32.7135],[17.9222,-32.7256],[17.8952,-32.7422],[17.9069,-32.7681],[17.9016,-32.802],[17.8898,-32.8079],[17.8827,-32.8025],[17.8808,-32.8128],[17.8541,-32.8163],[17.8439,-32.8248],[17.8601,-32.8439],[17.8663,-32.842],[17.8805,-32.8537],[17.8832,-32.8794],[17.8641,-32.8884],[17.8684,-32.8962],[17.8567,-32.9053],[17.8831,-32.9276],[17.9137,-32.9224],[17.9152,-32.9271],[17.9458,-32.9167],[17.974,-32.9416],[17.972,-32.9133],[17.9591,-32.8917],[17.9521,-32.8935],[17.9464,-32.881],[17.9528,-32.8801],[17.9401,-32.8715],[17.9737,-32.86],[17.9728,-32.848],[18.0182,-32.864],[18.0482,-32.849],[18.0516,-32.858],[18.0689,-32.8498],[18.0398,-32.8334],[18.0369,-32.8133],[18.0253,-32.816],[18.0186,-32.8056],[18.0406,-32.7865],[18.0555,-32.7928],[18.0509,-32.7749],[18.014,-32.7498],[18.0147,-32.74],[17.9786,-32.7254],[17.9748,-32.7184],[17.9821,-32.7046],[17.9678,-32.7008]]]}},{"type":"Feature","properties":{"ward":12,"ward_id":"10104012","muni":"Saldanha Bay"},"geometry":{"type":"Polygon","coordinates":[[[18.0862,-32.7766],[18.0568,-32.7841],[18.0555,-32.7928],[18.0406,-32.7865],[18.0186,-32.8056],[18.0253,-32.816],[18.0369,-32.8133],[18.0398,-32.8334],[18.0679,-32.8492],[18.1291,-32.8109],[18.101,-32.8252],[18.1156,-32.8062],[18.1248,-32.7778],[18.0913,-32.7808],[18.0862,-32.7766]]]}},{"type":"Feature","properties":{"ward":1,"ward_id":"10105001","muni":"Swartland"},"geometry":{"type":"Polygon","coordinates":[[[18.5968,-32.9014],[18.5728,-32.9031],[18.5729,-32.9133],[18.5504,-32.917],[18.5534,-32.9317],[18.5479,-32.94],[18.5113,-32.946],[18.5386,-33.0051],[18.5315,-33.0115],[18.5384,-33.0347],[18.5039,-33.0464],[18.5207,-33.058],[18.5354,-33.0817],[18.505,-33.1108],[18.5026,-33.1238],[18.4945,-33.1263],[18.4977,-33.1454],[18.4871,-33.1587],[18.5169,-33.1983],[18.4993,-33.2276],[18.5052,-33.2387],[18.5569,-33.2842],[18.5438,-33.3134],[18.5979,-33.2911],[18.5947,-33.28],[18.6045,-33.2737],[18.6126,-33.2819],[18.6278,-33.2762],[18.6571,-33.2901],[18.6836,-33.2904],[18.6716,-33.224],[18.6811,-33.1671],[18.6727,-33.1594],[18.6568,-33.1613],[18.6539,-33.1537],[18.663,-33.1554],[18.6702,-33.1483],[18.6689,-33.1361],[18.6754,-33.137],[18.6769,-33.1465],[18.6821,-33.1437],[18.6902,-33.0896],[18.7298,-33.0318],[18.7475,-32.9923],[18.7489,-32.9732],[18.7338,-32.9561],[18.6937,-32.9451],[18.689,-32.9387],[18.6825,-32.9439],[18.6776,-32.9207],[18.6365,-32.9129],[18.6251,-32.9186],[18.614,-32.9138],[18.6079,-32.9198],[18.5968,-32.9014]]]}},{"type":"Feature","properties":{"ward":2,"ward_id":"10105002","muni":"Swartland"},"geometry":{"type":"Polygon","coordinates":[[[18.6691,-33.1362],[18.6702,-33.1483],[18.663,-33.1554],[18.6539,-33.1537],[18.6568,-33.1613],[18.6673,-33.1628],[18.6817,-33.1541],[18.6821,-33.1437],[18.6769,-33.1465],[18.6754,-33.137],[18.6691,-33.1362]]]}},{"type":"Feature","properties":{"ward":3,"ward_id":"10105003","muni":"Swartland"},"geometry":{"type":"Polygon","coordinates":[[[18.7553,-32.9734],[18.747,-32.9759],[18.7472,-32.9942],[18.7298,-33.0318],[18.6898,-33.0904],[18.6805,-33.1283],[18.6817,-33.1541],[18.6727,-33.1594],[18.6811,-33.1671],[18.6716,-33.224],[18.6783,-33.2464],[18.675,-33.2606],[18.7094,-33.3912],[18.7452,-33.3888],[18.7521,-33.4021],[18.79,-33.4016],[18.8098,-33.3901],[18.8075,-33.3831],[18.8183,-33.3713],[18.8219,-33.3804],[18.8436,-33.3646],[18.8706,-33.3824],[18.888,-33.3736],[18.8808,-33.3655],[18.9079,-33.3632],[18.9073,-33.3532],[18.9353,-33.3396],[18.9459,-33.3404],[18.9422,-33.3364],[18.9623,-33.3231],[18.9795,-33.3256],[18.9794,-33.3169],[18.9958,-33.3137],[18.9974,-33.3077],[18.9795,-33.2968],[18.9812,-33.2924],[18.9732,-33.2886],[18.975,-33.2781],[18.9646,-33.2679],[18.9509,-33.2655],[18.9547,-33.2598],[18.9457,-33.253],[18.9507,-33.2475],[18.9474,-33.2395],[18.9564,-33.2336],[18.9574,-33.2238],[18.9434,-33.2086],[18.9471,-33.2024],[18.9322,-33.2029],[18.9387,-33.1951],[18.9214,-33.1862],[18.9118,-33.158],[18.8866,-33.1591],[18.8782,-33.147],[18.865,-33.147],[18.8631,-33.1303],[18.8541,-33.1294],[18.8556,-33.1191],[18.8447,-33.1173],[18.8415,-33.0985],[18.8345,-33.0957],[18.8315,-33.0696],[18.8214,-33.0718],[18.8195,-33.0552],[18.8057,-33.0505],[18.8164,-33.0316],[18.8014,-33.0238],[18.7894,-33.0281],[18.7824,-32.9996],[18.7553,-32.9734]]]}},{"type":"Feature","properties":{"ward":4,"ward_id":"10105004","muni":"Swartland"},"geometry":{"type":"Polygon","coordinates":[[[18.6126,-33.2819],[18.6045,-33.2737],[18.5947,-33.28],[18.5979,-33.2911],[18.5438,-33.3134],[18.5569,-33.2842],[18.5463,-33.2751],[18.4909,-33.2846],[18.51,-33.3079],[18.5092,-33.352],[18.5395,-33.3985],[18.4812,-33.4259],[18.4555,-33.4713],[18.5094,-33.4896],[18.5245,-33.5036],[18.5242,-33.5252],[18.564,-33.5235],[18.5764,-33.5315],[18.58,-33.5577],[18.5686,-33.5621],[18.5744,-33.5735],[18.6059,-33.5855],[18.6716,-33.482],[18.6975,-33.4789],[18.6999,-33.475],[18.6906,-33.4697],[18.6991,-33.454],[18.719,-33.4455],[18.7199,-33.4353],[18.6836,-33.2904],[18.6571,-33.2901],[18.6278,-33.2762],[18.6126,-33.2819]]]}},{"type":"Feature","properties":{"ward":5,"ward_id":"10105005","muni":"Swartland"},"geometry":{"type":"MultiPolygon","coordinates":[[[[18.0743,-33.4126],[18.0848,-33.4287],[18.0817,-33.4322],[18.0985,-33.4315],[18.0896,-33.4135],[18.0833,-33.4186],[18.0743,-33.4126]]],[[[18.3084,-33.1799],[18.2879,-33.13],[18.2444,-33.1534],[18.2317,-33.1527],[18.2384,-33.1957],[18.2021,-33.2112],[18.2062,-33.2733],[18.2266,-33.3095],[18.2049,-33.308],[18.1913,-33.2956],[18.1884,-33.3167],[18.1835,-33.3118],[18.1828,-33.318],[18.1562,-33.3206],[18.1602,-33.343],[18.1458,-33.3494],[18.1628,-33.3687],[18.2123,-33.3945],[18.2502,-33.4227],[18.3073,-33.4813],[18.3102,-33.4963],[18.3165,-33.4973],[18.3125,-33.5068],[18.3254,-33.517],[18.3148,-33.5313],[18.3182,-33.5401],[18.3119,-33.5409],[18.3076,-33.5651],[18.3236,-33.5754],[18.3268,-33.5699],[18.3419,-33.5721],[18.3413,-33.5586],[18.3604,-33.5489],[18.3692,-33.5253],[18.3837,-33.5117],[18.4262,-33.5112],[18.4399,-33.4979],[18.4842,-33.4246],[18.4547,-33.4059],[18.4022,-33.3957],[18.3896,-33.3843],[18.3822,-33.3897],[18.377,-33.3834],[18.3938,-33.3565],[18.3776,-33.3523],[18.3709,-33.3674],[18.346,-33.358],[18.3362,-33.3413],[18.3517,-33.3389],[18.3586,-33.3094],[18.343,-33.3002],[18.329,-33.2614],[18.3671,-33.2523],[18.3661,-33.2271],[18.3549,-33.2184],[18.3939,-33.186],[18.368,-33.1554],[18.3276,-33.1636],[18.3084,-33.1799]]]]}},{"type":"Feature","properties":{"ward":6,"ward_id":"10105006","muni":"Swartland"},"geometry":{"type":"Polygon","coordinates":[[[18.4201,-33.1922],[18.3939,-33.186],[18.3549,-33.2184],[18.3661,-33.2271],[18.3671,-33.2523],[18.329,-33.2614],[18.343,-33.3002],[18.3586,-33.3094],[18.3517,-33.3389],[18.3362,-33.3413],[18.346,-33.358],[18.3709,-33.3674],[18.3776,-33.3523],[18.3938,-33.3565],[18.377,-33.3834],[18.3822,-33.3897],[18.3896,-33.3843],[18.4022,-33.3957],[18.4547,-33.4059],[18.4842,-33.4246],[18.5395,-33.3985],[18.5092,-33.352],[18.51,-33.3079],[18.4909,-33.2846],[18.5463,-33.2751],[18.4993,-33.2276],[18.4443,-33.2181],[18.4466,-33.2091],[18.4201,-33.1922]]]}},{"type":"Feature","properties":{"ward":7,"ward_id":"10105007","muni":"Swartland"},"geometry":{"type":"Polygon","coordinates":[[[18.8153,-33.483],[18.7962,-33.4736],[18.7802,-33.4538],[18.762,-33.447],[18.7472,-33.4577],[18.7582,-33.468],[18.7552,-33.4845],[18.7379,-33.4806],[18.7288,-33.4669],[18.7195,-33.4741],[18.7119,-33.4697],[18.6974,-33.4736],[18.6923,-33.4822],[18.6716,-33.482],[18.6102,-33.5851],[18.618,-33.5844],[18.627,-33.6246],[18.645,-33.6357],[18.6552,-33.6343],[18.6709,-33.6474],[18.6897,-33.6652],[18.6927,-33.6813],[18.7119,-33.6759],[18.7367,-33.687],[18.752,-33.6768],[18.7632,-33.6489],[18.7782,-33.6491],[18.8167,-33.598],[18.7961,-33.5737],[18.7888,-33.5331],[18.7757,-33.5316],[18.7716,-33.5211],[18.7949,-33.5134],[18.8027,-33.4954],[18.8208,-33.4993],[18.8153,-33.483]]]}},{"type":"Feature","properties":{"ward":8,"ward_id":"10105008","muni":"Swartland"},"geometry":{"type":"Polygon","coordinates":[[[18.7465,-33.4523],[18.7304,-33.4631],[18.7186,-33.4592],[18.718,-33.464],[18.7142,-33.457],[18.7066,-33.4678],[18.7145,-33.4745],[18.7288,-33.4669],[18.7379,-33.4806],[18.7552,-33.4845],[18.7582,-33.468],[18.7465,-33.4523]]]}},{"type":"Feature","properties":{"ward":10,"ward_id":"10105010","muni":"Swartland"},"geometry":{"type":"Polygon","coordinates":[[[18.7342,-33.4494],[18.7233,-33.44],[18.6984,-33.4588],[18.7036,-33.4654],[18.7142,-33.457],[18.718,-33.464],[18.7186,-33.4592],[18.7304,-33.4631],[18.7465,-33.4521],[18.7472,-33.4476],[18.7342,-33.4494]]]}},{"type":"Feature","properties":{"ward":11,"ward_id":"10105011","muni":"Swartland"},"geometry":{"type":"Polygon","coordinates":[[[18.7068,-33.4725],[18.7073,-33.4598],[18.701,-33.4703],[18.6906,-33.4697],[18.7068,-33.4725]]]}},{"type":"Feature","properties":{"ward":1,"ward_id":"10202001","muni":"Witzenberg"},"geometry":{"type":"Polygon","coordinates":[[[19.3471,-33.3593],[19.3457,-33.3536],[19.3394,-33.3589],[19.3471,-33.3593]]]}},{"type":"Feature","properties":{"ward":2,"ward_id":"10202002","muni":"Witzenberg"},"geometry":{"type":"Polygon","coordinates":[[[19.2413,-33.412],[19.2147,-33.4106],[19.1984,-33.4183],[19.1992,-33.4285],[19.1839,-33.4412],[19.1623,-33.4343],[19.1539,-33.4398],[19.1565,-33.4499],[19.1422,-33.438],[19.1066,-33.4607],[19.095,-33.4582],[19.1113,-33.5092],[19.0995,-33.5299],[19.1694,-33.5975],[19.1854,-33.562],[19.1987,-33.5572],[19.229,-33.5609],[19.2017,-33.5383],[19.212,-33.5299],[19.2228,-33.539],[19.2359,-33.5374],[19.2439,-33.5516],[19.3071,-33.5312],[19.316,-33.4742],[19.2788,-33.4652],[19.2763,-33.4291],[19.2698,-33.422],[19.2413,-33.412]]]}},{"type":"Feature","properties":{"ward":3,"ward_id":"10202003","muni":"Witzenberg"},"geometry":{"type":"Polygon","coordinates":[[[19.3245,-33.2942],[19.2744,-33.2796],[19.2414,-33.3385],[19.2634,-33.3841],[19.2588,-33.4198],[19.2763,-33.4291],[19.2788,-33.4652],[19.316,-33.4742],[19.3164,-33.4446],[19.3518,-33.3961],[19.3313,-33.3907],[19.3329,-33.3845],[19.3197,-33.3802],[19.3001,-33.3586],[19.3096,-33.3543],[19.3098,-33.3287],[19.3277,-33.3002],[19.3245,-33.2942]]]}},{"type":"Feature","properties":{"ward":4,"ward_id":"10202004","muni":"Witzenberg"},"geometry":{"type":"Polygon","coordinates":[[[19.3425,-33.2728],[19.3234,-33.2695],[19.3257,-33.2819],[19.319,-33.2791],[19.3277,-33.3002],[19.3098,-33.3287],[19.3183,-33.3296],[19.3262,-33.319],[19.3449,-33.3146],[19.3424,-33.3102],[19.3569,-33.303],[19.3516,-33.2933],[19.3557,-33.2858],[19.348,-33.2857],[19.3425,-33.2728]]]}},{"type":"Feature","properties":{"ward":12,"ward_id":"10202012","muni":"Witzenberg"},"geometry":{"type":"Polygon","coordinates":[[[20.1665,-32.2271],[20.1809,-32.1845],[20.1359,-32.1923],[20.1157,-32.211],[20.097,-32.2502],[20.0536,-32.2523],[20.0386,-32.2964],[20.0044,-32.3299],[19.9682,-32.3505],[19.9375,-32.3773],[19.8739,-32.3832],[19.8495,-32.3662],[19.8178,-32.3607],[19.8027,-32.3937],[19.7641,-32.4111],[19.7366,-32.3855],[19.7313,-32.4101],[19.7074,-32.4203],[19.7302,-32.4424],[19.6797,-32.4635],[19.6549,-32.4388],[19.6218,-32.4706],[19.6265,-32.502],[19.6071,-32.5454],[19.612,-32.5665],[19.6049,-32.6295],[19.5872,-32.6478],[19.6137,-32.7022],[19.5935,-32.7124],[19.5992,-32.7661],[19.6252,-32.8273],[19.6571,-32.8577],[19.6565,-32.9151],[19.6478,-32.9662],[19.649,-33.0592],[19.6245,-33.0464],[19.6106,-33.0787],[19.5834,-33.1055],[19.6001,-33.1058],[19.6072,-33.1309],[19.624,-33.1563],[19.6187,-33.1691],[19.5529,-33.1906],[19.5566,-33.211],[19.5082,-33.1981],[19.4603,-33.253],[19.4517,-33.2537],[19.4522,-33.2597],[19.4294,-33.2544],[19.3958,-33.3129],[19.3562,-33.3029],[19.3424,-33.3102],[19.3449,-33.3146],[19.3262,-33.319],[19.3255,-33.3616],[19.3457,-33.3536],[19.4145,-33.3752],[19.4426,-33.3636],[19.4773,-33.3896],[19.5209,-33.4374],[19.5379,-33.4264],[19.5497,-33.3953],[19.5807,-33.3645],[19.6687,-33.3819],[19.7545,-33.3726],[19.8298,-33.381],[19.9085,-33.3627],[19.9344,-33.348],[19.9554,-33.3177],[19.972,-33.3168],[19.9976,-33.2591],[20.0138,-33.2388],[20.087,-33.1933],[20.1202,-33.1916],[20.1461,-33.1735],[20.2022,-33.1701],[20.2512,-33.1499],[20.3064,-33.1593],[20.3185,-33.1209],[20.2791,-33.0639],[20.3026,-33.068],[20.3343,-33.0358],[20.3837,-33.0363],[20.395,-32.9932],[20.4347,-32.9719],[20.4386,-32.9401],[20.3801,-32.9019],[20.3639,-32.9108],[20.3572,-32.8641],[20.3417,-32.8578],[20.2999,-32.805],[20.2573,-32.7997],[20.219,-32.7847],[20.1876,-32.7527],[20.1917,-32.6858],[20.1814,-32.6681],[20.1412,-32.6437],[20.1369,-32.611],[20.1147,-32.5702],[20.1228,-32.557],[20.0968,-32.503],[20.0796,-32.3973],[20.132,-32.4211],[20.1704,-32.3809],[20.1635,-32.351],[20.216,-32.3032],[20.2542,-32.3109],[20.2408,-32.2242],[20.1665,-32.2271]]]}},{"type":"Feature","properties":{"ward":5,"ward_id":"10202005","muni":"Witzenberg"},"geometry":{"type":"Polygon","coordinates":[[[19.3258,-33.3426],[19.3094,-33.3405],[19.3096,-33.3543],[19.2999,-33.3548],[19.3025,-33.364],[19.3329,-33.3845],[19.3313,-33.3907],[19.3518,-33.3961],[19.3164,-33.4446],[19.3151,-33.5002],[19.3071,-33.5312],[19.2439,-33.5516],[19.2359,-33.5374],[19.2228,-33.539],[19.212,-33.5299],[19.2013,-33.5373],[19.229,-33.5609],[19.2395,-33.5588],[19.2521,-33.5797],[19.2786,-33.5872],[19.2885,-33.5979],[19.2766,-33.6102],[19.28,-33.6139],[19.2867,-33.6067],[19.3113,-33.6071],[19.3167,-33.5975],[19.3227,-33.6035],[19.3481,-33.6008],[19.3623,-33.624],[19.3786,-33.6191],[19.3767,-33.5883],[19.3811,-33.5837],[19.3672,-33.5678],[19.3954,-33.5574],[19.4053,-33.4805],[19.4732,-33.4616],[19.5209,-33.4374],[19.4773,-33.3896],[19.4426,-33.3636],[19.4145,-33.3752],[19.3503,-33.3544],[19.3255,-33.3616],[19.3258,-33.3426]]]}},{"type":"Feature","properties":{"ward":6,"ward_id":"10202006","muni":"Witzenberg"},"geometry":{"type":"Polygon","coordinates":[[[19.3261,-33.3248],[19.3098,-33.3287],[19.3094,-33.3405],[19.3258,-33.3426],[19.3261,-33.3248]]]}},{"type":"Feature","properties":{"ward":7,"ward_id":"10202007","muni":"Witzenberg"},"geometry":{"type":"Polygon","coordinates":[[[19.2215,-33.2672],[19.2198,-33.2359],[19.212,-33.233],[19.2157,-33.2459],[19.1759,-33.2497],[19.1741,-33.2561],[19.134,-33.2712],[19.1491,-33.275],[19.1453,-33.2809],[19.1559,-33.2901],[19.1059,-33.3091],[19.1123,-33.3209],[19.0839,-33.3192],[19.0863,-33.4311],[19.095,-33.4582],[19.1066,-33.4607],[19.1422,-33.438],[19.1565,-33.4499],[19.1539,-33.4398],[19.1623,-33.4343],[19.1839,-33.4412],[19.1992,-33.4285],[19.1984,-33.4183],[19.2147,-33.4106],[19.259,-33.4182],[19.2634,-33.3841],[19.2297,-33.3166],[19.2231,-33.291],[19.2298,-33.2896],[19.2215,-33.2672]]]}},{"type":"Feature","properties":{"ward":8,"ward_id":"10202008","muni":"Witzenberg"},"geometry":{"type":"Polygon","coordinates":[[[19.4992,-32.6121],[19.4868,-32.5654],[19.4756,-32.5969],[19.4522,-32.6078],[19.4533,-32.6257],[19.4413,-32.6381],[19.4379,-32.6258],[19.419,-32.6223],[19.3961,-32.6067],[19.3569,-32.6164],[19.3598,-32.6389],[19.3791,-32.6531],[19.3838,-32.7238],[19.339,-32.7493],[19.3922,-32.8235],[19.3941,-32.8841],[19.3831,-32.8928],[19.4078,-32.9406],[19.395,-32.9367],[19.381,-32.9452],[19.3484,-32.9436],[19.3331,-32.9558],[19.3353,-32.9658],[19.2802,-32.9633],[19.276,-32.9474],[19.2626,-32.9545],[19.262,-32.9884],[19.2849,-33.0545],[19.2756,-33.0656],[19.2937,-33.1062],[19.2952,-33.2001],[19.3155,-33.197],[19.3157,-33.2157],[19.3219,-33.2247],[19.361,-33.2189],[19.373,-33.2383],[19.4074,-33.2394],[19.4294,-33.2544],[19.4522,-33.2597],[19.4517,-33.2537],[19.4603,-33.253],[19.5082,-33.1981],[19.5566,-33.211],[19.5529,-33.1906],[19.6187,-33.1691],[19.624,-33.1563],[19.6072,-33.1309],[19.6001,-33.1058],[19.5834,-33.1055],[19.6106,-33.0787],[19.6245,-33.0464],[19.649,-33.0592],[19.6478,-32.9662],[19.6565,-32.9151],[19.6571,-32.8577],[19.6252,-32.8273],[19.5992,-32.7661],[19.5935,-32.7124],[19.6137,-32.7022],[19.5872,-32.6478],[19.5282,-32.6732],[19.4992,-32.6121]]]}},{"type":"Feature","properties":{"ward":9,"ward_id":"10202009","muni":"Witzenberg"},"geometry":{"type":"Polygon","coordinates":[[[19.2231,-32.5747],[19.1592,-32.5719],[19.1486,-32.5855],[19.1564,-32.6043],[19.1376,-32.6046],[19.143,-32.6214],[19.2048,-32.7111],[19.2086,-32.731],[19.1718,-32.7368],[19.1706,-32.7958],[19.1844,-32.8271],[19.1862,-32.8682],[19.1537,-32.984],[19.1851,-32.9726],[19.204,-33.0083],[19.2756,-33.0656],[19.2849,-33.0545],[19.262,-32.9884],[19.2626,-32.9545],[19.276,-32.9474],[19.2802,-32.9633],[19.3353,-32.9658],[19.3331,-32.9558],[19.3484,-32.9436],[19.381,-32.9452],[19.395,-32.9367],[19.4078,-32.9406],[19.3831,-32.8928],[19.3941,-32.8841],[19.3922,-32.8235],[19.339,-32.7493],[19.3838,-32.7238],[19.3791,-32.6531],[19.3598,-32.6389],[19.3569,-32.6164],[19.3412,-32.5831],[19.32,-32.5746],[19.2647,-32.5887],[19.2231,-32.5747]]]}},{"type":"Feature","properties":{"ward":10,"ward_id":"10202010","muni":"Witzenberg"},"geometry":{"type":"Polygon","coordinates":[[[19.2937,-33.1062],[19.2756,-33.0656],[19.204,-33.0083],[19.1851,-32.9726],[19.1537,-32.984],[19.1774,-33.06],[19.173,-33.0919],[19.2135,-33.0894],[19.2153,-33.2098],[19.2083,-33.2215],[19.212,-33.233],[19.2198,-33.2359],[19.2206,-33.2648],[19.2298,-33.2896],[19.2231,-33.291],[19.2414,-33.3385],[19.2744,-33.2796],[19.3192,-33.2895],[19.3192,-33.2788],[19.3257,-33.2819],[19.3234,-33.2695],[19.3425,-33.2728],[19.348,-33.2857],[19.3557,-33.2858],[19.3516,-33.2933],[19.3569,-33.303],[19.3958,-33.3129],[19.4294,-33.2544],[19.4074,-33.2394],[19.373,-33.2383],[19.361,-33.2189],[19.3219,-33.2247],[19.3157,-33.2157],[19.3155,-33.197],[19.2952,-33.2001],[19.2937,-33.1062]]]}},{"type":"Feature","properties":{"ward":11,"ward_id":"10202011","muni":"Witzenberg"},"geometry":{"type":"Polygon","coordinates":[[[19.2153,-33.2098],[19.2135,-33.0894],[19.173,-33.0919],[19.1462,-33.1061],[19.0896,-33.1141],[19.0724,-33.1277],[19.0657,-33.1496],[19.0824,-33.1654],[19.08,-33.1796],[19.0577,-33.2001],[19.0752,-33.2131],[19.078,-33.2371],[19.063,-33.2313],[19.0659,-33.2667],[19.0577,-33.2674],[19.0678,-33.2919],[19.0617,-33.297],[19.0801,-33.3186],[19.1123,-33.3209],[19.1059,-33.3091],[19.1559,-33.2901],[19.1453,-33.2809],[19.1491,-33.275],[19.134,-33.2712],[19.1741,-33.2561],[19.1759,-33.2497],[19.2157,-33.2459],[19.2083,-33.2215],[19.2153,-33.2098]]]}},{"type":"Feature","properties":{"ward":2,"ward_id":"10203002","muni":"Drakenstein"},"geometry":{"type":"Polygon","coordinates":[[[19.0223,-33.629],[19.008,-33.6353],[19.013,-33.6374],[19.0068,-33.6405],[19.0116,-33.6516],[19.0276,-33.6455],[19.0223,-33.629]]]}},{"type":"Feature","properties":{"ward":3,"ward_id":"10203003","muni":"Drakenstein"},"geometry":{"type":"Polygon","coordinates":[[[18.9381,-33.5603],[18.9387,-33.5458],[18.8997,-33.5511],[18.8928,-33.5715],[18.8513,-33.5714],[18.8443,-33.575],[18.8474,-33.5874],[18.8383,-33.5897],[18.8363,-33.6044],[18.8182,-33.5952],[18.7875,-33.6376],[18.8222,-33.6418],[18.7937,-33.6794],[18.7946,-33.7068],[18.822,-33.7083],[18.8322,-33.699],[18.8546,-33.7177],[18.8587,-33.6987],[18.8695,-33.6925],[18.8627,-33.6854],[18.8812,-33.6727],[18.909,-33.6704],[18.9128,-33.6959],[18.9262,-33.7036],[18.9206,-33.6779],[18.9247,-33.6739],[18.9312,-33.6972],[18.9399,-33.6838],[18.9458,-33.6908],[18.9368,-33.7001],[18.9378,-33.7086],[18.95,-33.7029],[18.9538,-33.7164],[18.9485,-33.7276],[18.9634,-33.7269],[18.9575,-33.6938],[18.924,-33.6634],[18.9847,-33.6406],[18.9725,-33.6214],[18.9688,-33.5896],[18.9457,-33.5849],[18.9528,-33.5672],[18.9381,-33.5603]]]}},{"type":"Feature","properties":{"ward":4,"ward_id":"10203004","muni":"Drakenstein"},"geometry":{"type":"Polygon","coordinates":[[[18.9685,-33.731],[18.9437,-33.7304],[18.9536,-33.7368],[18.9503,-33.7517],[18.9682,-33.7537],[18.9761,-33.7377],[18.9688,-33.738],[18.9685,-33.731]]]}},{"type":"Feature","properties":{"ward":6,"ward_id":"10203006","muni":"Drakenstein"},"geometry":{"type":"Polygon","coordinates":[[[18.9904,-33.6711],[18.9852,-33.6763],[18.9919,-33.6767],[18.9904,-33.6711]]]}},{"type":"Feature","properties":{"ward":18,"ward_id":"10203018","muni":"Drakenstein"},"geometry":{"type":"Polygon","coordinates":[[[18.9607,-33.4613],[18.938,-33.4701],[18.934,-33.4917],[18.9398,-33.4994],[18.9399,-33.5214],[18.9314,-33.5251],[18.9417,-33.552],[18.9381,-33.5603],[18.9528,-33.5672],[18.9457,-33.5849],[18.9688,-33.5896],[18.9725,-33.6214],[18.9847,-33.6406],[18.9694,-33.6457],[18.967,-33.6625],[18.9854,-33.671],[18.9911,-33.6421],[19.0014,-33.6446],[19.0223,-33.629],[19.0276,-33.6455],[19.0384,-33.6463],[19.047,-33.6555],[19.0694,-33.6555],[19.09,-33.6722],[19.1153,-33.6628],[19.1238,-33.6754],[19.1072,-33.6858],[19.1487,-33.7021],[19.1475,-33.6561],[19.102,-33.6068],[19.1065,-33.5901],[19.0786,-33.5923],[19.0667,-33.602],[19.0688,-33.6148],[19.0596,-33.6063],[19.038,-33.6191],[19.0347,-33.6323],[19.0243,-33.6261],[19.0058,-33.6305],[18.9998,-33.59],[18.9915,-33.5896],[18.9747,-33.5688],[18.9806,-33.4959],[18.9607,-33.4613]]]}},{"type":"Feature","properties":{"ward":15,"ward_id":"10203015","muni":"Drakenstein"},"geometry":{"type":"Polygon","coordinates":[[[18.9537,-33.7169],[18.95,-33.7029],[18.9378,-33.7086],[18.9368,-33.7001],[18.9458,-33.6908],[18.9399,-33.6838],[18.9312,-33.6972],[18.9247,-33.6739],[18.9206,-33.6779],[18.9262,-33.7036],[18.9128,-33.6959],[18.9101,-33.685],[18.9079,-33.747],[18.9242,-33.7623],[18.9275,-33.7558],[18.9374,-33.7629],[18.9377,-33.7696],[18.9544,-33.7831],[18.9652,-33.7741],[18.9735,-33.7795],[18.9851,-33.7766],[18.9826,-33.7575],[18.9788,-33.7603],[18.9708,-33.7512],[18.9503,-33.7517],[18.9536,-33.7368],[18.9437,-33.7304],[18.9537,-33.7169]]]}},{"type":"Feature","properties":{"ward":16,"ward_id":"10203016","muni":"Drakenstein"},"geometry":{"type":"Polygon","coordinates":[[[18.9869,-33.6902],[18.9849,-33.6787],[18.9818,-33.6984],[18.9881,-33.7012],[18.9941,-33.6876],[18.9869,-33.6902]]]}},{"type":"Feature","properties":{"ward":17,"ward_id":"10203017","muni":"Drakenstein"},"geometry":{"type":"Polygon","coordinates":[[[18.9675,-33.6518],[18.924,-33.6634],[18.9569,-33.6931],[18.96,-33.7086],[18.9743,-33.7074],[18.9717,-33.7159],[18.9791,-33.7135],[18.9854,-33.671],[18.9704,-33.6664],[18.9675,-33.6518]]]}},{"type":"Feature","properties":{"ward":19,"ward_id":"10203019","muni":"Drakenstein"},"geometry":{"type":"Polygon","coordinates":[[[18.9734,-33.7084],[18.9566,-33.7086],[18.9628,-33.7108],[18.9688,-33.738],[18.9761,-33.7377],[18.9824,-33.7258],[18.9825,-33.7132],[18.9717,-33.7159],[18.9734,-33.7084]]]}},{"type":"Feature","properties":{"ward":25,"ward_id":"10203025","muni":"Drakenstein"},"geometry":{"type":"Polygon","coordinates":[[[19.1072,-33.6858],[19.0546,-33.6836],[19.0495,-33.6998],[19.0135,-33.6934],[19.0103,-33.7003],[18.9911,-33.707],[19.0039,-33.7245],[18.9999,-33.7266],[19.0178,-33.7367],[19.033,-33.7276],[19.0725,-33.7263],[19.0679,-33.7001],[19.0746,-33.6967],[19.0767,-33.7172],[19.0968,-33.7517],[19.1136,-33.7632],[19.1564,-33.8216],[19.214,-33.8569],[19.184,-33.7154],[19.1072,-33.6858]]]}},{"type":"Feature","properties":{"ward":26,"ward_id":"10203026","muni":"Drakenstein"},"geometry":{"type":"Polygon","coordinates":[[[19.0178,-33.7367],[19.0039,-33.7297],[19.0029,-33.7351],[19.0117,-33.7403],[19.0178,-33.7367]]]}},{"type":"Feature","properties":{"ward":27,"ward_id":"10203027","muni":"Drakenstein"},"geometry":{"type":"Polygon","coordinates":[[[19.0117,-33.7403],[19.0023,-33.736],[19.001,-33.7427],[19.0117,-33.7403]]]}},{"type":"Feature","properties":{"ward":28,"ward_id":"10203028","muni":"Drakenstein"},"geometry":{"type":"Polygon","coordinates":[[[19.0738,-33.6962],[19.0679,-33.7001],[19.0725,-33.7263],[19.0311,-33.728],[18.9826,-33.7575],[18.9851,-33.7766],[18.9731,-33.776],[18.9713,-33.7902],[18.9582,-33.8018],[18.9647,-33.8235],[18.9946,-33.85],[19.0466,-33.8405],[19.0558,-33.8596],[19.0942,-33.8317],[19.1427,-33.8634],[19.1646,-33.8685],[19.2141,-33.8571],[19.1564,-33.8216],[19.1136,-33.7632],[19.0968,-33.7517],[19.0767,-33.7172],[19.0738,-33.6962]]]}},{"type":"Feature","properties":{"ward":3,"ward_id":"10204003","muni":"Stellenbosch"},"geometry":{"type":"Polygon","coordinates":[[[19.1319,-33.8542],[19.0942,-33.8317],[19.0558,-33.8596],[19.0466,-33.8405],[19.0343,-33.8389],[18.9904,-33.8543],[18.9724,-33.8444],[18.9632,-33.855],[18.965,-33.8627],[18.9315,-33.8791],[18.9074,-33.8631],[18.9354,-33.8964],[18.966,-33.8899],[18.9575,-33.8996],[18.9791,-33.9147],[18.9978,-33.9038],[19.0515,-33.9103],[19.0519,-33.9188],[19.0641,-33.9141],[19.0742,-33.9364],[19.0798,-33.9297],[19.0756,-33.9205],[19.0852,-33.9099],[19.0709,-33.8924],[19.0882,-33.8787],[19.107,-33.8816],[19.1319,-33.8542]]]}},{"type":"Feature","properties":{"ward":29,"ward_id":"10203029","muni":"Drakenstein"},"geometry":{"type":"Polygon","coordinates":[[[19.0068,-33.6405],[18.9908,-33.6437],[19.017,-33.6623],[19.0177,-33.67],[19.007,-33.6715],[19.0148,-33.6819],[18.995,-33.6902],[19.0109,-33.6996],[19.016,-33.6934],[19.0495,-33.6998],[19.0546,-33.6836],[19.0867,-33.6889],[19.1072,-33.6858],[19.1238,-33.6754],[19.1153,-33.6628],[19.09,-33.6722],[19.0694,-33.6555],[19.047,-33.6555],[19.0375,-33.6461],[19.0223,-33.6448],[19.0116,-33.6516],[19.0068,-33.6405]]]}},{"type":"Feature","properties":{"ward":30,"ward_id":"10203030","muni":"Drakenstein"},"geometry":{"type":"Polygon","coordinates":[[[19.0657,-33.1496],[19.0724,-33.1277],[19.051,-33.142],[19.0198,-33.1417],[18.9801,-33.1521],[18.956,-33.1674],[18.9565,-33.1865],[18.9834,-33.1886],[18.9838,-33.2028],[19.0052,-33.2194],[19.0751,-33.213],[19.0577,-33.2001],[19.08,-33.1796],[19.0824,-33.1654],[19.0657,-33.1496]]]}},{"type":"Feature","properties":{"ward":5,"ward_id":"10204005","muni":"Stellenbosch"},"geometry":{"type":"Polygon","coordinates":[[[18.9068,-33.8627],[18.9003,-33.8663],[18.9077,-33.8758],[18.8986,-33.8742],[18.902,-33.8799],[18.8795,-33.8921],[18.8702,-33.9141],[18.8767,-33.9226],[18.8896,-33.9181],[18.8866,-33.9238],[18.8979,-33.9295],[18.8916,-33.9312],[18.8899,-33.9403],[18.8842,-33.9382],[18.8844,-33.9527],[18.9411,-33.9851],[18.9287,-34.0008],[18.9695,-34.0199],[18.9725,-34.0569],[18.9632,-34.075],[18.9704,-34.0831],[18.9846,-34.0359],[19.0264,-34.0206],[19.0219,-33.9999],[19.0402,-33.999],[18.9791,-33.9147],[18.9696,-33.9198],[18.9657,-33.932],[18.9823,-33.9492],[18.9767,-33.9552],[18.9214,-33.9299],[18.9241,-33.8847],[18.9068,-33.8627]]]}},{"type":"Feature","properties":{"ward":1,"ward_id":"10204001","muni":"Stellenbosch"},"geometry":{"type":"Polygon","coordinates":[[[19.1412,-33.8624],[19.1321,-33.854],[19.1045,-33.8847],[19.1025,-33.8928],[19.1155,-33.8994],[19.1122,-33.9047],[19.1028,-33.898],[19.0903,-33.9035],[19.0789,-33.8914],[19.0756,-33.9003],[19.0852,-33.9099],[19.0756,-33.9205],[19.0763,-33.9359],[19.0679,-33.9314],[19.0641,-33.9141],[19.0519,-33.9188],[19.0515,-33.9103],[18.9978,-33.9038],[18.9791,-33.9147],[19.0402,-33.999],[19.0219,-33.9999],[19.0264,-34.0206],[19.1261,-33.9617],[19.1456,-33.956],[19.1646,-33.9714],[19.191,-33.9472],[19.2066,-33.9504],[19.2438,-33.8974],[19.2141,-33.8571],[19.1646,-33.8685],[19.1412,-33.8624]]]}},{"type":"Feature","properties":{"ward":2,"ward_id":"10204002","muni":"Stellenbosch"},"geometry":{"type":"Polygon","coordinates":[[[19.1025,-33.8928],[19.107,-33.8816],[19.0882,-33.8787],[19.0709,-33.8924],[19.0756,-33.9003],[19.0789,-33.8914],[19.0903,-33.9035],[19.1028,-33.898],[19.1122,-33.9047],[19.1154,-33.8993],[19.1025,-33.8928]]]}},{"type":"Feature","properties":{"ward":4,"ward_id":"10204004","muni":"Stellenbosch"},"geometry":{"type":"Polygon","coordinates":[[[18.9354,-33.8964],[18.9241,-33.8847],[18.9214,-33.9299],[18.9767,-33.9552],[18.9823,-33.9492],[18.9657,-33.932],[18.9696,-33.9198],[18.9791,-33.9147],[18.9575,-33.8996],[18.9662,-33.89],[18.9354,-33.8964]]]}},{"type":"Feature","properties":{"ward":6,"ward_id":"10204006","muni":"Stellenbosch"},"geometry":{"type":"Polygon","coordinates":[[[18.8681,-33.8221],[18.8528,-33.8268],[18.8565,-33.833],[18.8401,-33.8611],[18.847,-33.8682],[18.8478,-33.8841],[18.8592,-33.8944],[18.8579,-33.9224],[18.8956,-33.9268],[18.8866,-33.9238],[18.8895,-33.9181],[18.8767,-33.9226],[18.8702,-33.9141],[18.8795,-33.8921],[18.902,-33.8799],[18.8986,-33.8742],[18.9077,-33.8758],[18.9003,-33.8663],[18.9068,-33.8627],[18.8849,-33.8464],[18.8954,-33.8421],[18.8933,-33.8268],[18.8721,-33.8276],[18.8681,-33.8221]]]}},{"type":"Feature","properties":{"ward":7,"ward_id":"10204007","muni":"Stellenbosch"},"geometry":{"type":"Polygon","coordinates":[[[18.8956,-33.9268],[18.8777,-33.9253],[18.8674,-33.9298],[18.874,-33.9305],[18.8749,-33.9378],[18.8899,-33.9403],[18.8956,-33.9268]]]}},{"type":"Feature","properties":{"ward":8,"ward_id":"10204008","muni":"Stellenbosch"},"geometry":{"type":"Polygon","coordinates":[[[18.8676,-33.9312],[18.8694,-33.9424],[18.8818,-33.9389],[18.8749,-33.9378],[18.874,-33.9305],[18.8676,-33.9312]]]}},{"type":"Feature","properties":{"ward":10,"ward_id":"10204010","muni":"Stellenbosch"},"geometry":{"type":"Polygon","coordinates":[[[18.857,-33.9185],[18.854,-33.9265],[18.8622,-33.9318],[18.8777,-33.9253],[18.857,-33.9185]]]}},{"type":"Feature","properties":{"ward":11,"ward_id":"10204011","muni":"Stellenbosch"},"geometry":{"type":"Polygon","coordinates":[[[18.8064,-33.9129],[18.7889,-33.9024],[18.7779,-33.9079],[18.77,-33.9223],[18.7904,-33.9281],[18.7888,-33.9354],[18.8018,-33.9524],[18.8092,-33.9504],[18.7941,-33.9675],[18.857,-33.9415],[18.8568,-33.9326],[18.8414,-33.9304],[18.834,-33.922],[18.8331,-33.9094],[18.8064,-33.9129]]]}},{"type":"Feature","properties":{"ward":12,"ward_id":"10204012","muni":"Stellenbosch"},"geometry":{"type":"Polygon","coordinates":[[[18.8464,-33.9114],[18.8331,-33.9094],[18.834,-33.922],[18.8519,-33.9329],[18.8516,-33.9192],[18.8401,-33.923],[18.8464,-33.9114]]]}},{"type":"Feature","properties":{"ward":13,"ward_id":"10204013","muni":"Stellenbosch"},"geometry":{"type":"Polygon","coordinates":[[[18.8529,-33.9184],[18.8494,-33.91],[18.8461,-33.9193],[18.8529,-33.9184]]]}},{"type":"Feature","properties":{"ward":14,"ward_id":"10204014","muni":"Stellenbosch"},"geometry":{"type":"Polygon","coordinates":[[[18.8468,-33.9191],[18.8456,-33.9132],[18.8399,-33.9164],[18.8468,-33.9191]]]}},{"type":"Feature","properties":{"ward":15,"ward_id":"10204015","muni":"Stellenbosch"},"geometry":{"type":"Polygon","coordinates":[[[18.8492,-33.9223],[18.8404,-33.9198],[18.841,-33.9237],[18.8492,-33.9223]]]}},{"type":"Feature","properties":{"ward":16,"ward_id":"10204016","muni":"Stellenbosch"},"geometry":{"type":"Polygon","coordinates":[[[18.8534,-33.9201],[18.855,-33.91],[18.8465,-33.906],[18.8534,-33.9201]]]}},{"type":"Feature","properties":{"ward":17,"ward_id":"10204017","muni":"Stellenbosch"},"geometry":{"type":"Polygon","coordinates":[[[18.8592,-33.8974],[18.8461,-33.9004],[18.8581,-33.9189],[18.8592,-33.8974]]]}},{"type":"Feature","properties":{"ward":19,"ward_id":"10204019","muni":"Stellenbosch"},"geometry":{"type":"Polygon","coordinates":[[[18.8331,-33.8055],[18.8277,-33.7963],[18.8221,-33.7989],[18.8212,-33.8114],[18.7529,-33.8344],[18.7531,-33.85],[18.7458,-33.8603],[18.7512,-33.8937],[18.7452,-33.8869],[18.7172,-33.8985],[18.7098,-33.9218],[18.7398,-33.9328],[18.7672,-33.9261],[18.7779,-33.9079],[18.7889,-33.9024],[18.8188,-33.9148],[18.8265,-33.9084],[18.8494,-33.91],[18.8459,-33.8976],[18.8594,-33.895],[18.8478,-33.8841],[18.8396,-33.8562],[18.8565,-33.833],[18.847,-33.8041],[18.8331,-33.8055]]]}},{"type":"Feature","properties":{"ward":21,"ward_id":"10204021","muni":"Stellenbosch"},"geometry":{"type":"Polygon","coordinates":[[[18.8924,-33.9556],[18.8729,-33.9551],[18.8749,-33.9596],[18.856,-33.9535],[18.8535,-33.959],[18.8494,-33.9556],[18.8281,-33.9654],[18.8214,-33.9594],[18.8095,-33.9713],[18.832,-33.9915],[18.8503,-33.9914],[18.8839,-34.0266],[18.8972,-34.0264],[18.9227,-34.0139],[18.9193,-34.006],[18.9411,-33.9851],[18.8924,-33.9556]]]}},{"type":"Feature","properties":{"ward":22,"ward_id":"10204022","muni":"Stellenbosch"},"geometry":{"type":"Polygon","coordinates":[[[18.8844,-33.9527],[18.8842,-33.9382],[18.8688,-33.9387],[18.8451,-33.9428],[18.8203,-33.958],[18.8281,-33.9654],[18.8494,-33.9556],[18.8535,-33.959],[18.856,-33.9535],[18.8749,-33.9596],[18.8729,-33.9551],[18.8844,-33.9527]]]}},{"type":"Feature","properties":{"ward":1,"ward_id":"10205001","muni":"Breede Valley"},"geometry":{"type":"Polygon","coordinates":[[[20.2092,-33.3798],[20.2395,-33.3099],[20.2035,-33.3027],[20.2512,-33.2915],[20.2356,-33.2624],[20.2471,-33.2458],[20.244,-33.2365],[20.258,-33.1885],[20.2022,-33.1701],[20.1461,-33.1735],[20.1202,-33.1916],[20.087,-33.1933],[20.0138,-33.2388],[19.9976,-33.2591],[19.972,-33.3168],[19.9554,-33.3177],[19.9344,-33.348],[19.9085,-33.3627],[19.8306,-33.3794],[19.8372,-33.3966],[19.7648,-33.3976],[19.7789,-33.4306],[19.7662,-33.4912],[19.7927,-33.5014],[19.775,-33.5333],[19.7985,-33.5379],[19.8388,-33.566],[19.8652,-33.57],[19.8701,-33.5421],[19.9171,-33.5193],[19.9257,-33.5333],[19.9587,-33.5176],[19.9833,-33.5333],[19.9925,-33.5568],[20.0487,-33.5516],[20.0631,-33.5429],[20.0781,-33.553],[20.1054,-33.5507],[20.1254,-33.5563],[20.1731,-33.5262],[20.2149,-33.5413],[20.2415,-33.538],[20.2678,-33.5129],[20.3157,-33.502],[20.3861,-33.4592],[20.4276,-33.4489],[20.4167,-33.4355],[20.3898,-33.4241],[20.3356,-33.4256],[20.3489,-33.4049],[20.3456,-33.3943],[20.3537,-33.3941],[20.3663,-33.3816],[20.368,-33.3663],[20.2092,-33.3798]]]}},{"type":"Feature","properties":{"ward":2,"ward_id":"10205002","muni":"Breede Valley"},"geometry":{"type":"Polygon","coordinates":[[[19.775,-33.5333],[19.7927,-33.5014],[19.7662,-33.4912],[19.7789,-33.4306],[19.7648,-33.3976],[19.7564,-33.4054],[19.7654,-33.4152],[19.7316,-33.4145],[19.7202,-33.4353],[19.7074,-33.4417],[19.6871,-33.4777],[19.6677,-33.4856],[19.6653,-33.4942],[19.6973,-33.5182],[19.713,-33.5126],[19.7565,-33.5153],[19.7502,-33.5344],[19.775,-33.5333]]]}},{"type":"Feature","properties":{"ward":3,"ward_id":"10205003","muni":"Breede Valley"},"geometry":{"type":"Polygon","coordinates":[[[19.8317,-33.3807],[19.7545,-33.3726],[19.6687,-33.3819],[19.6692,-33.4335],[19.65,-33.4412],[19.6408,-33.452],[19.6653,-33.4654],[19.6612,-33.4709],[19.6689,-33.4811],[19.6854,-33.479],[19.7074,-33.4417],[19.7202,-33.4353],[19.733,-33.4136],[19.7654,-33.4152],[19.7564,-33.4054],[19.7649,-33.3975],[19.8372,-33.3966],[19.8317,-33.3807]]]}},{"type":"Feature","properties":{"ward":4,"ward_id":"10205004","muni":"Breede Valley"},"geometry":{"type":"Polygon","coordinates":[[[19.6687,-33.3819],[19.5807,-33.3645],[19.5497,-33.3953],[19.5379,-33.4264],[19.57,-33.467],[19.5855,-33.4713],[19.5899,-33.4796],[19.5971,-33.4775],[19.6107,-33.5045],[19.6292,-33.4984],[19.6376,-33.5365],[19.6907,-33.5277],[19.7363,-33.5373],[19.7477,-33.5303],[19.7565,-33.5153],[19.713,-33.5126],[19.6973,-33.5182],[19.6653,-33.4942],[19.6737,-33.4835],[19.6612,-33.4709],[19.6653,-33.4654],[19.6408,-33.452],[19.65,-33.4412],[19.6692,-33.4335],[19.6687,-33.3819]]]}},{"type":"Feature","properties":{"ward":4,"ward_id":"10408004","muni":"Knysna"},"geometry":{"type":"Polygon","coordinates":[[[23.2385,-33.8946],[23.229,-33.8783],[23.1837,-33.8622],[23.0765,-33.8086],[23.03,-33.8068],[23.0355,-33.794],[22.9742,-33.8144],[22.9874,-33.8512],[22.9641,-33.876],[22.9961,-33.8809],[23.0004,-33.8935],[23.0081,-33.895],[23.0047,-33.9062],[23.0331,-33.9114],[23.0167,-33.9384],[23.0197,-33.9514],[23.0298,-33.9582],[23.0063,-33.9679],[23.0017,-33.992],[23.0308,-34.0057],[23.0574,-34.0323],[23.0749,-34.0329],[23.076,-34.0248],[23.1055,-34.0259],[23.1135,-34.0281],[23.1101,-34.0427],[23.1269,-34.0349],[23.1563,-34.0359],[23.163,-34.0247],[23.1741,-34.0271],[23.1687,-34.0063],[23.1845,-33.9814],[23.2107,-33.9629],[23.2411,-33.973],[23.2209,-33.9288],[23.2225,-33.9086],[23.2485,-33.8995],[23.2385,-33.8946]]]}},{"type":"Feature","properties":{"ward":5,"ward_id":"10408005","muni":"Knysna"},"geometry":{"type":"Polygon","coordinates":[[[22.9742,-33.8144],[22.9297,-33.8147],[22.9221,-33.8368],[22.9263,-33.8551],[22.935,-33.863],[22.934,-33.8817],[22.9216,-33.8839],[22.9288,-33.9257],[22.9169,-33.9542],[22.9211,-33.9717],[22.9115,-33.9737],[22.9119,-33.9834],[22.92,-33.9884],[22.916,-33.9916],[22.9275,-33.9922],[22.922,-33.993],[22.9232,-34.0014],[22.9357,-34.0033],[22.9412,-34.0181],[22.9388,-34.0368],[22.9301,-34.0379],[22.9268,-34.0471],[22.9434,-34.0508],[22.938,-34.0606],[22.9601,-34.0878],[22.9703,-34.0861],[22.9798,-34.094],[22.9781,-34.0793],[23.0036,-34.0718],[23.0559,-34.0855],[23.0568,-34.0761],[23.0269,-34.0534],[23.0367,-34.0376],[23.0143,-34.0427],[22.9926,-34.022],[23.0255,-34.0031],[23.0018,-33.9882],[23.0073,-33.9826],[23.0063,-33.9679],[23.0298,-33.9582],[23.0197,-33.9514],[23.0167,-33.9384],[23.0331,-33.9114],[23.0047,-33.9062],[23.0081,-33.895],[23.0004,-33.8935],[22.9961,-33.8809],[22.9641,-33.876],[22.9874,-33.8512],[22.9742,-33.8144]]]}},{"type":"Feature","properties":{"ward":5,"ward_id":"10205005","muni":"Breede Valley"},"geometry":{"type":"Polygon","coordinates":[[[19.5379,-33.4264],[19.4732,-33.4616],[19.4053,-33.4805],[19.3954,-33.5574],[19.3672,-33.5678],[19.3811,-33.5837],[19.3767,-33.5883],[19.3786,-33.6191],[19.3741,-33.6204],[19.401,-33.6218],[19.3957,-33.6316],[19.4136,-33.616],[19.4222,-33.6301],[19.4456,-33.6134],[19.4614,-33.6199],[19.4592,-33.6265],[19.4809,-33.6199],[19.5021,-33.6354],[19.5148,-33.6284],[19.5177,-33.6346],[19.5331,-33.6316],[19.5428,-33.628],[19.5267,-33.616],[19.537,-33.6019],[19.5587,-33.6005],[19.5677,-33.5903],[19.5808,-33.5976],[19.6026,-33.5619],[19.6376,-33.5365],[19.6292,-33.4984],[19.6107,-33.5045],[19.5971,-33.4775],[19.5899,-33.4796],[19.5855,-33.4713],[19.57,-33.467],[19.5379,-33.4264]]]}},{"type":"Feature","properties":{"ward":2,"ward_id":"10206002","muni":"Langeberg"},"geometry":{"type":"Polygon","coordinates":[[[19.9031,-33.823],[19.8908,-33.8146],[19.8892,-33.8169],[19.8999,-33.828],[19.9031,-33.823]]]}},{"type":"Feature","properties":{"ward":6,"ward_id":"10205006","muni":"Breede Valley"},"geometry":{"type":"Polygon","coordinates":[[[19.4456,-33.6134],[19.4185,-33.6313],[19.4193,-33.6336],[19.4326,-33.6404],[19.4489,-33.6378],[19.4421,-33.633],[19.4558,-33.6317],[19.4614,-33.6199],[19.4456,-33.6134]]]}},{"type":"Feature","properties":{"ward":7,"ward_id":"10205007","muni":"Breede Valley"},"geometry":{"type":"Polygon","coordinates":[[[19.455,-33.6392],[19.4871,-33.6244],[19.4809,-33.6199],[19.4421,-33.633],[19.4482,-33.6358],[19.4489,-33.6508],[19.4645,-33.6444],[19.455,-33.6392]]]}},{"type":"Feature","properties":{"ward":8,"ward_id":"10205008","muni":"Breede Valley"},"geometry":{"type":"Polygon","coordinates":[[[19.4884,-33.6525],[19.4984,-33.6327],[19.4871,-33.6244],[19.455,-33.6392],[19.4647,-33.6442],[19.4593,-33.6507],[19.4673,-33.6455],[19.4884,-33.6525]]]}},{"type":"Feature","properties":{"ward":9,"ward_id":"10205009","muni":"Breede Valley"},"geometry":{"type":"Polygon","coordinates":[[[19.4594,-33.6568],[19.4667,-33.6471],[19.4522,-33.6504],[19.4594,-33.6568]]]}},{"type":"Feature","properties":{"ward":11,"ward_id":"10206011","muni":"Langeberg"},"geometry":{"type":"Polygon","coordinates":[[[20.1303,-33.7875],[20.1087,-33.7922],[20.1044,-33.8035],[20.0934,-33.8042],[20.0877,-33.8278],[20.1089,-33.8374],[20.0941,-33.8476],[20.0711,-33.8371],[20.0672,-33.8441],[20.0542,-33.8364],[20.0099,-33.8392],[19.9684,-33.8189],[19.9069,-33.8092],[19.8962,-33.7988],[19.8861,-33.8078],[19.8811,-33.8025],[19.8739,-33.8052],[19.8785,-33.8132],[19.8637,-33.8212],[19.8757,-33.8414],[19.8966,-33.8518],[19.9197,-33.851],[19.9414,-33.8418],[19.953,-33.8445],[19.9732,-33.8645],[19.9949,-33.8713],[20.0009,-33.8807],[19.9959,-33.8839],[20.0144,-33.8915],[20.0149,-33.8967],[20.0316,-33.8881],[20.0597,-33.9125],[20.0762,-33.8993],[20.1009,-33.8922],[20.1137,-33.9057],[20.1443,-33.9107],[20.1807,-33.8805],[20.1867,-33.8679],[20.2146,-33.8831],[20.1679,-33.8485],[20.1354,-33.811],[20.1429,-33.7987],[20.1303,-33.7875]],[[19.8892,-33.8169],[19.9031,-33.823],[19.8999,-33.828],[19.8892,-33.8169]]]}},{"type":"Feature","properties":{"ward":12,"ward_id":"10205012","muni":"Breede Valley"},"geometry":{"type":"Polygon","coordinates":[[[19.4449,-33.6399],[19.4315,-33.6401],[19.4365,-33.6506],[19.3992,-33.6649],[19.4158,-33.6729],[19.4212,-33.6846],[19.4263,-33.672],[19.4392,-33.6646],[19.4319,-33.6594],[19.4351,-33.654],[19.4501,-33.6473],[19.4449,-33.6399]]]}},{"type":"Feature","properties":{"ward":13,"ward_id":"10205013","muni":"Breede Valley"},"geometry":{"type":"Polygon","coordinates":[[[19.4624,-33.6551],[19.4365,-33.6622],[19.4501,-33.6718],[19.4474,-33.677],[19.4554,-33.6865],[19.4707,-33.6851],[19.4729,-33.6777],[19.4622,-33.6671],[19.4698,-33.6592],[19.4624,-33.6551]]]}},{"type":"Feature","properties":{"ward":14,"ward_id":"10205014","muni":"Breede Valley"},"geometry":{"type":"Polygon","coordinates":[[[19.4448,-33.6596],[19.4413,-33.6502],[19.4319,-33.6594],[19.4365,-33.6622],[19.4448,-33.6596]]]}},{"type":"Feature","properties":{"ward":6,"ward_id":"10206006","muni":"Langeberg"},"geometry":{"type":"Polygon","coordinates":[[[19.882,-33.7234],[19.8139,-33.6995],[19.7986,-33.682],[19.7412,-33.6496],[19.7175,-33.6602],[19.7148,-33.6752],[19.695,-33.6797],[19.69,-33.7043],[19.7021,-33.7184],[19.6912,-33.7394],[19.7023,-33.7463],[19.6898,-33.7524],[19.6828,-33.7488],[19.6596,-33.7751],[19.682,-33.797],[19.6801,-33.8103],[19.6924,-33.8134],[19.6934,-33.8314],[19.7176,-33.8473],[19.7439,-33.8402],[19.7707,-33.8455],[19.7824,-33.8314],[19.8095,-33.8249],[19.8474,-33.83],[19.8536,-33.8136],[19.8637,-33.8212],[19.8785,-33.8132],[19.8672,-33.7963],[19.8833,-33.7911],[19.8863,-33.7868],[19.8779,-33.7805],[19.8873,-33.776],[19.8947,-33.7871],[19.8912,-33.7899],[19.9011,-33.791],[19.8954,-33.7951],[19.9023,-33.7959],[19.8987,-33.8041],[19.9247,-33.8127],[19.9315,-33.7886],[19.9494,-33.7806],[19.9649,-33.7446],[19.9409,-33.7264],[19.882,-33.7234]]]}},{"type":"Feature","properties":{"ward":15,"ward_id":"10205015","muni":"Breede Valley"},"geometry":{"type":"Polygon","coordinates":[[[19.3226,-33.6034],[19.3167,-33.5975],[19.2992,-33.6339],[19.314,-33.6493],[19.353,-33.6553],[19.364,-33.6478],[19.3992,-33.6649],[19.4365,-33.6506],[19.429,-33.6366],[19.419,-33.6332],[19.4228,-33.6308],[19.4136,-33.616],[19.3957,-33.6316],[19.401,-33.6218],[19.3623,-33.624],[19.3481,-33.6008],[19.3226,-33.6034]]]}},{"type":"Feature","properties":{"ward":16,"ward_id":"10205016","muni":"Breede Valley"},"geometry":{"type":"Polygon","coordinates":[[[19.4984,-33.6327],[19.4934,-33.6467],[19.5034,-33.6559],[19.5034,-33.635],[19.4984,-33.6327]]]}},{"type":"Feature","properties":{"ward":20,"ward_id":"10205020","muni":"Breede Valley"},"geometry":{"type":"Polygon","coordinates":[[[19.1402,-33.5647],[19.107,-33.5411],[19.102,-33.6068],[19.1475,-33.6561],[19.1487,-33.7022],[19.1852,-33.7204],[19.208,-33.6993],[19.2569,-33.7061],[19.2996,-33.6829],[19.3139,-33.6942],[19.35,-33.6677],[19.3446,-33.6603],[19.3201,-33.687],[19.3102,-33.6722],[19.3348,-33.6509],[19.314,-33.6493],[19.2992,-33.6339],[19.3099,-33.6071],[19.2867,-33.6067],[19.28,-33.6139],[19.2766,-33.6102],[19.2885,-33.5979],[19.2786,-33.5872],[19.2521,-33.5797],[19.2395,-33.5588],[19.2218,-33.5624],[19.1987,-33.5572],[19.1854,-33.562],[19.1694,-33.5975],[19.1402,-33.5647]]]}},{"type":"Feature","properties":{"ward":21,"ward_id":"10205021","muni":"Breede Valley"},"geometry":{"type":"Polygon","coordinates":[[[19.4501,-33.6718],[19.4263,-33.672],[19.4139,-33.6903],[19.4453,-33.6963],[19.4498,-33.7023],[19.4634,-33.7008],[19.4707,-33.6851],[19.4554,-33.6865],[19.4474,-33.677],[19.4501,-33.6718]]]}},{"type":"Feature","properties":{"ward":3,"ward_id":"10206003","muni":"Langeberg"},"geometry":{"type":"Polygon","coordinates":[[[19.8873,-33.776],[19.8785,-33.7841],[19.8972,-33.7998],[19.9011,-33.791],[19.8912,-33.7899],[19.8947,-33.7871],[19.8873,-33.776]]]}},{"type":"Feature","properties":{"ward":4,"ward_id":"10206004","muni":"Langeberg"},"geometry":{"type":"Polygon","coordinates":[[[20.1071,-33.9115],[20.0978,-33.8929],[20.0762,-33.8993],[20.0579,-33.9118],[20.0564,-33.9412],[20.0795,-33.9448],[20.0803,-33.9361],[20.0942,-33.9336],[20.1071,-33.9115]]]}},{"type":"Feature","properties":{"ward":5,"ward_id":"10206005","muni":"Langeberg"},"geometry":{"type":"Polygon","coordinates":[[[19.7244,-33.8477],[19.6934,-33.8314],[19.6924,-33.8134],[19.6801,-33.8103],[19.6814,-33.7994],[19.6522,-33.8137],[19.6527,-33.8346],[19.6285,-33.8348],[19.5945,-33.8542],[19.5979,-33.8782],[19.566,-33.8637],[19.5658,-33.8492],[19.5626,-33.8664],[19.5323,-33.8784],[19.5454,-33.9156],[19.5069,-33.9717],[19.5333,-33.9695],[19.5662,-34.002],[19.5898,-34.0124],[19.6406,-34.0028],[19.6807,-34.0091],[19.7001,-34.0464],[19.7148,-34.049],[19.735,-34.0412],[19.7552,-34.0544],[19.8536,-34.0633],[19.928,-34.0468],[19.9454,-34.0309],[19.9302,-34.026],[19.9449,-34.0052],[19.9371,-34.0018],[19.9249,-34.0092],[19.9267,-33.9778],[19.902,-33.9532],[19.9549,-33.9316],[19.9387,-33.928],[19.938,-33.8819],[19.9276,-33.8488],[19.8966,-33.8518],[19.8777,-33.8431],[19.8571,-33.813],[19.8448,-33.8308],[19.8095,-33.8249],[19.7824,-33.8314],[19.7691,-33.8458],[19.7454,-33.8402],[19.7244,-33.8477]]]}},{"type":"Feature","properties":{"ward":7,"ward_id":"10206007","muni":"Langeberg"},"geometry":{"type":"Polygon","coordinates":[[[20.4756,-33.5134],[20.5017,-33.4985],[20.498,-33.4639],[20.3361,-33.4878],[20.3157,-33.502],[20.2678,-33.5129],[20.2415,-33.538],[20.2149,-33.5413],[20.1731,-33.5262],[20.1254,-33.5563],[20.1054,-33.5507],[20.0781,-33.553],[20.0631,-33.5429],[20.0461,-33.5518],[20.0453,-33.5635],[20.0544,-33.5749],[20.0502,-33.6001],[20.0786,-33.6192],[20.0818,-33.632],[20.0717,-33.6589],[20.084,-33.6542],[20.1232,-33.6951],[20.1411,-33.7294],[20.1724,-33.7197],[20.1616,-33.7355],[20.1764,-33.7669],[20.1636,-33.7744],[20.1413,-33.7736],[20.1421,-33.7634],[20.1222,-33.7612],[20.112,-33.7476],[20.0971,-33.7418],[20.0787,-33.7412],[20.0505,-33.7552],[20.0953,-33.803],[20.1044,-33.8035],[20.1037,-33.7949],[20.1121,-33.7908],[20.1348,-33.7884],[20.1429,-33.7987],[20.1354,-33.811],[20.1679,-33.8485],[20.2379,-33.9004],[20.3244,-33.9496],[20.436,-33.9577],[20.4699,-33.8897],[20.4683,-33.8803],[20.4425,-33.8579],[20.4353,-33.8264],[20.4415,-33.8198],[20.4266,-33.8109],[20.4502,-33.8068],[20.4805,-33.8228],[20.5145,-33.8026],[20.4479,-33.774],[20.4728,-33.7292],[20.4691,-33.682],[20.5039,-33.682],[20.5352,-33.6607],[20.5032,-33.637],[20.5771,-33.5281],[20.5494,-33.5287],[20.5476,-33.5195],[20.4782,-33.5278],[20.4756,-33.5134]]]}},{"type":"Feature","properties":{"ward":12,"ward_id":"10301012","muni":"Theewaterskloof"},"geometry":{"type":"Polygon","coordinates":[[[19.0083,-34.1631],[18.9913,-34.1644],[18.9955,-34.1559],[18.988,-34.1561],[18.9814,-34.1703],[18.9708,-34.1671],[18.9625,-34.1777],[18.9543,-34.1736],[18.9544,-34.1838],[18.9296,-34.1977],[18.9307,-34.2035],[18.956,-34.2105],[18.9456,-34.2281],[18.9477,-34.2454],[18.9821,-34.2485],[18.9989,-34.2404],[18.9929,-34.2235],[19.0082,-34.2154],[19.0043,-34.205],[19.0098,-34.1919],[19.0228,-34.1864],[19.0371,-34.1651],[19.0203,-34.164],[19.0216,-34.1701],[19.0083,-34.1631]]]}},{"type":"Feature","properties":{"ward":1,"ward_id":"10302001","muni":"Overstrand"},"geometry":{"type":"Polygon","coordinates":[[[19.403,-34.3756],[19.3516,-34.3876],[19.3231,-34.3809],[19.3232,-34.4024],[19.3164,-34.4021],[19.3197,-34.4126],[19.2976,-34.4204],[19.346,-34.4678],[19.3689,-34.5079],[19.3758,-34.5461],[19.3928,-34.5516],[19.4237,-34.5238],[19.431,-34.4933],[19.4681,-34.504],[19.4679,-34.4928],[19.5143,-34.4902],[19.5396,-34.4297],[19.5541,-34.4374],[19.574,-34.4329],[19.5766,-34.4378],[19.6032,-34.406],[19.5822,-34.4041],[19.5904,-34.3905],[19.5489,-34.3958],[19.556,-34.3897],[19.5245,-34.3903],[19.4951,-34.3998],[19.403,-34.3756]]]}},{"type":"Feature","properties":{"ward":10,"ward_id":"10206010","muni":"Langeberg"},"geometry":{"type":"Polygon","coordinates":[[[20.1089,-33.8374],[20.0877,-33.8278],[20.0585,-33.8364],[20.0672,-33.8441],[20.0711,-33.8371],[20.0941,-33.8476],[20.1089,-33.8374]]]}},{"type":"Feature","properties":{"ward":12,"ward_id":"10206012","muni":"Langeberg"},"geometry":{"type":"Polygon","coordinates":[[[19.9833,-33.5333],[19.9587,-33.5176],[19.9257,-33.5333],[19.9171,-33.5193],[19.8701,-33.5421],[19.8652,-33.57],[19.8388,-33.566],[19.7985,-33.5379],[19.7552,-33.5367],[19.7477,-33.5303],[19.7363,-33.5373],[19.6907,-33.5277],[19.6376,-33.5365],[19.6026,-33.5619],[19.6244,-33.5679],[19.6504,-33.5935],[19.6452,-33.6046],[19.651,-33.6096],[19.6996,-33.6379],[19.7412,-33.6496],[19.7857,-33.6737],[19.8139,-33.6995],[19.882,-33.7234],[19.9409,-33.7264],[20.0505,-33.7552],[20.0787,-33.7412],[20.0971,-33.7418],[20.112,-33.7476],[20.1222,-33.7612],[20.1421,-33.7634],[20.1413,-33.7736],[20.1636,-33.7744],[20.176,-33.7681],[20.1616,-33.7355],[20.1724,-33.7197],[20.1411,-33.7294],[20.1232,-33.6951],[20.084,-33.6542],[20.0717,-33.6589],[20.0818,-33.632],[20.0786,-33.6192],[20.0502,-33.6001],[20.0544,-33.5749],[20.0453,-33.5635],[20.0461,-33.5518],[19.9925,-33.5568],[19.9833,-33.5333]]]}},{"type":"Feature","properties":{"ward":3,"ward_id":"10402003","muni":"Hessequa"},"geometry":{"type":"Polygon","coordinates":[[[21.4142,-34.3695],[21.4111,-34.3514],[21.3736,-34.3708],[21.3778,-34.3776],[21.395,-34.379],[21.365,-34.3931],[21.37,-34.4],[21.3263,-34.4232],[21.3239,-34.4325],[21.3327,-34.4352],[21.3543,-34.4194],[21.3723,-34.4231],[21.3824,-34.4111],[21.4131,-34.4014],[21.4174,-34.3915],[21.4292,-34.3945],[21.4142,-34.3695]]]}},{"type":"Feature","properties":{"ward":4,"ward_id":"10301004","muni":"Theewaterskloof"},"geometry":{"type":"Polygon","coordinates":[[[19.4531,-34.2081],[19.4304,-34.209],[19.4062,-34.2209],[19.3919,-34.2087],[19.324,-34.2115],[19.311,-34.2206],[19.2743,-34.2255],[19.2249,-34.2595],[19.2302,-34.2729],[19.2404,-34.2705],[19.2597,-34.293],[19.3332,-34.2924],[19.3542,-34.2986],[19.3673,-34.27],[19.3991,-34.2576],[19.42,-34.2375],[19.4298,-34.242],[19.4358,-34.2562],[19.4437,-34.2497],[19.435,-34.2415],[19.4751,-34.2451],[19.4753,-34.2309],[19.4684,-34.23],[19.4657,-34.2165],[19.4349,-34.2228],[19.4531,-34.2081]]]}},{"type":"Feature","properties":{"ward":5,"ward_id":"10303005","muni":"Cape Agulhas"},"geometry":{"type":"Polygon","coordinates":[[[20.0531,-34.7987],[20.0465,-34.7869],[20.0527,-34.7645],[20.0456,-34.7628],[19.9883,-34.7948],[19.9496,-34.8021],[19.9462,-34.8143],[19.9657,-34.8216],[19.9643,-34.8271],[19.9737,-34.8246],[19.9861,-34.8328],[20.0061,-34.8341],[20.0171,-34.8242],[20.0276,-34.8248],[20.0307,-34.8143],[20.0582,-34.812],[20.0648,-34.803],[20.0531,-34.7987]]]}},{"type":"Feature","properties":{"ward":1,"ward_id":"10304001","muni":"Swellendam"},"geometry":{"type":"Polygon","coordinates":[[[20.3244,-33.9496],[20.2344,-33.8979],[20.2225,-33.9128],[20.2832,-33.9574],[20.2803,-33.9537],[20.328,-33.9731],[20.3178,-33.9937],[20.3241,-34.0018],[20.3071,-34.0056],[20.3071,-34.0294],[20.2908,-34.0419],[20.2792,-34.0396],[20.2989,-34.0603],[20.2858,-34.065],[20.2861,-34.0789],[20.3057,-34.0773],[20.2913,-34.0913],[20.2701,-34.0902],[20.2727,-34.1062],[20.2497,-34.1061],[20.2468,-34.1173],[20.2218,-34.1111],[20.23,-34.0952],[20.2031,-34.0884],[20.1974,-34.1005],[20.1873,-34.102],[20.1878,-34.0974],[20.1405,-34.0854],[20.1376,-34.0824],[20.1493,-34.0767],[20.2022,-34.0786],[20.2049,-34.0655],[20.1925,-34.0462],[20.1961,-34.04],[20.1778,-34.0298],[20.1724,-34.0398],[20.1517,-34.0446],[20.1417,-34.0592],[20.0085,-34.0639],[20.0108,-34.0915],[19.9924,-34.1051],[19.9896,-34.1153],[20.0028,-34.1284],[19.9801,-34.1317],[19.9879,-34.147],[19.9798,-34.1663],[19.9657,-34.1763],[19.9383,-34.1728],[19.9374,-34.1819],[19.9325,-34.181],[19.9313,-34.1625],[19.9281,-34.1716],[19.8932,-34.1748],[19.8914,-34.1925],[19.9059,-34.1936],[19.9009,-34.2147],[19.8899,-34.207],[19.889,-34.2156],[19.8804,-34.2201],[19.9177,-34.2383],[19.94,-34.2396],[19.9778,-34.2132],[20.011,-34.2206],[20.0324,-34.2036],[20.0635,-34.217],[20.0655,-34.2413],[20.0948,-34.2506],[20.1113,-34.2427],[20.134,-34.2504],[20.1486,-34.2712],[20.175,-34.2794],[20.1772,-34.2752],[20.2119,-34.2883],[20.2448,-34.2889],[20.2621,-34.2742],[20.2913,-34.2763],[20.3464,-34.2941],[20.3807,-34.2759],[20.3987,-34.2561],[20.4047,-34.2578],[20.4089,-34.2451],[20.3952,-34.2182],[20.4035,-34.2235],[20.4354,-34.2051],[20.4746,-34.2111],[20.5107,-34.2071],[20.5318,-34.234],[20.5459,-34.2308],[20.5453,-34.218],[20.5231,-34.2041],[20.5171,-34.1805],[20.4932,-34.1784],[20.474,-34.1489],[20.4834,-34.1419],[20.476,-34.133],[20.4914,-34.1219],[20.4995,-34.1245],[20.4968,-34.1428],[20.5138,-34.1389],[20.5175,-34.1479],[20.5295,-34.1485],[20.5295,-34.124],[20.5048,-34.1151],[20.5171,-34.1032],[20.5159,-34.0907],[20.4953,-34.0952],[20.4906,-34.0879],[20.4914,-34.0821],[20.5094,-34.0779],[20.5166,-34.0679],[20.511,-34.0594],[20.5158,-34.0513],[20.4722,-34.041],[20.4684,-34.0477],[20.4538,-34.0428],[20.4314,-34.0667],[20.4302,-34.0785],[20.4203,-34.0844],[20.4131,-34.0803],[20.4138,-34.0673],[20.4455,-34.0254],[20.44,-34.0208],[20.4394,-34.0154],[20.4477,-34.0132],[20.4424,-34.0065],[20.4557,-34.0089],[20.4714,-33.997],[20.5025,-33.9975],[20.4871,-33.9854],[20.5127,-33.9727],[20.4481,-33.9588],[20.3244,-33.9496]]]}},{"type":"Feature","properties":{"ward":5,"ward_id":"10301005","muni":"Theewaterskloof"},"geometry":{"type":"Polygon","coordinates":[[[19.2974,-33.8897],[19.2782,-33.8795],[19.2584,-33.8831],[19.2653,-33.9003],[19.2439,-33.8975],[19.2614,-33.9563],[19.2526,-33.9654],[19.2886,-33.9929],[19.2896,-34.0175],[19.2971,-34.0197],[19.2892,-34.0511],[19.2931,-34.0732],[19.2657,-34.0826],[19.2631,-34.0889],[19.2863,-34.102],[19.2929,-34.1343],[19.3028,-34.1386],[19.3495,-34.1221],[19.3561,-34.1308],[19.3826,-34.111],[19.3915,-34.1146],[19.4025,-34.1078],[19.4205,-34.0878],[19.4168,-34.0679],[19.3884,-34.0657],[19.3652,-34.036],[19.361,-34.0009],[19.4005,-33.9854],[19.3618,-33.9715],[19.3486,-33.9552],[19.3359,-33.9582],[19.3189,-33.9472],[19.2974,-33.8897]]]}},{"type":"Feature","properties":{"ward":7,"ward_id":"10301007","muni":"Theewaterskloof"},"geometry":{"type":"Polygon","coordinates":[[[19.2351,-34.1269],[19.2166,-34.117],[19.1614,-34.1576],[19.085,-34.1175],[19.047,-34.1538],[19.0709,-34.1751],[19.0653,-34.1779],[19.0856,-34.1837],[19.0897,-34.199],[19.1072,-34.2062],[19.0997,-34.2236],[19.1304,-34.2365],[19.1301,-34.2431],[19.1536,-34.2687],[19.1572,-34.2638],[19.1703,-34.268],[19.207,-34.2967],[19.2109,-34.2936],[19.2134,-34.3267],[19.2579,-34.3163],[19.303,-34.3286],[19.3066,-34.3398],[19.2975,-34.3458],[19.3052,-34.356],[19.2934,-34.3671],[19.3006,-34.3753],[19.3225,-34.3743],[19.3231,-34.3809],[19.3516,-34.3876],[19.3922,-34.38],[19.403,-34.3756],[19.4043,-34.3661],[19.4543,-34.3212],[19.4795,-34.3089],[19.4627,-34.3086],[19.4599,-34.2973],[19.4205,-34.2967],[19.4168,-34.2616],[19.4018,-34.2549],[19.3673,-34.27],[19.3542,-34.2986],[19.3332,-34.2924],[19.2609,-34.2933],[19.2404,-34.2705],[19.2316,-34.2741],[19.2249,-34.2595],[19.2804,-34.2229],[19.2703,-34.2052],[19.2707,-34.188],[19.3057,-34.1573],[19.2959,-34.1327],[19.283,-34.1412],[19.252,-34.124],[19.2351,-34.1269]]]}},{"type":"Feature","properties":{"ward":8,"ward_id":"10301008","muni":"Theewaterskloof"},"geometry":{"type":"Polygon","coordinates":[[[19.0155,-34.0977],[18.9949,-34.0825],[18.9668,-34.1024],[18.9439,-34.1382],[18.9661,-34.1407],[18.9638,-34.1529],[18.9803,-34.155],[18.9708,-34.1671],[18.9814,-34.1703],[18.9938,-34.1472],[19.0207,-34.1404],[19.0366,-34.1497],[19.046,-34.1418],[19.0475,-34.1315],[19.0237,-34.127],[19.0187,-34.1101],[19.0104,-34.1071],[19.0155,-34.0977]]]}},{"type":"Feature","properties":{"ward":9,"ward_id":"10301009","muni":"Theewaterskloof"},"geometry":{"type":"Polygon","coordinates":[[[19.2614,-33.9563],[19.2438,-33.8974],[19.2066,-33.9504],[19.191,-33.9472],[19.1646,-33.9714],[19.1456,-33.956],[19.1261,-33.9617],[19.0264,-34.0206],[18.9846,-34.0359],[19.0048,-34.0756],[18.9953,-34.084],[19.0155,-34.0977],[19.0104,-34.1071],[19.0187,-34.1101],[19.0237,-34.127],[19.0669,-34.1348],[19.085,-34.1175],[19.1614,-34.1576],[19.2166,-34.117],[19.2351,-34.1269],[19.252,-34.124],[19.283,-34.1412],[19.2929,-34.1343],[19.2889,-34.1053],[19.263,-34.0879],[19.2931,-34.0732],[19.2892,-34.0511],[19.2971,-34.0197],[19.2896,-34.0175],[19.287,-33.995],[19.2526,-33.9654],[19.2614,-33.9563]]]}},{"type":"Feature","properties":{"ward":10,"ward_id":"10301010","muni":"Theewaterskloof"},"geometry":{"type":"Polygon","coordinates":[[[19.1237,-34.2321],[19.0997,-34.2236],[19.1072,-34.2062],[19.0897,-34.199],[19.0856,-34.1837],[19.0653,-34.1779],[19.0709,-34.1751],[19.047,-34.1538],[19.0621,-34.134],[19.0475,-34.1315],[19.0454,-34.143],[19.0295,-34.1544],[19.0371,-34.1651],[19.0342,-34.1738],[19.0098,-34.1919],[19.0043,-34.205],[19.0082,-34.2154],[18.9929,-34.2235],[18.9989,-34.2404],[18.9821,-34.2485],[18.9618,-34.2491],[19.0118,-34.2742],[19.0391,-34.2742],[19.1301,-34.2431],[19.1237,-34.2321]]]}},{"type":"Feature","properties":{"ward":11,"ward_id":"10301011","muni":"Theewaterskloof"},"geometry":{"type":"Polygon","coordinates":[[[19.0252,-34.1424],[18.9991,-34.1457],[19.01,-34.1529],[19.0023,-34.1594],[19.0069,-34.1653],[19.0216,-34.1701],[19.0203,-34.164],[19.0357,-34.1639],[19.0295,-34.1544],[19.0366,-34.1497],[19.0252,-34.1424]]]}},{"type":"Feature","properties":{"ward":2,"ward_id":"10401002","muni":"Kannaland"},"geometry":{"type":"Polygon","coordinates":[[[21.8787,-33.5565],[21.8244,-33.5444],[21.8401,-33.5308],[21.7834,-33.5244],[21.7911,-33.5122],[21.7875,-33.4997],[21.6616,-33.509],[21.6605,-33.538],[21.654,-33.5455],[21.6596,-33.5587],[21.6324,-33.5497],[21.6141,-33.569],[21.5754,-33.5829],[21.593,-33.6056],[21.5804,-33.6184],[21.5786,-33.6688],[21.6002,-33.6691],[21.6156,-33.6535],[21.6296,-33.6547],[21.6538,-33.689],[21.6623,-33.6824],[21.7096,-33.6797],[21.7225,-33.6938],[21.7228,-33.7053],[21.8375,-33.7373],[21.89,-33.7128],[21.8809,-33.6673],[21.905,-33.6796],[21.935,-33.6677],[21.92,-33.627],[21.9392,-33.6218],[21.9273,-33.5792],[21.9736,-33.5806],[21.8982,-33.5585],[21.8863,-33.5663],[21.8787,-33.5565]]]}},{"type":"Feature","properties":{"ward":3,"ward_id":"10401003","muni":"Kannaland"},"geometry":{"type":"Polygon","coordinates":[[[21.9021,-33.365],[21.8272,-33.391],[21.7079,-33.3964],[21.68,-33.4048],[21.612,-33.3968],[21.5218,-33.4144],[21.4331,-33.3942],[21.3978,-33.3964],[21.4032,-33.4126],[21.4086,-33.4122],[21.3967,-33.4206],[21.4089,-33.431],[21.4078,-33.4396],[21.4178,-33.4516],[21.4087,-33.4623],[21.4327,-33.494],[21.4248,-33.5333],[21.4584,-33.5526],[21.4905,-33.5617],[21.5323,-33.5594],[21.5678,-33.5726],[21.5787,-33.5827],[21.6141,-33.569],[21.6324,-33.5497],[21.6596,-33.5587],[21.654,-33.5455],[21.6605,-33.538],[21.6616,-33.509],[21.7875,-33.4997],[21.7911,-33.5122],[21.7834,-33.5244],[21.8405,-33.5312],[21.8244,-33.5444],[21.8787,-33.5565],[21.8863,-33.5663],[21.8982,-33.5585],[21.9757,-33.5807],[21.9328,-33.5164],[21.9285,-33.4791],[21.9034,-33.4017],[21.9021,-33.365]]]}},{"type":"Feature","properties":{"ward":6,"ward_id":"10302006","muni":"Overstrand"},"geometry":{"type":"Polygon","coordinates":[[[19.2205,-34.4306],[19.2065,-34.4241],[19.2034,-34.4356],[19.2164,-34.4381],[19.2205,-34.4306]]]}},{"type":"Feature","properties":{"ward":7,"ward_id":"10403007","muni":"Mossel Bay"},"geometry":{"type":"Polygon","coordinates":[[[21.8644,-33.8554],[21.7004,-33.8528],[21.6733,-33.8772],[21.663,-33.8794],[21.6762,-33.8825],[21.6739,-33.9015],[21.6649,-33.9143],[21.6526,-33.9184],[21.6585,-33.9635],[21.6408,-33.9962],[21.6406,-34.0079],[21.6664,-34.0091],[21.6662,-34.0242],[21.6824,-34.0383],[21.6851,-34.0625],[21.6947,-34.0625],[21.6958,-34.0534],[21.7135,-34.046],[21.7183,-34.031],[21.7262,-34.0297],[21.7385,-34.0364],[21.7173,-34.0537],[21.7188,-34.0801],[21.7643,-34.0746],[21.7716,-34.0787],[21.7635,-34.086],[21.7511,-34.0832],[21.7435,-34.1023],[21.7342,-34.1026],[21.7313,-34.0904],[21.7046,-34.0927],[21.7106,-34.1031],[21.6989,-34.1133],[21.7153,-34.1193],[21.7143,-34.1292],[21.7235,-34.1301],[21.736,-34.1489],[21.734,-34.1556],[21.7442,-34.1591],[21.7424,-34.1708],[21.7502,-34.1741],[21.7503,-34.1827],[21.8137,-34.1969],[21.8912,-34.1777],[22.0603,-34.1819],[22.0987,-34.1598],[22.1064,-34.1174],[22.0844,-34.112],[22.0753,-34.1374],[22.0652,-34.1409],[22.0631,-34.0922],[22.0844,-34.0874],[22.0762,-34.0768],[22.0756,-34.0627],[22.0897,-34.0512],[22.0446,-34.013],[22.0539,-33.9947],[22.0751,-33.9996],[22.0726,-33.9801],[22.093,-33.989],[22.1149,-33.9824],[22.1076,-33.9735],[22.1087,-33.9603],[22.09,-33.9476],[22.0952,-33.9433],[22.0801,-33.9377],[22.0902,-33.914],[22.0833,-33.9061],[22.0872,-33.9027],[22.0636,-33.883],[22.0427,-33.8839],[22.017,-33.8594],[21.9853,-33.8662],[21.9328,-33.8654],[21.8644,-33.8554]]]}},{"type":"Feature","properties":{"ward":11,"ward_id":"10403011","muni":"Mossel Bay"},"geometry":{"type":"Polygon","coordinates":[[[22.0972,-34.1829],[21.8912,-34.1777],[21.8137,-34.1969],[21.7574,-34.1846],[21.7382,-34.1952],[21.7877,-34.2847],[21.827,-34.2819],[21.8339,-34.2906],[21.8243,-34.2974],[21.8319,-34.3161],[21.8572,-34.3347],[21.9008,-34.3447],[21.9144,-34.3386],[21.9041,-34.3326],[21.9098,-34.3172],[21.9462,-34.3004],[21.915,-34.2911],[21.9118,-34.2813],[21.9177,-34.2606],[21.9434,-34.2371],[22.0099,-34.2111],[22.1111,-34.2038],[22.1106,-34.1967],[22.0926,-34.1945],[22.0972,-34.1829]]]}},{"type":"Feature","properties":{"ward":14,"ward_id":"10403014","muni":"Mossel Bay"},"geometry":{"type":"Polygon","coordinates":[[[22.1342,-33.8696],[22.1237,-33.8464],[22.0751,-33.8496],[22.0636,-33.883],[22.0872,-33.9027],[22.0833,-33.9061],[22.0902,-33.914],[22.0802,-33.9379],[22.0952,-33.9433],[22.09,-33.9476],[22.1087,-33.9603],[22.1076,-33.9735],[22.1286,-33.9993],[22.1157,-34.0178],[22.1256,-34.016],[22.1349,-34.0324],[22.1505,-34.0248],[22.1393,-34.018],[22.1446,-34.0044],[22.1582,-34.0135],[22.1913,-34.012],[22.1924,-34.0189],[22.1834,-34.0258],[22.1911,-34.0401],[22.2022,-34.0468],[22.2215,-34.0416],[22.2234,-34.0317],[22.2385,-34.0294],[22.2281,-34.0142],[22.2164,-34.0117],[22.2097,-33.9931],[22.1925,-33.977],[22.1931,-33.9599],[22.1788,-33.9488],[22.1794,-33.9385],[22.1678,-33.9376],[22.1763,-33.9066],[22.17,-33.8975],[22.1717,-33.8698],[22.1342,-33.8696]]]}},{"type":"Feature","properties":{"ward":7,"ward_id":"10302007","muni":"Overstrand"},"geometry":{"type":"Polygon","coordinates":[[[19.2043,-34.429],[19.2065,-34.4063],[19.1767,-34.4149],[19.1936,-34.4295],[19.2043,-34.429]]]}},{"type":"Feature","properties":{"ward":4,"ward_id":"10303004","muni":"Cape Agulhas"},"geometry":{"type":"Polygon","coordinates":[[[20.0924,-34.2499],[20.0655,-34.2412],[20.0385,-34.2573],[20.0566,-34.3042],[20.0415,-34.3149],[20.0265,-34.3125],[20.0288,-34.3313],[20.0115,-34.3602],[20.0127,-34.3876],[20.0001,-34.4147],[20.0135,-34.4395],[20.0209,-34.5067],[20.038,-34.5064],[20.0452,-34.5192],[20.0395,-34.5268],[20.022,-34.5314],[20.0375,-34.5461],[20.0514,-34.5402],[20.0439,-34.5328],[20.0471,-34.527],[20.0812,-34.506],[20.0999,-34.4557],[20.1563,-34.3942],[20.1497,-34.346],[20.1658,-34.3235],[20.1928,-34.3119],[20.2126,-34.2883],[20.1486,-34.2712],[20.134,-34.2504],[20.1113,-34.2427],[20.0924,-34.2499]]]}},{"type":"Feature","properties":{"ward":2,"ward_id":"10304002","muni":"Swellendam"},"geometry":{"type":"Polygon","coordinates":[[[20.7756,-33.6917],[20.7189,-33.6406],[20.666,-33.622],[20.5862,-33.6672],[20.5816,-33.6221],[20.5033,-33.637],[20.5352,-33.6607],[20.5039,-33.682],[20.4691,-33.682],[20.4728,-33.7292],[20.4479,-33.774],[20.5145,-33.8026],[20.4805,-33.8228],[20.4502,-33.8068],[20.4266,-33.8109],[20.4415,-33.8198],[20.4353,-33.8264],[20.4425,-33.8579],[20.4683,-33.8803],[20.4699,-33.8897],[20.436,-33.9577],[20.5127,-33.9727],[20.8066,-33.9464],[20.8164,-33.9402],[20.8267,-33.9658],[20.8411,-33.9732],[20.8419,-33.9648],[20.8678,-33.955],[20.8782,-33.964],[20.9215,-33.9528],[20.9364,-33.9612],[20.9386,-33.925],[20.9523,-33.9018],[20.9238,-33.8893],[20.9361,-33.8792],[20.9568,-33.8063],[20.9656,-33.8043],[21.0103,-33.7566],[20.9806,-33.7396],[20.9657,-33.7426],[20.9341,-33.7246],[20.9388,-33.6998],[20.8799,-33.6926],[20.885,-33.7174],[20.8003,-33.715],[20.8095,-33.6985],[20.8072,-33.6897],[20.7756,-33.6917]]]}},{"type":"Feature","properties":{"ward":3,"ward_id":"10304003","muni":"Swellendam"},"geometry":{"type":"Polygon","coordinates":[[[20.7073,-33.9551],[20.5127,-33.9727],[20.4871,-33.9854],[20.5025,-33.9975],[20.4714,-33.997],[20.4626,-34.0281],[20.4797,-34.0462],[20.5158,-34.0513],[20.511,-34.0594],[20.5166,-34.0679],[20.5094,-34.0779],[20.4914,-34.0821],[20.4906,-34.0879],[20.4953,-34.0952],[20.5159,-34.0907],[20.5171,-34.1032],[20.5051,-34.1161],[20.5291,-34.1236],[20.5311,-34.1337],[20.5282,-34.1499],[20.5175,-34.1479],[20.5138,-34.1389],[20.4992,-34.1436],[20.4989,-34.1233],[20.4875,-34.1225],[20.476,-34.133],[20.4834,-34.1419],[20.474,-34.1489],[20.4932,-34.1784],[20.5171,-34.1805],[20.5231,-34.2041],[20.5453,-34.218],[20.5468,-34.2295],[20.5318,-34.234],[20.5107,-34.2071],[20.4746,-34.2111],[20.4354,-34.2051],[20.4035,-34.2235],[20.3952,-34.2182],[20.4089,-34.2451],[20.4047,-34.2578],[20.3987,-34.2561],[20.3807,-34.2759],[20.3464,-34.2941],[20.2913,-34.2763],[20.2827,-34.302],[20.2675,-34.3136],[20.2863,-34.3451],[20.2637,-34.375],[20.2715,-34.375],[20.2891,-34.4178],[20.3573,-34.3884],[20.392,-34.4263],[20.4198,-34.4186],[20.4186,-34.4268],[20.4547,-34.417],[20.5085,-34.4195],[20.5001,-34.4061],[20.4847,-34.4013],[20.4834,-34.373],[20.5178,-34.3732],[20.5194,-34.3658],[20.5317,-34.3605],[20.5611,-34.3633],[20.6009,-34.3826],[20.6593,-34.3991],[20.6829,-34.3888],[20.6878,-34.4176],[20.7118,-34.4126],[20.7629,-34.4172],[20.775,-34.4265],[20.8168,-34.4289],[20.8181,-34.443],[20.8718,-34.4523],[20.8697,-34.4294],[20.8566,-34.422],[20.85,-34.4034],[20.82,-34.4013],[20.7986,-34.4081],[20.7353,-34.3878],[20.7066,-34.364],[20.6907,-34.3587],[20.6856,-34.3464],[20.6558,-34.3485],[20.6419,-34.3555],[20.6224,-34.3436],[20.5977,-34.3519],[20.6046,-34.3245],[20.6221,-34.3165],[20.6178,-34.3027],[20.5914,-34.3043],[20.5828,-34.2946],[20.5654,-34.3023],[20.5726,-34.283],[20.5994,-34.2729],[20.6528,-34.2236],[20.6928,-34.2024],[20.6996,-34.2132],[20.7189,-34.1955],[20.6969,-34.1844],[20.665,-34.1885],[20.6543,-34.1714],[20.6453,-34.1755],[20.6497,-34.1491],[20.6562,-34.1448],[20.6421,-34.1353],[20.6487,-34.1194],[20.6401,-34.086],[20.6872,-34.0874],[20.693,-34.1008],[20.7032,-34.0881],[20.7543,-34.0973],[20.7404,-34.0713],[20.7476,-34.0667],[20.7286,-34.0575],[20.7227,-34.0368],[20.6999,-34.0397],[20.694,-34.0068],[20.7107,-34.0102],[20.7128,-34.0179],[20.7296,-34.0181],[20.7321,-33.9989],[20.729,-33.9884],[20.7052,-33.9902],[20.7073,-33.9802],[20.6947,-33.976],[20.7073,-33.9551]]]}},{"type":"Feature","properties":{"ward":4,"ward_id":"10304004","muni":"Swellendam"},"geometry":{"type":"Polygon","coordinates":[[[20.4599,-34.0026],[20.4557,-34.0089],[20.4424,-34.0065],[20.4477,-34.0132],[20.4394,-34.0154],[20.4455,-34.0254],[20.4413,-34.0297],[20.4451,-34.0375],[20.4684,-34.0477],[20.4722,-34.041],[20.4624,-34.0272],[20.4686,-34.0033],[20.4599,-34.0026]]]}},{"type":"Feature","properties":{"ward":5,"ward_id":"10304005","muni":"Swellendam"},"geometry":{"type":"Polygon","coordinates":[[[20.441,-34.0417],[20.4315,-34.0446],[20.4138,-34.0673],[20.4145,-34.0827],[20.4302,-34.0785],[20.4435,-34.0506],[20.4591,-34.0429],[20.4471,-34.0353],[20.4412,-34.0459],[20.441,-34.0417]]]}},{"type":"Feature","properties":{"ward":4,"ward_id":"10401004","muni":"Kannaland"},"geometry":{"type":"Polygon","coordinates":[[[21.4034,-33.4127],[21.3978,-33.3964],[21.3677,-33.3982],[21.2064,-33.4217],[21.1657,-33.415],[21.1138,-33.4307],[21.0097,-33.4393],[20.9726,-33.4225],[20.9218,-33.4306],[20.762,-33.4908],[20.5476,-33.5195],[20.5494,-33.5287],[20.5771,-33.5281],[20.5743,-33.5388],[20.5032,-33.637],[20.5816,-33.6221],[20.5862,-33.6672],[20.666,-33.622],[20.7189,-33.6406],[20.7756,-33.6917],[20.8072,-33.6897],[20.8095,-33.6985],[20.8003,-33.715],[20.885,-33.7174],[20.8799,-33.6926],[20.9388,-33.6998],[20.9341,-33.7246],[20.9657,-33.7426],[20.9806,-33.7396],[21.0103,-33.7566],[20.9656,-33.8043],[20.9568,-33.8063],[20.9434,-33.8519],[21.0026,-33.8479],[20.9916,-33.868],[21.0415,-33.8542],[21.0516,-33.8343],[21.0532,-33.8385],[21.0607,-33.8293],[21.0846,-33.8229],[21.1075,-33.8319],[21.1541,-33.8323],[21.1856,-33.8233],[21.3711,-33.8199],[21.3819,-33.8453],[21.4233,-33.8476],[21.5483,-33.8228],[21.6483,-33.8304],[21.6951,-33.807],[21.74,-33.7961],[21.7311,-33.7886],[21.7486,-33.7637],[21.7223,-33.7511],[21.7135,-33.7293],[21.6905,-33.7319],[21.6952,-33.7501],[21.6888,-33.7598],[21.6658,-33.7661],[21.6574,-33.762],[21.6774,-33.7237],[21.714,-33.6817],[21.6623,-33.6824],[21.6538,-33.689],[21.6325,-33.6557],[21.6163,-33.6533],[21.6002,-33.6691],[21.5786,-33.6688],[21.5804,-33.6184],[21.593,-33.6056],[21.5678,-33.5726],[21.5323,-33.5594],[21.4905,-33.5617],[21.4584,-33.5526],[21.4248,-33.5333],[21.4327,-33.494],[21.4087,-33.4623],[21.4178,-33.4516],[21.4078,-33.4396],[21.4089,-33.431],[21.3967,-33.4206],[21.4086,-33.412],[21.4034,-33.4127]],[[21.2701,-33.4963],[21.2852,-33.4915],[21.2826,-33.4982],[21.2944,-33.5053],[21.2875,-33.516],[21.2694,-33.5072],[21.2782,-33.5014],[21.2701,-33.4963]]]}},{"type":"Feature","properties":{"ward":1,"ward_id":"10402001","muni":"Hessequa"},"geometry":{"type":"Polygon","coordinates":[[[21.3184,-34.1696],[21.3039,-34.1608],[21.2729,-34.1661],[21.2783,-34.1909],[21.2887,-34.2047],[21.2854,-34.2146],[21.292,-34.2204],[21.2985,-34.2699],[21.3102,-34.2975],[21.3191,-34.3077],[21.346,-34.3102],[21.3964,-34.3323],[21.4163,-34.3547],[21.4136,-34.3673],[21.4228,-34.3792],[21.4476,-34.368],[21.4921,-34.3664],[21.5354,-34.3563],[21.5808,-34.3629],[21.6958,-34.3949],[21.7295,-34.3958],[21.742,-34.3866],[21.7979,-34.3833],[21.842,-34.3734],[21.8587,-34.3627],[21.8714,-34.3627],[21.8871,-34.3443],[21.8547,-34.3335],[21.8292,-34.3137],[21.8243,-34.2974],[21.8339,-34.2909],[21.827,-34.2819],[21.7852,-34.2823],[21.7505,-34.2139],[21.7317,-34.2081],[21.7303,-34.1893],[21.6234,-34.2112],[21.5618,-34.2133],[21.3836,-34.1755],[21.3184,-34.1696]]]}},{"type":"Feature","properties":{"ward":2,"ward_id":"10501002","muni":"Laingsburg"},"geometry":{"type":"Polygon","coordinates":[[[21.1898,-32.5121],[21.1883,-32.5031],[21.1401,-32.5898],[21.157,-32.6289],[21.0945,-32.653],[21.0603,-32.6555],[20.9628,-32.6393],[20.8441,-32.6624],[20.8228,-32.6945],[20.7898,-32.7112],[20.7922,-32.735],[20.8303,-32.7846],[20.8324,-32.8174],[20.7986,-32.8948],[20.7442,-32.9129],[20.7312,-32.945],[20.6503,-32.9323],[20.6219,-32.9432],[20.5901,-32.943],[20.5921,-32.9265],[20.5612,-32.881],[20.4993,-32.9416],[20.4386,-32.9401],[20.4347,-32.9719],[20.395,-32.9932],[20.3837,-33.0363],[20.3343,-33.0358],[20.3026,-33.068],[20.2791,-33.0639],[20.3185,-33.1209],[20.3064,-33.1593],[20.2512,-33.1499],[20.2022,-33.1701],[20.258,-33.1885],[20.244,-33.2365],[20.2471,-33.2458],[20.2356,-33.2624],[20.2512,-33.2915],[20.2035,-33.3027],[20.2395,-33.3099],[20.2092,-33.3798],[20.368,-33.3663],[20.3663,-33.3816],[20.3537,-33.3941],[20.3456,-33.3943],[20.3489,-33.4049],[20.3356,-33.4256],[20.3898,-33.4241],[20.4167,-33.4355],[20.4276,-33.4489],[20.3861,-33.4592],[20.3362,-33.4878],[20.498,-33.4639],[20.5017,-33.4985],[20.4756,-33.5134],[20.4782,-33.5278],[20.762,-33.4908],[20.9218,-33.4306],[20.9726,-33.4225],[21.0097,-33.4393],[21.1138,-33.4307],[21.1657,-33.415],[21.2064,-33.4217],[21.4331,-33.3942],[21.5218,-33.4144],[21.612,-33.3968],[21.6325,-33.3769],[21.6971,-33.3565],[21.6356,-33.3586],[21.6116,-33.3347],[21.551,-33.3408],[21.6364,-33.3037],[21.6324,-33.28],[21.6366,-33.2697],[21.6318,-33.2694],[21.624,-33.2464],[21.6367,-33.2459],[21.6429,-33.2249],[21.6373,-33.2139],[21.6135,-33.216],[21.6223,-33.1925],[21.6278,-33.1916],[21.6257,-33.1792],[21.6167,-33.1774],[21.6373,-33.1413],[21.6044,-33.1401],[21.5778,-33.1154],[21.5853,-33.0967],[21.5814,-33.0865],[21.5573,-33.0861],[21.5441,-33.0755],[21.5458,-33.0562],[21.5072,-33.0443],[21.4846,-33.014],[21.4585,-33.0113],[21.4428,-33.0005],[21.4259,-32.9702],[21.3959,-32.9379],[21.4574,-32.9275],[21.4815,-32.9113],[21.4301,-32.849],[21.4281,-32.8169],[21.4456,-32.792],[21.428,-32.7756],[21.4321,-32.7567],[21.4249,-32.7059],[21.4266,-32.6671],[21.3522,-32.6577],[21.325,-32.6142],[21.2956,-32.5909],[21.3005,-32.575],[21.2896,-32.5577],[21.2505,-32.5479],[21.2267,-32.5218],[21.1898,-32.5121]],[[20.9328,-33.1362],[20.9995,-33.0961],[21.0487,-33.1468],[21.0224,-33.1947],[21.005,-33.2078],[21.0068,-33.215],[21.04,-33.2303],[21.0033,-33.2331],[20.868,-33.1974],[20.8534,-33.202],[20.8564,-33.2136],[20.8683,-33.2203],[20.9341,-33.2194],[20.9228,-33.2282],[20.8873,-33.2304],[20.884,-33.2446],[20.8521,-33.2539],[20.7988,-33.1927],[20.8167,-33.1614],[20.8914,-33.1295],[20.9328,-33.1362]]]}},{"type":"Feature","properties":{"ward":2,"ward_id":"10402002","muni":"Hessequa"},"geometry":{"type":"Polygon","coordinates":[[[21.5872,-34.2125],[21.598,-34.1956],[21.5903,-34.1915],[21.5688,-34.2026],[21.5443,-34.2002],[21.5542,-34.2122],[21.5872,-34.2125]]]}},{"type":"Feature","properties":{"ward":4,"ward_id":"10402004","muni":"Hessequa"},"geometry":{"type":"Polygon","coordinates":[[[21.0791,-34.1039],[21.0022,-34.0836],[20.9658,-34.096],[20.9734,-34.1066],[20.9635,-34.1115],[20.9552,-34.1053],[20.8707,-34.1182],[20.8174,-34.1135],[20.7967,-34.1016],[20.7447,-34.1044],[20.7264,-34.0928],[20.7032,-34.0881],[20.693,-34.1008],[20.6872,-34.0874],[20.6401,-34.086],[20.6487,-34.1194],[20.6421,-34.1353],[20.6562,-34.1448],[20.6497,-34.1491],[20.6453,-34.1755],[20.6543,-34.1714],[20.665,-34.1885],[20.6969,-34.1844],[20.7189,-34.1955],[20.6996,-34.2132],[20.6928,-34.2024],[20.6528,-34.2236],[20.5994,-34.2729],[20.5726,-34.283],[20.5654,-34.3023],[20.5828,-34.2946],[20.5914,-34.3043],[20.6178,-34.3027],[20.622,-34.3167],[20.6046,-34.3245],[20.5974,-34.3518],[20.6224,-34.3436],[20.6419,-34.3555],[20.6558,-34.3485],[20.6861,-34.3466],[20.6903,-34.3584],[20.7066,-34.364],[20.7346,-34.3875],[20.7988,-34.4081],[20.82,-34.4013],[20.85,-34.4034],[20.8832,-34.3808],[20.9185,-34.369],[21.0012,-34.365],[21.1334,-34.3833],[21.2014,-34.4042],[21.22,-34.4164],[21.2465,-34.4192],[21.3009,-34.439],[21.3239,-34.4325],[21.3263,-34.4232],[21.37,-34.4],[21.365,-34.3931],[21.395,-34.379],[21.3778,-34.3776],[21.3736,-34.3708],[21.4108,-34.3516],[21.4064,-34.342],[21.3465,-34.3104],[21.3191,-34.3077],[21.2985,-34.2701],[21.3004,-34.254],[21.2909,-34.2332],[21.2918,-34.2197],[21.2854,-34.2145],[21.2887,-34.2047],[21.2783,-34.1909],[21.2729,-34.1661],[21.2964,-34.1659],[21.3039,-34.1608],[21.3021,-34.1533],[21.2808,-34.1466],[21.2741,-34.1312],[21.2604,-34.124],[21.2419,-34.132],[21.2244,-34.1136],[21.2251,-34.1188],[21.202,-34.1323],[21.1907,-34.1129],[21.1987,-34.1025],[21.1544,-34.1098],[21.1129,-34.1253],[21.1016,-34.1231],[21.0791,-34.1039]]]}},{"type":"Feature","properties":{"ward":5,"ward_id":"10402005","muni":"Hessequa"},"geometry":{"type":"Polygon","coordinates":[[[20.9727,-34.1074],[20.9658,-34.096],[20.9552,-34.1053],[20.9635,-34.1115],[20.9727,-34.1074]]]}},{"type":"Feature","properties":{"ward":6,"ward_id":"10402006","muni":"Hessequa"},"geometry":{"type":"Polygon","coordinates":[[[21.7565,-33.8195],[21.74,-33.7961],[21.6951,-33.807],[21.6483,-33.8304],[21.5483,-33.8228],[21.4233,-33.8476],[21.3819,-33.8453],[21.3711,-33.8199],[21.1903,-33.8232],[21.1998,-33.8354],[21.2209,-33.9194],[21.2051,-33.9318],[21.2278,-33.9455],[21.2292,-33.9586],[21.2175,-33.9756],[21.2289,-33.9938],[21.221,-33.9962],[21.2152,-34.0133],[21.2228,-34.0158],[21.2345,-34.0377],[21.2417,-34.0712],[21.2467,-34.0779],[21.2612,-34.0797],[21.2613,-34.092],[21.2556,-34.0923],[21.2844,-34.1102],[21.2736,-34.1232],[21.2604,-34.124],[21.2741,-34.1312],[21.2808,-34.1466],[21.3021,-34.1533],[21.3028,-34.16],[21.3184,-34.1696],[21.3836,-34.1755],[21.5542,-34.2122],[21.5443,-34.2002],[21.5688,-34.2026],[21.5903,-34.1915],[21.598,-34.1956],[21.5872,-34.2125],[21.6252,-34.2109],[21.7303,-34.1893],[21.7317,-34.2081],[21.743,-34.2084],[21.7382,-34.1949],[21.7531,-34.1875],[21.7502,-34.1741],[21.7424,-34.1708],[21.7447,-34.16],[21.734,-34.1556],[21.736,-34.1489],[21.7233,-34.1299],[21.7124,-34.1276],[21.7153,-34.1193],[21.6989,-34.1133],[21.7106,-34.1031],[21.7046,-34.0927],[21.7313,-34.0904],[21.7342,-34.1026],[21.7435,-34.1023],[21.7511,-34.0832],[21.7647,-34.0858],[21.7714,-34.0782],[21.7188,-34.0801],[21.7173,-34.0537],[21.7385,-34.0364],[21.7262,-34.0297],[21.7183,-34.031],[21.7135,-34.046],[21.6958,-34.0534],[21.6947,-34.0625],[21.6849,-34.0624],[21.6824,-34.0383],[21.6662,-34.0242],[21.6667,-34.0094],[21.641,-34.0083],[21.6398,-33.9989],[21.6585,-33.9635],[21.6529,-33.9164],[21.6649,-33.9143],[21.6739,-33.9015],[21.6762,-33.8825],[21.6628,-33.8798],[21.6989,-33.8579],[21.7022,-33.8426],[21.7127,-33.835],[21.7035,-33.8191],[21.7151,-33.8237],[21.7349,-33.8201],[21.7476,-33.827],[21.7565,-33.8195]]]}},{"type":"Feature","properties":{"ward":7,"ward_id":"10402007","muni":"Hessequa"},"geometry":{"type":"Polygon","coordinates":[[[21.2615,-34.0806],[21.2242,-34.0717],[21.1907,-34.1129],[21.202,-34.1323],[21.2251,-34.1188],[21.2243,-34.1136],[21.2419,-34.132],[21.2604,-34.124],[21.2518,-34.1],[21.2597,-34.0955],[21.2553,-34.0918],[21.2613,-34.092],[21.2615,-34.0806]]]}},{"type":"Feature","properties":{"ward":8,"ward_id":"10402008","muni":"Hessequa"},"geometry":{"type":"Polygon","coordinates":[[[21.2844,-34.1102],[21.253,-34.0956],[21.2518,-34.1009],[21.2604,-34.124],[21.2811,-34.1189],[21.2844,-34.1102]]]}},{"type":"Feature","properties":{"ward":1,"ward_id":"10403001","muni":"Mossel Bay"},"geometry":{"type":"Polygon","coordinates":[[[22.1006,-34.1606],[22.0821,-34.1675],[22.0829,-34.1743],[22.0892,-34.1781],[22.103,-34.1713],[22.1081,-34.1652],[22.1006,-34.1606]]]}},{"type":"Feature","properties":{"ward":2,"ward_id":"10403002","muni":"Mossel Bay"},"geometry":{"type":"Polygon","coordinates":[[[22.0777,-34.1761],[22.0764,-34.1823],[22.0907,-34.1805],[22.0908,-34.1764],[22.0777,-34.1761]]]}},{"type":"Feature","properties":{"ward":6,"ward_id":"10403006","muni":"Mossel Bay"},"geometry":{"type":"Polygon","coordinates":[[[22.1277,-34.1842],[22.0972,-34.1829],[22.0922,-34.1938],[22.1106,-34.1967],[22.1112,-34.2039],[22.1389,-34.1965],[22.1277,-34.1842]]]}},{"type":"Feature","properties":{"ward":10,"ward_id":"10403010","muni":"Mossel Bay"},"geometry":{"type":"Polygon","coordinates":[[[22.1239,-34.1186],[22.1064,-34.1174],[22.0987,-34.1487],[22.1047,-34.1662],[22.112,-34.1641],[22.1126,-34.1414],[22.1239,-34.1186]]]}},{"type":"Feature","properties":{"ward":12,"ward_id":"10403012","muni":"Mossel Bay"},"geometry":{"type":"Polygon","coordinates":[[[22.1205,-34.1688],[22.1086,-34.165],[22.1015,-34.183],[22.1205,-34.1688]]]}},{"type":"Feature","properties":{"ward":13,"ward_id":"10403013","muni":"Mossel Bay"},"geometry":{"type":"Polygon","coordinates":[[[22.1015,-34.183],[22.1086,-34.165],[22.0833,-34.1814],[22.1015,-34.183]]]}},{"type":"Feature","properties":{"ward":3,"ward_id":"10404003","muni":"George"},"geometry":{"type":"Polygon","coordinates":[[[22.4584,-33.9449],[22.4528,-33.9387],[22.4476,-33.9472],[22.4301,-33.9467],[22.4329,-33.9579],[22.4246,-33.9613],[22.4396,-33.9734],[22.4584,-33.9449]]]}},{"type":"Feature","properties":{"ward":4,"ward_id":"10404004","muni":"George"},"geometry":{"type":"Polygon","coordinates":[[[22.623,-33.9441],[22.6125,-33.9465],[22.6084,-33.9615],[22.5965,-33.9635],[22.5932,-33.9579],[22.5572,-33.9667],[22.5537,-33.9719],[22.5605,-33.9961],[22.6698,-34.0091],[22.7664,-34.0367],[22.7701,-34.0264],[22.7637,-34.031],[22.7376,-34.0248],[22.7389,-34.017],[22.7175,-33.9986],[22.7044,-33.9969],[22.7085,-33.988],[22.6797,-33.9832],[22.6828,-33.9746],[22.6547,-33.9763],[22.624,-33.9615],[22.623,-33.9441]]]}},{"type":"Feature","properties":{"ward":9,"ward_id":"10408009","muni":"Knysna"},"geometry":{"type":"Polygon","coordinates":[[[23.1741,-34.0271],[23.161,-34.0252],[23.1563,-34.0359],[23.1269,-34.0349],[23.1101,-34.0427],[23.1057,-34.0604],[23.09,-34.0627],[23.0898,-34.0515],[23.0811,-34.0506],[23.0857,-34.0437],[23.0647,-34.0379],[23.0441,-34.0428],[23.0367,-34.0376],[23.0262,-34.0504],[23.0581,-34.0827],[23.0863,-34.0866],[23.1007,-34.0789],[23.1582,-34.0853],[23.1646,-34.0825],[23.1785,-34.0457],[23.1741,-34.0271]]]}},{"type":"Feature","properties":{"ward":5,"ward_id":"10404005","muni":"George"},"geometry":{"type":"Polygon","coordinates":[[[22.4719,-33.9522],[22.4645,-33.9581],[22.4762,-33.963],[22.4869,-33.9781],[22.4953,-33.9778],[22.4825,-33.9655],[22.4827,-33.9559],[22.4719,-33.9522]]]}},{"type":"Feature","properties":{"ward":6,"ward_id":"10404006","muni":"George"},"geometry":{"type":"Polygon","coordinates":[[[22.4922,-33.9795],[22.4782,-33.9731],[22.476,-33.9802],[22.4872,-33.9864],[22.4922,-33.9795]]]}},{"type":"Feature","properties":{"ward":9,"ward_id":"10404009","muni":"George"},"geometry":{"type":"Polygon","coordinates":[[[22.4972,-34.0059],[22.4875,-34.0047],[22.4817,-34.0115],[22.4843,-34.0154],[22.4972,-34.0059]]]}},{"type":"Feature","properties":{"ward":3,"ward_id":"10502003","muni":"Prince Albert"},"geometry":{"type":"Polygon","coordinates":[[[22.0272,-33.2096],[22.0249,-33.2034],[22.0218,-33.1979],[22.0201,-33.2083],[22.0272,-33.2096]]]}},{"type":"Feature","properties":{"ward":12,"ward_id":"10404012","muni":"George"},"geometry":{"type":"Polygon","coordinates":[[[22.4751,-34.0],[22.4642,-34.008],[22.4658,-34.0127],[22.4817,-34.0115],[22.4875,-34.0047],[22.4751,-34.0]]]}},{"type":"Feature","properties":{"ward":13,"ward_id":"10404013","muni":"George"},"geometry":{"type":"Polygon","coordinates":[[[22.4977,-34.0024],[22.495,-33.9931],[22.4737,-33.9986],[22.4914,-34.006],[22.4977,-34.0024]]]}},{"type":"Feature","properties":{"ward":14,"ward_id":"10404014","muni":"George"},"geometry":{"type":"Polygon","coordinates":[[[22.4672,-34.0062],[22.4624,-33.9957],[22.4454,-33.9983],[22.4512,-34.017],[22.4617,-34.0217],[22.4672,-34.0062]]]}},{"type":"Feature","properties":{"ward":15,"ward_id":"10404015","muni":"George"},"geometry":{"type":"Polygon","coordinates":[[[22.4735,-33.9959],[22.4624,-33.9957],[22.4622,-33.9994],[22.4729,-34.0063],[22.4735,-33.9959]]]}},{"type":"Feature","properties":{"ward":16,"ward_id":"10404016","muni":"George"},"geometry":{"type":"Polygon","coordinates":[[[22.488,-34.022],[22.483,-34.0111],[22.4625,-34.0137],[22.4703,-34.0196],[22.4651,-34.0272],[22.482,-34.0314],[22.488,-34.022]]]}},{"type":"Feature","properties":{"ward":17,"ward_id":"10404017","muni":"George"},"geometry":{"type":"Polygon","coordinates":[[[22.4817,-33.9716],[22.473,-33.9617],[22.4602,-33.9763],[22.4437,-33.9824],[22.4438,-33.9939],[22.4636,-33.9837],[22.4739,-33.9895],[22.4825,-33.9847],[22.476,-33.9802],[22.4817,-33.9716]]]}},{"type":"Feature","properties":{"ward":18,"ward_id":"10404018","muni":"George"},"geometry":{"type":"Polygon","coordinates":[[[22.5104,-33.9376],[22.4775,-33.9178],[22.4806,-33.945],[22.4721,-33.9523],[22.4827,-33.9559],[22.4873,-33.9688],[22.5094,-33.9698],[22.515,-33.946],[22.509,-33.9469],[22.5104,-33.9376]]]}},{"type":"Feature","properties":{"ward":19,"ward_id":"10404019","muni":"George"},"geometry":{"type":"Polygon","coordinates":[[[22.4763,-33.9284],[22.4775,-33.9178],[22.4627,-33.912],[22.4529,-33.9387],[22.4589,-33.9459],[22.4428,-33.9697],[22.4693,-33.9525],[22.4626,-33.94],[22.4763,-33.9284]]]}},{"type":"Feature","properties":{"ward":20,"ward_id":"10404020","muni":"George"},"geometry":{"type":"Polygon","coordinates":[[[22.4675,-33.9844],[22.4438,-33.9939],[22.4454,-33.9983],[22.4739,-33.9895],[22.4675,-33.9844]]]}},{"type":"Feature","properties":{"ward":21,"ward_id":"10404021","muni":"George"},"geometry":{"type":"Polygon","coordinates":[[[22.5076,-34.0091],[22.4843,-34.0154],[22.488,-34.022],[22.4819,-34.0313],[22.5078,-34.0352],[22.5439,-34.0131],[22.5076,-34.0091]]]}},{"type":"Feature","properties":{"ward":22,"ward_id":"10404022","muni":"George"},"geometry":{"type":"Polygon","coordinates":[[[22.474,-33.8398],[22.4769,-33.8114],[22.4086,-33.8164],[22.4087,-33.8359],[22.3667,-33.8342],[22.3401,-33.8229],[22.3207,-33.8275],[22.2891,-33.858],[22.2754,-33.8514],[22.1935,-33.8514],[22.2338,-33.8882],[22.2335,-33.9031],[22.2679,-33.925],[22.2603,-33.9605],[22.2636,-33.9811],[22.2763,-33.9909],[22.2861,-33.9761],[22.3206,-33.9694],[22.3304,-33.9746],[22.3284,-33.9844],[22.3482,-34.0059],[22.4166,-33.9886],[22.4054,-33.9781],[22.4111,-33.9672],[22.3993,-33.9397],[22.408,-33.9342],[22.4176,-33.9428],[22.4476,-33.9472],[22.4627,-33.912],[22.4972,-33.9236],[22.5104,-33.9376],[22.5133,-33.9673],[22.4873,-33.9688],[22.5002,-33.9831],[22.5242,-33.9949],[22.5425,-33.9869],[22.5601,-33.9911],[22.5537,-33.9719],[22.5573,-33.9665],[22.5932,-33.9579],[22.5965,-33.9635],[22.6087,-33.9613],[22.6188,-33.9351],[22.6082,-33.9229],[22.6032,-33.899],[22.5861,-33.8784],[22.5892,-33.8628],[22.5755,-33.8491],[22.4945,-33.8554],[22.474,-33.8398]]]}},{"type":"Feature","properties":{"ward":23,"ward_id":"10404023","muni":"George"},"geometry":{"type":"Polygon","coordinates":[[[22.3216,-33.9694],[22.2861,-33.9761],[22.2709,-34.0052],[22.2799,-34.0215],[22.2628,-34.0376],[22.2658,-34.0484],[22.3075,-34.0481],[22.3097,-34.0397],[22.3196,-34.0427],[22.3172,-34.0493],[22.3225,-34.0514],[22.3538,-34.0539],[22.3512,-34.0414],[22.3546,-34.0544],[22.3806,-34.0617],[22.3914,-34.0547],[22.4245,-34.06],[22.4672,-34.0482],[22.4843,-34.0516],[22.4986,-34.0397],[22.4888,-34.0303],[22.4319,-34.0197],[22.4352,-34.0096],[22.4503,-34.0116],[22.4415,-33.9858],[22.4572,-33.9775],[22.4428,-33.9697],[22.4272,-33.9796],[22.429,-33.9849],[22.35,-34.0062],[22.3424,-34.004],[22.3284,-33.9844],[22.3307,-33.9752],[22.3216,-33.9694]]]}},{"type":"Feature","properties":{"ward":7,"ward_id":"10405007","muni":"Oudtshoorn"},"geometry":{"type":"Polygon","coordinates":[[[22.2302,-33.5899],[22.2308,-33.5695],[22.2171,-33.5616],[22.206,-33.5867],[22.215,-33.6053],[22.2302,-33.5899]]]}},{"type":"Feature","properties":{"ward":8,"ward_id":"10405008","muni":"Oudtshoorn"},"geometry":{"type":"Polygon","coordinates":[[[22.2481,-33.6068],[22.2482,-33.5963],[22.2319,-33.6054],[22.2366,-33.6117],[22.2481,-33.6068]]]}},{"type":"Feature","properties":{"ward":9,"ward_id":"10405009","muni":"Oudtshoorn"},"geometry":{"type":"Polygon","coordinates":[[[22.3088,-33.4569],[22.2551,-33.4452],[22.2091,-33.4776],[22.1881,-33.4631],[22.1826,-33.501],[22.215,-33.5251],[22.2039,-33.5332],[22.2058,-33.555],[22.2667,-33.5851],[22.2636,-33.5881],[22.3201,-33.5787],[22.333,-33.6032],[22.3423,-33.5974],[22.3873,-33.5941],[22.3871,-33.5743],[22.3949,-33.5628],[22.4183,-33.5655],[22.4229,-33.577],[22.4166,-33.5859],[22.4264,-33.5851],[22.4318,-33.576],[22.4254,-33.5663],[22.4416,-33.5673],[22.4726,-33.5331],[22.4623,-33.5325],[22.4445,-33.5453],[22.4428,-33.5229],[22.3963,-33.4791],[22.3658,-33.5254],[22.3375,-33.513],[22.2741,-33.537],[22.2453,-33.5029],[22.3088,-33.4569]]]}},{"type":"Feature","properties":{"ward":3,"ward_id":"10407003","muni":"Bitou"},"geometry":{"type":"Polygon","coordinates":[[[23.3591,-34.0402],[23.3475,-34.0462],[23.3473,-34.0531],[23.3604,-34.048],[23.3591,-34.0402]]]}},{"type":"Feature","properties":{"ward":4,"ward_id":"10407004","muni":"Bitou"},"geometry":{"type":"Polygon","coordinates":[[[23.3576,-34.0399],[23.3118,-34.0375],[23.3086,-34.0443],[23.3283,-34.0433],[23.3447,-34.0545],[23.3576,-34.0399]]]}},{"type":"Feature","properties":{"ward":5,"ward_id":"10407005","muni":"Bitou"},"geometry":{"type":"Polygon","coordinates":[[[23.3335,-34.0453],[23.3283,-34.0433],[23.3098,-34.0443],[23.3205,-34.0547],[23.3335,-34.0453]]]}},{"type":"Feature","properties":{"ward":3,"ward_id":"10408003","muni":"Knysna"},"geometry":{"type":"Polygon","coordinates":[[[23.1059,-34.0474],[23.1135,-34.0281],[23.1083,-34.0381],[23.0913,-34.0386],[23.0928,-34.045],[23.1059,-34.0474]]]}},{"type":"Feature","properties":{"ward":6,"ward_id":"10408006","muni":"Knysna"},"geometry":{"type":"Polygon","coordinates":[[[23.1065,-34.0468],[23.0858,-34.0438],[23.0811,-34.0506],[23.0908,-34.0542],[23.1065,-34.0468]]]}},{"type":"Feature","properties":{"ward":7,"ward_id":"10408007","muni":"Knysna"},"geometry":{"type":"Polygon","coordinates":[[[23.1134,-34.0281],[23.0934,-34.0251],[23.0913,-34.0386],[23.1093,-34.0375],[23.1134,-34.0281]]]}},{"type":"Feature","properties":{"ward":8,"ward_id":"10408008","muni":"Knysna"},"geometry":{"type":"Polygon","coordinates":[[[23.0934,-34.0251],[23.076,-34.0248],[23.0719,-34.031],[23.09,-34.0332],[23.0934,-34.0251]]]}},{"type":"Feature","properties":{"ward":10,"ward_id":"10408010","muni":"Knysna"},"geometry":{"type":"Polygon","coordinates":[[[23.0255,-34.0031],[22.9926,-34.022],[23.0142,-34.0426],[23.0329,-34.0364],[23.0441,-34.0428],[23.0596,-34.0376],[23.0928,-34.045],[23.09,-34.0332],[23.059,-34.0326],[23.0461,-34.0265],[23.0509,-34.0242],[23.0255,-34.0031]]]}},{"type":"Feature","properties":{"ward":4,"ward_id":"10501004","muni":"Laingsburg"},"geometry":{"type":"Polygon","coordinates":[[[21.0224,-33.1947],[21.0409,-33.1607],[20.9236,-33.1892],[20.8635,-33.1948],[21.0033,-33.2331],[21.0267,-33.2326],[21.04,-33.2303],[21.0068,-33.215],[21.005,-33.2078],[21.0224,-33.1947]]]}},{"type":"Feature","properties":{"ward":1,"ward_id":"10502001","muni":"Prince Albert"},"geometry":{"type":"Polygon","coordinates":[[[22.012,-32.7242],[22.0719,-32.6427],[22.0366,-32.5997],[22.0334,-32.5549],[21.9459,-32.6098],[21.9144,-32.6193],[21.7604,-32.6584],[21.7484,-32.6376],[21.7178,-32.6416],[21.6828,-32.6844],[21.6912,-32.7144],[21.5771,-32.7595],[21.5247,-32.7591],[21.4798,-32.7866],[21.4321,-32.7567],[21.428,-32.7756],[21.4456,-32.792],[21.4281,-32.8169],[21.4301,-32.849],[21.4815,-32.9113],[21.4574,-32.9275],[21.3959,-32.9379],[21.4259,-32.9702],[21.4428,-33.0005],[21.4585,-33.0113],[21.4846,-33.014],[21.5072,-33.0443],[21.5458,-33.0562],[21.5441,-33.0755],[21.5573,-33.0861],[21.5814,-33.0865],[21.5853,-33.0967],[21.5778,-33.1154],[21.6044,-33.1401],[21.6373,-33.1413],[21.6167,-33.1774],[21.6257,-33.1792],[21.6278,-33.1916],[21.6513,-33.1873],[21.6582,-33.212],[21.8277,-33.1946],[21.8418,-33.2094],[21.8673,-33.2081],[21.8956,-33.1726],[21.9089,-33.1869],[21.9329,-33.1979],[22.0294,-33.1978],[22.0308,-33.1763],[22.0243,-33.1693],[22.05,-33.1122],[22.0136,-33.1098],[22.0166,-33.0406],[22.0628,-33.0241],[22.141,-33.019],[22.1071,-33.0129],[22.0902,-32.9841],[22.0934,-32.9793],[22.0391,-32.9736],[22.0297,-32.9573],[22.0339,-32.9424],[22.1159,-32.8426],[22.1914,-32.7906],[22.1242,-32.7328],[22.065,-32.7106],[22.012,-32.7242]]]}},{"type":"Feature","properties":{"ward":2,"ward_id":"10502002","muni":"Prince Albert"},"geometry":{"type":"Polygon","coordinates":[[[22.4371,-32.8751],[22.384,-32.8708],[22.3213,-32.8206],[22.3154,-32.7823],[22.2993,-32.7569],[22.3013,-32.7399],[22.2173,-32.7441],[22.1914,-32.7906],[22.1159,-32.8426],[22.0761,-32.8895],[22.0339,-32.9424],[22.0297,-32.9573],[22.0391,-32.9736],[22.0934,-32.9793],[22.0902,-32.9841],[22.1071,-33.0129],[22.141,-33.019],[22.0628,-33.0241],[22.0166,-33.0406],[22.0136,-33.1098],[22.05,-33.1122],[22.0243,-33.1693],[22.0308,-33.1763],[22.0294,-33.1978],[22.0218,-33.1979],[22.0278,-33.2133],[22.0182,-33.2143],[22.0207,-33.2532],[22.0367,-33.2474],[22.0527,-33.2781],[22.0546,-33.3054],[22.037,-33.3216],[22.0435,-33.329],[22.0351,-33.3317],[22.042,-33.3489],[22.1453,-33.3354],[22.214,-33.315],[22.3913,-33.3641],[22.4647,-33.4045],[22.5157,-33.4097],[22.5818,-33.4047],[22.6643,-33.4157],[22.7744,-33.4197],[22.7845,-33.4155],[22.7357,-33.3948],[22.7393,-33.324],[22.7734,-33.3263],[22.7739,-33.309],[22.7903,-33.3073],[22.8402,-33.2202],[22.8772,-33.1869],[22.8923,-33.1416],[22.9553,-33.0731],[22.9579,-33.0451],[22.9341,-33.0217],[22.912,-33.0145],[22.873,-33.0244],[22.8775,-33.031],[22.8354,-33.0377],[22.8003,-32.9853],[22.7678,-32.9785],[22.7831,-32.9306],[22.6646,-32.9288],[22.5174,-32.8927],[22.5219,-32.864],[22.4371,-32.8751]]]}},{"type":"Feature","properties":{"ward":4,"ward_id":"10502004","muni":"Prince Albert"},"geometry":{"type":"Polygon","coordinates":[[[21.9329,-33.1979],[21.8956,-33.1726],[21.8673,-33.2081],[21.8418,-33.2094],[21.8277,-33.1946],[21.6582,-33.212],[21.6513,-33.1873],[21.6223,-33.1925],[21.6135,-33.216],[21.6373,-33.2139],[21.6429,-33.2249],[21.6367,-33.2459],[21.624,-33.2464],[21.6318,-33.2694],[21.6366,-33.2697],[21.6324,-33.28],[21.6364,-33.3037],[21.551,-33.3408],[21.6116,-33.3347],[21.6356,-33.3586],[21.6971,-33.3565],[21.6325,-33.3769],[21.612,-33.3968],[21.68,-33.4048],[21.7079,-33.3964],[21.8272,-33.391],[21.9021,-33.365],[21.9629,-33.3662],[22.047,-33.3518],[22.0351,-33.3317],[22.0435,-33.329],[22.037,-33.3216],[22.0546,-33.3054],[22.0527,-33.2781],[22.0367,-33.2474],[22.0207,-33.2532],[22.0182,-33.2143],[22.0278,-33.2133],[22.0201,-33.2083],[22.0218,-33.1979],[21.9329,-33.1979]]]}},{"type":"Feature","properties":{"ward":1,"ward_id":"10503001","muni":"Beaufort West"},"geometry":{"type":"Polygon","coordinates":[[[23.7345,-31.6546],[23.7151,-31.647],[23.6395,-31.6601],[23.6191,-31.6494],[23.5945,-31.6623],[23.5745,-31.6892],[23.5355,-31.6918],[23.5239,-31.7053],[23.4231,-31.6821],[23.4165,-31.6722],[23.4017,-31.6996],[23.4071,-31.7138],[23.3451,-31.7109],[23.3024,-31.7301],[23.2634,-31.7783],[23.2624,-31.8154],[23.225,-31.854],[23.2304,-31.8757],[23.2632,-31.907],[23.2463,-31.9586],[23.2855,-31.9574],[23.3701,-31.977],[23.3944,-31.9564],[23.44,-31.9554],[23.4905,-31.9386],[23.5075,-31.9442],[23.5344,-31.9931],[23.5133,-32.0264],[23.5151,-32.0385],[23.5439,-32.0493],[23.649,-32.061],[23.6539,-32.0669],[23.6749,-32.0547],[23.6888,-32.0711],[23.7051,-32.0685],[23.7163,-32.0772],[23.7446,-32.0729],[23.7078,-32.0548],[23.7192,-32.0363],[23.7225,-32.0124],[23.7474,-32.0099],[23.7475,-32.0174],[23.7536,-32.0048],[23.7935,-32.002],[23.8231,-32.0213],[23.8209,-32.0707],[23.8461,-32.0686],[23.8434,-32.0949],[23.8555,-32.1164],[23.9088,-32.138],[23.97,-32.1753],[23.9847,-32.188],[23.9866,-32.1977],[24.0305,-32.1935],[24.044,-32.1819],[24.038,-32.1581],[24.1001,-32.164],[24.1129,-32.1509],[24.1022,-32.1488],[24.1355,-32.1231],[24.1354,-32.0979],[24.1097,-32.0843],[24.0979,-32.1108],[24.1029,-32.0699],[24.1126,-32.07],[24.1119,-32.0616],[24.1233,-32.0559],[24.1348,-32.0602],[24.1411,-32.0514],[24.1286,-32.0412],[24.1409,-32.0117],[24.1745,-32.0199],[24.1748,-32.0126],[24.1894,-32.0123],[24.1937,-32.0048],[24.183,-31.9959],[24.2224,-31.9556],[24.188,-31.9336],[24.1972,-31.9235],[24.1642,-31.9024],[24.1466,-31.8969],[24.1468,-31.9027],[24.1386,-31.9054],[24.1054,-31.9068],[24.1047,-31.8868],[24.1236,-31.8472],[24.1533,-31.8549],[24.1548,-31.8225],[24.1797,-31.8194],[24.1837,-31.8133],[24.1543,-31.7983],[24.1525,-31.7886],[24.1022,-31.7926],[24.0709,-31.8071],[24.0561,-31.776],[24.0431,-31.7673],[24.0285,-31.7302],[24.0291,-31.722],[24.0468,-31.7067],[23.9631,-31.7067],[23.9665,-31.7154],[23.9513,-31.7495],[23.9487,-31.7733],[23.9179,-31.7954],[23.9159,-31.822],[23.894,-31.8368],[23.8786,-31.8337],[23.8378,-31.7833],[23.8294,-31.7803],[23.8372,-31.7679],[23.8085,-31.7637],[23.8476,-31.7292],[23.8416,-31.7151],[23.8157,-31.7142],[23.7775,-31.6971],[23.7565,-31.6957],[23.7345,-31.6546]]]}},{"type":"Feature","properties":{"ward":2,"ward_id":"10503002","muni":"Beaufort West"},"geometry":{"type":"Polygon","coordinates":[[[23.2304,-31.8757],[23.1712,-31.9181],[23.1395,-31.9515],[23.1044,-31.9606],[23.0985,-31.9777],[23.0709,-31.9538],[23.0587,-31.9548],[23.0523,-31.9103],[23.0674,-31.8907],[23.0387,-31.8774],[22.9758,-31.8608],[22.9019,-31.8758],[22.8747,-31.8616],[22.859,-31.8183],[22.7769,-31.8569],[22.7351,-31.7994],[22.6762,-31.8157],[22.7049,-31.8142],[22.7036,-31.8559],[22.7305,-31.8796],[22.7393,-31.9002],[22.7986,-31.9308],[22.7831,-31.9484],[22.8014,-31.9719],[22.7812,-31.9848],[22.794,-31.9981],[22.7902,-32.0132],[22.7985,-32.0207],[22.7898,-32.024],[22.785,-32.0422],[22.7576,-32.0596],[22.7592,-32.055],[22.7069,-32.0582],[22.7114,-32.0864],[22.7179,-32.0861],[22.7071,-32.1162],[22.6807,-32.1242],[22.6401,-32.1185],[22.6361,-32.1499],[22.6212,-32.1694],[22.6469,-32.1559],[22.6832,-32.1621],[22.6696,-32.1761],[22.6794,-32.1817],[22.6682,-32.1932],[22.6498,-32.1963],[22.6036,-32.1736],[22.5398,-32.1884],[22.5127,-32.1562],[22.5231,-32.199],[22.5365,-32.2198],[22.5162,-32.2465],[22.5288,-32.2593],[22.5571,-32.2595],[22.5623,-32.2657],[22.5678,-32.2612],[22.5633,-32.236],[22.5861,-32.238],[22.5886,-32.2296],[22.6363,-32.2375],[22.5849,-32.2887],[22.592,-32.3053],[22.5748,-32.3158],[22.5799,-32.3249],[22.5683,-32.3365],[22.579,-32.3481],[22.5667,-32.3576],[22.595,-32.3509],[22.6128,-32.3812],[22.5896,-32.3837],[22.5874,-32.3931],[22.5783,-32.394],[22.6264,-32.4184],[22.7013,-32.4399],[22.7264,-32.477],[22.7463,-32.4935],[22.7438,-32.5003],[22.6726,-32.474],[22.658,-32.458],[22.6588,-32.4489],[22.6351,-32.4562],[22.6081,-32.4514],[22.6185,-32.5029],[22.6343,-32.5234],[22.6717,-32.6034],[22.6316,-32.6424],[22.7028,-32.6995],[22.7792,-32.7434],[22.76,-32.786],[22.7947,-32.8078],[22.7607,-32.8424],[22.7968,-32.8579],[22.7675,-32.8895],[22.7935,-32.8985],[22.7678,-32.9785],[22.8003,-32.9853],[22.8354,-33.0377],[22.8775,-33.031],[22.873,-33.0244],[22.912,-33.0145],[22.9341,-33.0217],[22.9352,-33.013],[22.9692,-32.9934],[22.9488,-32.95],[23.0037,-32.8983],[23.0074,-32.8728],[23.098,-32.8737],[23.1164,-32.858],[23.0893,-32.7992],[23.1493,-32.7667],[23.1875,-32.7674],[23.2011,-32.7854],[23.2504,-32.7886],[23.3052,-32.8095],[23.3786,-32.825],[23.3977,-32.7635],[23.3516,-32.7638],[23.3535,-32.7294],[23.3329,-32.7036],[23.2696,-32.6715],[23.3013,-32.6518],[23.3073,-32.6116],[23.2882,-32.5512],[23.2445,-32.5132],[23.2475,-32.4653],[23.2216,-32.425],[23.2721,-32.4007],[23.2872,-32.4042],[23.3073,-32.3959],[23.3331,-32.3511],[23.3493,-32.3644],[23.4098,-32.3892],[23.4246,-32.3562],[23.449,-32.3233],[23.6652,-32.3442],[23.6784,-32.3291],[23.6489,-32.298],[23.6704,-32.2377],[23.6924,-32.2335],[23.7082,-32.2191],[23.7471,-32.2007],[23.7662,-32.1787],[23.7979,-32.1941],[23.8511,-32.2425],[23.8923,-32.255],[23.921,-32.2334],[23.9354,-32.2319],[23.9611,-32.2065],[23.9866,-32.1977],[23.9847,-32.188],[23.97,-32.1753],[23.9088,-32.138],[23.8555,-32.1164],[23.8434,-32.0949],[23.8461,-32.0686],[23.8209,-32.0707],[23.8231,-32.0213],[23.7935,-32.002],[23.7536,-32.0048],[23.7475,-32.0174],[23.7474,-32.0099],[23.7225,-32.0124],[23.7192,-32.0363],[23.7078,-32.0548],[23.7446,-32.0729],[23.7163,-32.0772],[23.7051,-32.0685],[23.6888,-32.0711],[23.6749,-32.0547],[23.6539,-32.0669],[23.649,-32.061],[23.5439,-32.0493],[23.5151,-32.0385],[23.5133,-32.0264],[23.5344,-31.9931],[23.5075,-31.9442],[23.4905,-31.9386],[23.44,-31.9554],[23.3944,-31.9564],[23.3701,-31.977],[23.2855,-31.9574],[23.2463,-31.9586],[23.2632,-31.907],[23.2304,-31.8757]]]}},{"type":"Feature","properties":{"ward":4,"ward_id":"10503004","muni":"Beaufort West"},"geometry":{"type":"Polygon","coordinates":[[[22.5917,-32.3496],[22.5804,-32.3544],[22.5842,-32.3667],[22.5742,-32.3822],[22.6127,-32.3818],[22.5917,-32.3496]]]}},{"type":"Feature","properties":{"ward":5,"ward_id":"10503005","muni":"Beaufort West"},"geometry":{"type":"Polygon","coordinates":[[[22.5815,-32.3575],[22.5727,-32.3567],[22.5618,-32.3639],[22.5744,-32.3661],[22.5712,-32.3743],[22.5781,-32.3737],[22.5842,-32.3667],[22.5815,-32.3575]]]}},{"type":"Feature","properties":{"ward":6,"ward_id":"10503006","muni":"Beaufort West"},"geometry":{"type":"Polygon","coordinates":[[[22.5781,-32.3737],[22.5674,-32.375],[22.5663,-32.3808],[22.5328,-32.3828],[22.5268,-32.3766],[22.297,-32.5112],[22.2138,-32.585],[22.1441,-32.6256],[22.0683,-32.6977],[22.0353,-32.7192],[22.065,-32.7106],[22.1242,-32.7328],[22.1914,-32.7906],[22.2173,-32.7441],[22.3013,-32.7399],[22.2993,-32.7569],[22.3154,-32.7823],[22.3213,-32.8206],[22.384,-32.8708],[22.4557,-32.8765],[22.5219,-32.864],[22.5174,-32.8927],[22.6646,-32.9288],[22.7831,-32.9306],[22.7935,-32.8985],[22.7675,-32.8895],[22.7968,-32.8579],[22.7607,-32.8424],[22.7947,-32.8078],[22.76,-32.786],[22.7792,-32.7434],[22.7028,-32.6995],[22.6316,-32.6424],[22.6717,-32.6034],[22.6343,-32.5234],[22.6185,-32.5029],[22.6081,-32.4514],[22.6351,-32.4562],[22.6588,-32.4489],[22.658,-32.458],[22.6726,-32.474],[22.7438,-32.5003],[22.7463,-32.4935],[22.7264,-32.477],[22.7013,-32.4399],[22.6264,-32.4184],[22.5783,-32.394],[22.5874,-32.3931],[22.5896,-32.3837],[22.5742,-32.3822],[22.5781,-32.3737]]]}},{"type":"Feature","properties":{"ward":1,"ward_id":"19100001","muni":"City of Cape Town"},"geometry":{"type":"Polygon","coordinates":[[[18.5993,-33.8882],[18.5778,-33.8388],[18.5594,-33.8219],[18.5522,-33.8286],[18.5593,-33.8668],[18.5476,-33.882],[18.5513,-33.888],[18.5993,-33.8882]]]}},{"type":"Feature","properties":{"ward":2,"ward_id":"19100002","muni":"City of Cape Town"},"geometry":{"type":"Polygon","coordinates":[[[18.635,-33.8873],[18.5644,-33.8885],[18.5767,-33.9076],[18.5968,-33.9041],[18.5972,-33.8983],[18.6274,-33.9011],[18.635,-33.8873]]]}},{"type":"Feature","properties":{"ward":3,"ward_id":"19100003","muni":"City of Cape Town"},"geometry":{"type":"Polygon","coordinates":[[[18.6769,-33.892],[18.671,-33.8719],[18.635,-33.8873],[18.6295,-33.8951],[18.642,-33.8921],[18.6434,-33.9027],[18.6686,-33.914],[18.6769,-33.892]]]}},{"type":"Feature","properties":{"ward":4,"ward_id":"19100004","muni":"City of Cape Town"},"geometry":{"type":"Polygon","coordinates":[[[18.4986,-33.8577],[18.4864,-33.8444],[18.4888,-33.8737],[18.5246,-33.8778],[18.5214,-33.8897],[18.5314,-33.885],[18.533,-33.8483],[18.5127,-33.8471],[18.4986,-33.8577]]]}},{"type":"Feature","properties":{"ward":5,"ward_id":"19100005","muni":"City of Cape Town"},"geometry":{"type":"Polygon","coordinates":[[[18.5522,-33.8286],[18.5597,-33.8059],[18.5479,-33.8047],[18.53,-33.8636],[18.5314,-33.8852],[18.546,-33.8907],[18.5535,-33.8905],[18.5476,-33.882],[18.5593,-33.8668],[18.5522,-33.8286]]]}},{"type":"Feature","properties":{"ward":6,"ward_id":"19100006","muni":"City of Cape Town"},"geometry":{"type":"Polygon","coordinates":[[[18.7485,-33.8565],[18.725,-33.8553],[18.7347,-33.8717],[18.7274,-33.8807],[18.737,-33.8935],[18.7452,-33.8869],[18.7512,-33.8937],[18.7533,-33.8851],[18.7457,-33.874],[18.7485,-33.8565]]]}},{"type":"Feature","properties":{"ward":7,"ward_id":"19100007","muni":"City of Cape Town"},"geometry":{"type":"Polygon","coordinates":[[[18.7274,-33.8807],[18.7347,-33.8717],[18.725,-33.8553],[18.6907,-33.8793],[18.7041,-33.8785],[18.7172,-33.9056],[18.7172,-33.8985],[18.7356,-33.891],[18.7274,-33.8807]]]}},{"type":"Feature","properties":{"ward":64,"ward_id":"19100064","muni":"City of Cape Town"},"geometry":{"type":"Polygon","coordinates":[[[18.4769,-34.0803],[18.45,-34.0864],[18.4656,-34.1],[18.4582,-34.1054],[18.4652,-34.1103],[18.4502,-34.1235],[18.446,-34.126],[18.4237,-34.1086],[18.413,-34.1174],[18.4031,-34.1135],[18.4019,-34.1325],[18.4359,-34.1562],[18.44,-34.1498],[18.4342,-34.1369],[18.4816,-34.1042],[18.4769,-34.0803]]]}},{"type":"Feature","properties":{"ward":8,"ward_id":"19100008","muni":"City of Cape Town"},"geometry":{"type":"Polygon","coordinates":[[[18.6909,-33.8797],[18.6952,-33.8743],[18.6832,-33.8817],[18.6825,-33.8774],[18.673,-33.8791],[18.6775,-33.8973],[18.6686,-33.914],[18.6762,-33.9215],[18.6986,-33.913],[18.7061,-33.924],[18.7155,-33.9064],[18.712,-33.8869],[18.7041,-33.8785],[18.6909,-33.8797]]]}},{"type":"Feature","properties":{"ward":9,"ward_id":"19100009","muni":"City of Cape Town"},"geometry":{"type":"Polygon","coordinates":[[[18.6592,-33.9074],[18.6322,-33.9074],[18.6312,-33.9263],[18.6113,-33.9392],[18.6609,-33.9379],[18.6687,-33.9141],[18.6592,-33.9074]]]}},{"type":"Feature","properties":{"ward":10,"ward_id":"19100010","muni":"City of Cape Town"},"geometry":{"type":"Polygon","coordinates":[[[18.6434,-33.9027],[18.6415,-33.892],[18.6274,-33.9011],[18.5972,-33.8983],[18.6043,-33.9448],[18.6312,-33.9263],[18.6322,-33.9074],[18.6547,-33.9056],[18.6434,-33.9027]]]}},{"type":"Feature","properties":{"ward":11,"ward_id":"19100011","muni":"City of Cape Town"},"geometry":{"type":"Polygon","coordinates":[[[18.6986,-33.9143],[18.6762,-33.9215],[18.6687,-33.9141],[18.6606,-33.9395],[18.687,-33.9458],[18.6927,-33.9531],[18.7024,-33.9493],[18.6955,-33.9428],[18.6989,-33.9283],[18.7061,-33.924],[18.6986,-33.9143]]]}},{"type":"Feature","properties":{"ward":12,"ward_id":"19100012","muni":"City of Cape Town"},"geometry":{"type":"Polygon","coordinates":[[[18.6475,-33.9409],[18.6474,-33.9346],[18.6377,-33.9359],[18.6265,-33.9521],[18.6573,-33.9545],[18.6609,-33.9379],[18.6475,-33.9409]]]}},{"type":"Feature","properties":{"ward":13,"ward_id":"19100013","muni":"City of Cape Town"},"geometry":{"type":"Polygon","coordinates":[[[18.6265,-33.9521],[18.6278,-33.9714],[18.6332,-33.9642],[18.6545,-33.968],[18.6573,-33.9545],[18.6265,-33.9521]]]}},{"type":"Feature","properties":{"ward":14,"ward_id":"19100014","muni":"City of Cape Town"},"geometry":{"type":"Polygon","coordinates":[[[18.713,-33.9218],[18.6989,-33.9283],[18.6955,-33.9428],[18.7024,-33.9493],[18.6867,-33.9559],[18.6835,-33.9853],[18.6908,-33.9872],[18.6982,-33.9799],[18.7093,-33.9935],[18.7195,-33.9861],[18.7418,-34.0218],[18.7459,-34.0064],[18.7518,-34.0053],[18.7377,-33.9893],[18.7454,-33.9874],[18.7283,-33.9693],[18.7335,-33.9659],[18.7368,-33.9406],[18.7453,-33.9315],[18.713,-33.9218]]]}},{"type":"Feature","properties":{"ward":15,"ward_id":"19100015","muni":"City of Cape Town"},"geometry":{"type":"Polygon","coordinates":[[[18.8654,-34.0462],[18.859,-34.0395],[18.8418,-34.0471],[18.819,-34.0397],[18.805,-34.0513],[18.8148,-34.052],[18.8092,-34.0634],[18.806,-34.054],[18.789,-34.0549],[18.8385,-34.0832],[18.8486,-34.0706],[18.8602,-34.0771],[18.8681,-34.0711],[18.8654,-34.0462]]]}},{"type":"Feature","properties":{"ward":16,"ward_id":"19100016","muni":"City of Cape Town"},"geometry":{"type":"Polygon","coordinates":[[[18.7418,-34.0218],[18.7273,-33.9993],[18.6929,-34.0119],[18.69,-34.026],[18.7237,-34.0393],[18.7418,-34.0218]]]}},{"type":"Feature","properties":{"ward":17,"ward_id":"19100017","muni":"City of Cape Town"},"geometry":{"type":"Polygon","coordinates":[[[18.7093,-33.9935],[18.6982,-33.9799],[18.6897,-33.9827],[18.6929,-34.0119],[18.7273,-33.9993],[18.7195,-33.9861],[18.7093,-33.9935]]]}},{"type":"Feature","properties":{"ward":19,"ward_id":"19100019","muni":"City of Cape Town"},"geometry":{"type":"Polygon","coordinates":[[[18.6927,-33.9531],[18.6606,-33.9395],[18.6524,-33.9784],[18.6657,-33.9803],[18.6629,-33.9686],[18.6751,-33.9684],[18.6761,-33.9609],[18.6841,-33.9629],[18.6927,-33.9531]]]}},{"type":"Feature","properties":{"ward":20,"ward_id":"19100020","muni":"City of Cape Town"},"geometry":{"type":"Polygon","coordinates":[[[18.6525,-33.9671],[18.6403,-33.9635],[18.6325,-33.967],[18.639,-33.9762],[18.6524,-33.9784],[18.6525,-33.9671]]]}},{"type":"Feature","properties":{"ward":21,"ward_id":"19100021","muni":"City of Cape Town"},"geometry":{"type":"Polygon","coordinates":[[[18.6716,-33.8414],[18.6472,-33.8426],[18.6381,-33.8526],[18.6425,-33.8589],[18.6341,-33.8875],[18.671,-33.8719],[18.6665,-33.871],[18.6666,-33.8574],[18.6716,-33.8414]]]}},{"type":"Feature","properties":{"ward":22,"ward_id":"19100022","muni":"City of Cape Town"},"geometry":{"type":"Polygon","coordinates":[[[18.6252,-33.952],[18.6377,-33.9359],[18.5875,-33.9439],[18.5917,-33.9624],[18.5875,-33.9819],[18.6117,-33.9928],[18.6252,-33.952]]]}},{"type":"Feature","properties":{"ward":24,"ward_id":"19100024","muni":"City of Cape Town"},"geometry":{"type":"Polygon","coordinates":[[[18.6331,-33.9807],[18.6261,-33.9567],[18.6117,-33.9928],[18.633,-34.0012],[18.6448,-33.9897],[18.6277,-33.9872],[18.6331,-33.9807]]]}},{"type":"Feature","properties":{"ward":25,"ward_id":"19100025","muni":"City of Cape Town"},"geometry":{"type":"Polygon","coordinates":[[[18.5879,-33.9379],[18.6038,-33.9406],[18.5996,-33.9173],[18.5836,-33.9216],[18.5879,-33.9379]]]}},{"type":"Feature","properties":{"ward":26,"ward_id":"19100026","muni":"City of Cape Town"},"geometry":{"type":"Polygon","coordinates":[[[18.5767,-33.9075],[18.5697,-33.9008],[18.5549,-33.9034],[18.567,-33.9233],[18.5996,-33.9173],[18.5968,-33.9041],[18.5767,-33.9075]]]}},{"type":"Feature","properties":{"ward":27,"ward_id":"19100027","muni":"City of Cape Town"},"geometry":{"type":"Polygon","coordinates":[[[18.546,-33.8907],[18.5314,-33.8852],[18.5412,-33.9168],[18.5569,-33.9116],[18.5549,-33.9034],[18.5697,-33.9008],[18.5644,-33.8885],[18.546,-33.8907]]]}},{"type":"Feature","properties":{"ward":28,"ward_id":"19100028","muni":"City of Cape Town"},"geometry":{"type":"Polygon","coordinates":[[[18.567,-33.9233],[18.5596,-33.9109],[18.5412,-33.9168],[18.5428,-33.9415],[18.5664,-33.9432],[18.5665,-33.9369],[18.5872,-33.9356],[18.5836,-33.9216],[18.567,-33.9233]]]}},{"type":"Feature","properties":{"ward":29,"ward_id":"19100029","muni":"City of Cape Town"},"geometry":{"type":"Polygon","coordinates":[[[18.5245,-33.5036],[18.4958,-33.4811],[18.4555,-33.4713],[18.4262,-33.5112],[18.3837,-33.5117],[18.3692,-33.5253],[18.3604,-33.5489],[18.3413,-33.5586],[18.343,-33.5706],[18.3581,-33.5822],[18.3619,-33.5931],[18.3567,-33.5986],[18.3679,-33.5996],[18.3772,-33.6185],[18.4011,-33.6303],[18.4114,-33.6009],[18.4397,-33.6297],[18.4548,-33.5931],[18.4736,-33.5805],[18.4778,-33.5699],[18.4883,-33.5764],[18.4956,-33.5654],[18.494,-33.55],[18.487,-33.5483],[18.4928,-33.5421],[18.5182,-33.5548],[18.5261,-33.5452],[18.5383,-33.5513],[18.5486,-33.5421],[18.5406,-33.5266],[18.5242,-33.5252],[18.5245,-33.5036]]]}},{"type":"Feature","properties":{"ward":30,"ward_id":"19100030","muni":"City of Cape Town"},"geometry":{"type":"Polygon","coordinates":[[[18.5615,-33.9735],[18.5566,-33.9716],[18.5565,-33.9808],[18.5386,-33.9887],[18.5414,-33.9982],[18.5584,-34.002],[18.5615,-33.9735]]]}},{"type":"Feature","properties":{"ward":31,"ward_id":"19100031","muni":"City of Cape Town"},"geometry":{"type":"Polygon","coordinates":[[[18.5614,-33.9432],[18.5596,-33.9552],[18.5494,-33.9578],[18.5705,-33.9646],[18.5875,-33.9819],[18.5887,-33.9564],[18.5614,-33.9432]]]}},{"type":"Feature","properties":{"ward":32,"ward_id":"19100032","muni":"City of Cape Town"},"geometry":{"type":"Polygon","coordinates":[[[18.5765,-33.5317],[18.564,-33.5235],[18.5406,-33.5266],[18.5486,-33.5421],[18.5383,-33.5513],[18.5261,-33.5452],[18.5182,-33.5548],[18.4928,-33.5421],[18.487,-33.5483],[18.494,-33.55],[18.4956,-33.5654],[18.4883,-33.5764],[18.4778,-33.5699],[18.4736,-33.5805],[18.4548,-33.5931],[18.4397,-33.6297],[18.4097,-33.6023],[18.4011,-33.6303],[18.4269,-33.67],[18.4234,-33.6765],[18.4306,-33.6785],[18.4215,-33.6773],[18.4319,-33.6796],[18.4383,-33.6939],[18.4776,-33.6656],[18.4979,-33.6582],[18.5064,-33.6705],[18.5102,-33.7213],[18.5159,-33.7226],[18.5298,-33.7047],[18.5479,-33.6963],[18.557,-33.6662],[18.6106,-33.5851],[18.5744,-33.5735],[18.5686,-33.5621],[18.58,-33.5577],[18.5765,-33.5317]]]}},{"type":"Feature","properties":{"ward":33,"ward_id":"19100033","muni":"City of Cape Town"},"geometry":{"type":"Polygon","coordinates":[[[18.5619,-34.0025],[18.5597,-34.0085],[18.5742,-34.0241],[18.5856,-34.0221],[18.5841,-34.0135],[18.5709,-34.0144],[18.5619,-34.0025]]]}},{"type":"Feature","properties":{"ward":34,"ward_id":"19100034","muni":"City of Cape Town"},"geometry":{"type":"Polygon","coordinates":[[[18.5876,-34.0009],[18.575,-34.0101],[18.5766,-34.0151],[18.5939,-34.0127],[18.5876,-34.0009]]]}},{"type":"Feature","properties":{"ward":35,"ward_id":"19100035","muni":"City of Cape Town"},"geometry":{"type":"Polygon","coordinates":[[[18.6292,-34.0052],[18.6078,-33.9971],[18.5876,-34.0007],[18.606,-34.007],[18.6073,-34.0183],[18.6292,-34.0052]]]}},{"type":"Feature","properties":{"ward":36,"ward_id":"19100036","muni":"City of Cape Town"},"geometry":{"type":"Polygon","coordinates":[[[18.592,-33.9849],[18.5926,-33.9996],[18.619,-33.9982],[18.6289,-34.0051],[18.633,-34.0012],[18.592,-33.9849]]]}},{"type":"Feature","properties":{"ward":37,"ward_id":"19100037","muni":"City of Cape Town"},"geometry":{"type":"Polygon","coordinates":[[[18.5926,-33.9996],[18.585,-33.9828],[18.5806,-34.0014],[18.5926,-33.9996]]]}},{"type":"Feature","properties":{"ward":38,"ward_id":"19100038","muni":"City of Cape Town"},"geometry":{"type":"Polygon","coordinates":[[[18.5841,-33.9824],[18.5741,-33.9817],[18.5753,-34.0018],[18.5806,-34.0014],[18.5841,-33.9824]]]}},{"type":"Feature","properties":{"ward":39,"ward_id":"19100039","muni":"City of Cape Town"},"geometry":{"type":"Polygon","coordinates":[[[18.5741,-34.001],[18.5773,-33.983],[18.564,-33.9745],[18.5639,-34.0022],[18.5741,-34.001]]]}},{"type":"Feature","properties":{"ward":40,"ward_id":"19100040","muni":"City of Cape Town"},"geometry":{"type":"Polygon","coordinates":[[[18.5912,-33.985],[18.572,-33.9657],[18.5627,-33.9618],[18.568,-33.9669],[18.564,-33.9745],[18.5912,-33.985]]]}},{"type":"Feature","properties":{"ward":41,"ward_id":"19100041","muni":"City of Cape Town"},"geometry":{"type":"Polygon","coordinates":[[[18.5648,-34.0025],[18.5615,-33.9735],[18.5584,-34.002],[18.5648,-34.0025]]]}},{"type":"Feature","properties":{"ward":84,"ward_id":"19100084","muni":"City of Cape Town"},"geometry":{"type":"Polygon","coordinates":[[[18.9695,-34.0199],[18.9222,-34.0028],[18.9176,-34.0113],[18.9227,-34.0139],[18.909,-34.0212],[18.8856,-34.0273],[18.8803,-34.0231],[18.8721,-34.0341],[18.8608,-34.0358],[18.8681,-34.0711],[18.8602,-34.0771],[18.8486,-34.0706],[18.8385,-34.0832],[18.8429,-34.0847],[18.8364,-34.0864],[18.884,-34.1221],[18.9223,-34.135],[18.9332,-34.1272],[18.9373,-34.1346],[18.9295,-34.151],[18.9639,-34.1525],[18.9652,-34.14],[18.9439,-34.1382],[18.9668,-34.1024],[19.0048,-34.0756],[18.9846,-34.0359],[18.9704,-34.0831],[18.9664,-34.0813],[18.9632,-34.0739],[18.9725,-34.0569],[18.9695,-34.0199]]]}},{"type":"Feature","properties":{"ward":42,"ward_id":"19100042","muni":"City of Cape Town"},"geometry":{"type":"Polygon","coordinates":[[[18.5875,-33.9368],[18.5665,-33.9369],[18.5664,-33.9458],[18.5862,-33.9537],[18.5875,-33.9439],[18.5933,-33.943],[18.5875,-33.9368]]]}},{"type":"Feature","properties":{"ward":43,"ward_id":"19100043","muni":"City of Cape Town"},"geometry":{"type":"Polygon","coordinates":[[[18.592,-34.0616],[18.5583,-34.0019],[18.5215,-34.0019],[18.5315,-34.0646],[18.5524,-34.0888],[18.6141,-34.0736],[18.592,-34.0616]]]}},{"type":"Feature","properties":{"ward":44,"ward_id":"19100044","muni":"City of Cape Town"},"geometry":{"type":"Polygon","coordinates":[[[18.568,-33.9669],[18.5422,-33.9556],[18.5285,-33.9669],[18.564,-33.9745],[18.568,-33.9669]]]}},{"type":"Feature","properties":{"ward":45,"ward_id":"19100045","muni":"City of Cape Town"},"geometry":{"type":"Polygon","coordinates":[[[18.4954,-34.0722],[18.4795,-34.0751],[18.4816,-34.1042],[18.5046,-34.097],[18.5049,-34.0812],[18.4954,-34.0722]]]}},{"type":"Feature","properties":{"ward":46,"ward_id":"19100046","muni":"City of Cape Town"},"geometry":{"type":"Polygon","coordinates":[[[18.5565,-33.9808],[18.5543,-33.9708],[18.5143,-33.9634],[18.5154,-33.9789],[18.5382,-33.9816],[18.5386,-33.9887],[18.5565,-33.9808]]]}},{"type":"Feature","properties":{"ward":47,"ward_id":"19100047","muni":"City of Cape Town"},"geometry":{"type":"Polygon","coordinates":[[[18.5434,-33.9994],[18.5332,-33.9819],[18.522,-33.9892],[18.5215,-34.0019],[18.5434,-33.9994]]]}},{"type":"Feature","properties":{"ward":48,"ward_id":"19100048","muni":"City of Cape Town"},"geometry":{"type":"Polygon","coordinates":[[[18.5145,-33.9656],[18.5081,-33.9612],[18.5071,-33.9675],[18.5016,-33.9659],[18.5013,-33.9804],[18.5041,-33.9896],[18.5121,-33.9891],[18.5194,-33.9976],[18.5313,-33.9827],[18.5154,-33.9789],[18.5145,-33.9656]]]}},{"type":"Feature","properties":{"ward":49,"ward_id":"19100049","muni":"City of Cape Town"},"geometry":{"type":"Polygon","coordinates":[[[18.5283,-33.951],[18.4996,-33.9504],[18.5027,-33.9674],[18.5081,-33.9612],[18.5285,-33.9669],[18.5315,-33.9599],[18.5413,-33.9602],[18.5422,-33.9556],[18.5283,-33.951]]]}},{"type":"Feature","properties":{"ward":50,"ward_id":"19100050","muni":"City of Cape Town"},"geometry":{"type":"Polygon","coordinates":[[[18.5633,-33.9485],[18.5429,-33.9415],[18.5422,-33.9556],[18.5595,-33.9553],[18.5633,-33.9485]]]}},{"type":"Feature","properties":{"ward":51,"ward_id":"19100051","muni":"City of Cape Town"},"geometry":{"type":"Polygon","coordinates":[[[18.5371,-33.9408],[18.5219,-33.9385],[18.5088,-33.9498],[18.5353,-33.9499],[18.5371,-33.9408]]]}},{"type":"Feature","properties":{"ward":52,"ward_id":"19100052","muni":"City of Cape Town"},"geometry":{"type":"Polygon","coordinates":[[[18.5429,-33.9415],[18.5371,-33.9408],[18.5353,-33.9499],[18.5283,-33.951],[18.5422,-33.9556],[18.5429,-33.9415]]]}},{"type":"Feature","properties":{"ward":53,"ward_id":"19100053","muni":"City of Cape Town"},"geometry":{"type":"Polygon","coordinates":[[[18.5428,-33.9415],[18.5412,-33.9168],[18.4766,-33.9259],[18.4854,-33.9457],[18.4964,-33.9533],[18.5219,-33.9385],[18.5428,-33.9415]]]}},{"type":"Feature","properties":{"ward":55,"ward_id":"19100055","muni":"City of Cape Town"},"geometry":{"type":"Polygon","coordinates":[[[18.493,-33.8714],[18.473,-33.9084],[18.4541,-33.9213],[18.4931,-33.9145],[18.5214,-33.8897],[18.5246,-33.8778],[18.5035,-33.8779],[18.493,-33.8714]]]}},{"type":"Feature","properties":{"ward":56,"ward_id":"19100056","muni":"City of Cape Town"},"geometry":{"type":"Polygon","coordinates":[[[18.5314,-33.8852],[18.4954,-33.9133],[18.4784,-33.9177],[18.4766,-33.9259],[18.5412,-33.9168],[18.5314,-33.8852]]]}},{"type":"Feature","properties":{"ward":57,"ward_id":"19100057","muni":"City of Cape Town"},"geometry":{"type":"Polygon","coordinates":[[[18.4781,-33.9289],[18.4382,-33.933],[18.4343,-33.9362],[18.4413,-33.9387],[18.4404,-33.9546],[18.4863,-33.9521],[18.4781,-33.9289]]]}},{"type":"Feature","properties":{"ward":58,"ward_id":"19100058","muni":"City of Cape Town"},"geometry":{"type":"Polygon","coordinates":[[[18.4875,-33.9514],[18.481,-33.9539],[18.4763,-33.9636],[18.4814,-33.9658],[18.4675,-33.9818],[18.4691,-34.0023],[18.4912,-33.9989],[18.4961,-33.9637],[18.4875,-33.9514]]]}},{"type":"Feature","properties":{"ward":60,"ward_id":"19100060","muni":"City of Cape Town"},"geometry":{"type":"Polygon","coordinates":[[[18.5026,-33.9539],[18.4834,-33.9435],[18.4961,-33.9637],[18.4885,-34.0021],[18.5215,-34.0019],[18.5121,-33.9891],[18.5041,-33.9896],[18.5026,-33.9539]]]}},{"type":"Feature","properties":{"ward":61,"ward_id":"19100061","muni":"City of Cape Town"},"geometry":{"type":"Polygon","coordinates":[[[18.3524,-34.1429],[18.3391,-34.1273],[18.3223,-34.1385],[18.3188,-34.1484],[18.338,-34.1769],[18.3526,-34.1769],[18.3704,-34.1959],[18.3843,-34.267],[18.3795,-34.273],[18.3968,-34.2884],[18.4049,-34.3034],[18.4006,-34.3084],[18.4283,-34.3312],[18.457,-34.3384],[18.4721,-34.3583],[18.4981,-34.3573],[18.4718,-34.3404],[18.4612,-34.3209],[18.4749,-34.2786],[18.4665,-34.2672],[18.4776,-34.2547],[18.4772,-34.2328],[18.4541,-34.1979],[18.4465,-34.1942],[18.4423,-34.1876],[18.4378,-34.1848],[18.4429,-34.1906],[18.4264,-34.1882],[18.4359,-34.1562],[18.409,-34.1373],[18.3881,-34.1517],[18.3697,-34.1435],[18.3706,-34.1355],[18.3524,-34.1429]]]}},{"type":"Feature","properties":{"ward":62,"ward_id":"19100062","muni":"City of Cape Town"},"geometry":{"type":"Polygon","coordinates":[[[18.4573,-33.9662],[18.4434,-33.9588],[18.4477,-33.9545],[18.4404,-33.9546],[18.403,-33.9835],[18.4144,-33.9903],[18.405,-33.9955],[18.4034,-34.0256],[18.4172,-34.0377],[18.437,-34.0323],[18.4337,-34.0374],[18.4416,-34.0433],[18.4538,-34.0136],[18.47,-34.0209],[18.4726,-34.0025],[18.4556,-33.9941],[18.4476,-33.9747],[18.4573,-33.9662]]]}},{"type":"Feature","properties":{"ward":63,"ward_id":"19100063","muni":"City of Cape Town"},"geometry":{"type":"Polygon","coordinates":[[[18.5016,-34.001],[18.4726,-34.0025],[18.4663,-34.0413],[18.4968,-34.0252],[18.4943,-34.0153],[18.5016,-34.001]]]}},{"type":"Feature","properties":{"ward":65,"ward_id":"19100065","muni":"City of Cape Town"},"geometry":{"type":"Polygon","coordinates":[[[18.4998,-34.0327],[18.4957,-34.0259],[18.49,-34.029],[18.4967,-34.0489],[18.5268,-34.0392],[18.5251,-34.0311],[18.4998,-34.0327]]]}},{"type":"Feature","properties":{"ward":66,"ward_id":"19100066","muni":"City of Cape Town"},"geometry":{"type":"Polygon","coordinates":[[[18.5215,-34.0019],[18.5017,-34.0008],[18.4943,-34.0153],[18.5004,-34.0337],[18.5251,-34.0311],[18.5215,-34.0019]]]}},{"type":"Feature","properties":{"ward":67,"ward_id":"19100067","muni":"City of Cape Town"},"geometry":{"type":"Polygon","coordinates":[[[18.5321,-34.0658],[18.5268,-34.0392],[18.5074,-34.042],[18.4967,-34.0489],[18.5059,-34.0501],[18.489,-34.0593],[18.5049,-34.0812],[18.5046,-34.097],[18.5541,-34.0863],[18.5321,-34.0658]]]}},{"type":"Feature","properties":{"ward":70,"ward_id":"19100070","muni":"City of Cape Town"},"geometry":{"type":"Polygon","coordinates":[[[18.6257,-33.8293],[18.6037,-33.8251],[18.5777,-33.8424],[18.595,-33.867],[18.5993,-33.8882],[18.6341,-33.8875],[18.6425,-33.8589],[18.6257,-33.8293]]]}},{"type":"Feature","properties":{"ward":72,"ward_id":"19100072","muni":"City of Cape Town"},"geometry":{"type":"Polygon","coordinates":[[[18.49,-34.029],[18.467,-34.0393],[18.4616,-34.0622],[18.4746,-34.0629],[18.474,-34.0579],[18.4883,-34.0544],[18.49,-34.029]]]}},{"type":"Feature","properties":{"ward":73,"ward_id":"19100073","muni":"City of Cape Town"},"geometry":{"type":"Polygon","coordinates":[[[18.4662,-34.0436],[18.4628,-34.0142],[18.4538,-34.0136],[18.4441,-34.0346],[18.4467,-34.054],[18.4561,-34.0624],[18.4662,-34.0436]]]}},{"type":"Feature","properties":{"ward":75,"ward_id":"19100075","muni":"City of Cape Town"},"geometry":{"type":"Polygon","coordinates":[[[18.6008,-34.0422],[18.5986,-34.0284],[18.608,-34.0275],[18.6026,-34.019],[18.5742,-34.0241],[18.5852,-34.0436],[18.6008,-34.0422]]]}},{"type":"Feature","properties":{"ward":76,"ward_id":"19100076","muni":"City of Cape Town"},"geometry":{"type":"Polygon","coordinates":[[[18.6338,-34.0323],[18.6292,-34.0052],[18.6177,-34.0158],[18.6026,-34.019],[18.6131,-34.0381],[18.6338,-34.0323]]]}},{"type":"Feature","properties":{"ward":79,"ward_id":"19100079","muni":"City of Cape Town"},"geometry":{"type":"Polygon","coordinates":[[[18.6205,-34.069],[18.6172,-34.0465],[18.6074,-34.0497],[18.6128,-34.062],[18.5986,-34.0669],[18.6138,-34.0715],[18.6119,-34.0753],[18.6286,-34.0736],[18.6205,-34.069]]]}},{"type":"Feature","properties":{"ward":80,"ward_id":"19100080","muni":"City of Cape Town"},"geometry":{"type":"Polygon","coordinates":[[[18.5707,-34.0142],[18.5846,-34.0074],[18.5836,-34.0011],[18.5626,-34.0025],[18.5707,-34.0142]]]}},{"type":"Feature","properties":{"ward":82,"ward_id":"19100082","muni":"City of Cape Town"},"geometry":{"type":"Polygon","coordinates":[[[18.6492,-34.0653],[18.6323,-34.0543],[18.6228,-34.0587],[18.6204,-34.0688],[18.6496,-34.0729],[18.6492,-34.0653]]]}},{"type":"Feature","properties":{"ward":83,"ward_id":"19100083","muni":"City of Cape Town"},"geometry":{"type":"Polygon","coordinates":[[[18.8429,-34.0847],[18.7959,-34.0589],[18.7837,-34.0821],[18.7981,-34.0867],[18.7967,-34.0924],[18.8358,-34.1218],[18.8452,-34.1166],[18.84,-34.1093],[18.8512,-34.1003],[18.8364,-34.0864],[18.8429,-34.0847]]]}},{"type":"Feature","properties":{"ward":85,"ward_id":"19100085","muni":"City of Cape Town"},"geometry":{"type":"Polygon","coordinates":[[[18.8647,-34.1113],[18.8512,-34.1003],[18.84,-34.1093],[18.8452,-34.1166],[18.8293,-34.1199],[18.8452,-34.1382],[18.8647,-34.1113]]]}},{"type":"Feature","properties":{"ward":87,"ward_id":"19100087","muni":"City of Cape Town"},"geometry":{"type":"Polygon","coordinates":[[[18.6589,-34.0123],[18.6446,-34.0058],[18.6411,-34.0112],[18.6476,-34.0162],[18.6589,-34.0123]]]}},{"type":"Feature","properties":{"ward":89,"ward_id":"19100089","muni":"City of Cape Town"},"geometry":{"type":"Polygon","coordinates":[[[18.6731,-34.0246],[18.6589,-34.0123],[18.6555,-34.0174],[18.6697,-34.0294],[18.6731,-34.0246]]]}},{"type":"Feature","properties":{"ward":90,"ward_id":"19100090","muni":"City of Cape Town"},"geometry":{"type":"Polygon","coordinates":[[[18.6557,-34.0451],[18.6568,-34.0158],[18.6323,-34.0183],[18.6349,-34.0406],[18.6414,-34.0471],[18.6557,-34.0451]]]}},{"type":"Feature","properties":{"ward":91,"ward_id":"19100091","muni":"City of Cape Town"},"geometry":{"type":"Polygon","coordinates":[[[18.6663,-34.0289],[18.6535,-34.0185],[18.6558,-34.0301],[18.6663,-34.0289]]]}},{"type":"Feature","properties":{"ward":92,"ward_id":"19100092","muni":"City of Cape Town"},"geometry":{"type":"Polygon","coordinates":[[[18.6701,-34.0732],[18.6356,-34.0421],[18.6249,-34.048],[18.6409,-34.066],[18.6492,-34.0653],[18.6496,-34.0729],[18.6701,-34.0732]]]}},{"type":"Feature","properties":{"ward":93,"ward_id":"19100093","muni":"City of Cape Town"},"geometry":{"type":"Polygon","coordinates":[[[18.7005,-34.0301],[18.6655,-34.0153],[18.6641,-34.0164],[18.6731,-34.0246],[18.6697,-34.0294],[18.6754,-34.0285],[18.6918,-34.0448],[18.7005,-34.0301]]]}},{"type":"Feature","properties":{"ward":94,"ward_id":"19100094","muni":"City of Cape Town"},"geometry":{"type":"Polygon","coordinates":[[[18.6754,-34.0285],[18.6528,-34.0312],[18.6557,-34.0451],[18.6798,-34.0378],[18.6754,-34.0285]]]}},{"type":"Feature","properties":{"ward":95,"ward_id":"19100095","muni":"City of Cape Town"},"geometry":{"type":"Polygon","coordinates":[[[18.6975,-34.0469],[18.6921,-34.0527],[18.6986,-34.0531],[18.6922,-34.062],[18.6952,-34.0721],[18.7387,-34.0753],[18.7404,-34.0694],[18.7155,-34.0537],[18.7185,-34.0485],[18.7085,-34.0519],[18.6975,-34.0469]]]}},{"type":"Feature","properties":{"ward":96,"ward_id":"19100096","muni":"City of Cape Town"},"geometry":{"type":"Polygon","coordinates":[[[18.7223,-34.0418],[18.7005,-34.0301],[18.6892,-34.0422],[18.7085,-34.0519],[18.7223,-34.0418]]]}},{"type":"Feature","properties":{"ward":97,"ward_id":"19100097","muni":"City of Cape Town"},"geometry":{"type":"Polygon","coordinates":[[[18.6984,-34.0551],[18.6798,-34.0378],[18.664,-34.0423],[18.6756,-34.0547],[18.6984,-34.0551]]]}},{"type":"Feature","properties":{"ward":98,"ward_id":"19100098","muni":"City of Cape Town"},"geometry":{"type":"Polygon","coordinates":[[[18.6756,-34.0547],[18.664,-34.0423],[18.6557,-34.0451],[18.6587,-34.0571],[18.6813,-34.0651],[18.6842,-34.0547],[18.6756,-34.0547]]]}},{"type":"Feature","properties":{"ward":99,"ward_id":"19100099","muni":"City of Cape Town"},"geometry":{"type":"Polygon","coordinates":[[[18.6544,-34.0453],[18.6414,-34.0471],[18.6701,-34.0732],[18.6968,-34.07],[18.6922,-34.062],[18.6984,-34.0551],[18.6842,-34.0547],[18.6813,-34.0651],[18.659,-34.0574],[18.6544,-34.0453]]]}},{"type":"Feature","properties":{"ward":102,"ward_id":"19100102","muni":"City of Cape Town"},"geometry":{"type":"Polygon","coordinates":[[[18.7619,-33.7944],[18.7227,-33.7946],[18.7271,-33.8043],[18.7109,-33.8039],[18.7085,-33.7961],[18.6947,-33.8095],[18.6958,-33.8493],[18.6818,-33.8585],[18.683,-33.8662],[18.7261,-33.8385],[18.7898,-33.8201],[18.7848,-33.8036],[18.7762,-33.8069],[18.7619,-33.7944]]]}},{"type":"Feature","properties":{"ward":103,"ward_id":"19100103","muni":"City of Cape Town"},"geometry":{"type":"Polygon","coordinates":[[[18.6947,-33.8095],[18.6784,-33.8201],[18.6823,-33.8294],[18.6706,-33.8279],[18.6665,-33.871],[18.681,-33.8674],[18.6818,-33.8585],[18.6946,-33.8548],[18.6947,-33.8095]]]}},{"type":"Feature","properties":{"ward":106,"ward_id":"19100106","muni":"City of Cape Town"},"geometry":{"type":"Polygon","coordinates":[[[18.6325,-33.967],[18.6277,-33.9872],[18.6448,-33.9897],[18.6524,-33.9784],[18.639,-33.9762],[18.6325,-33.967]]]}},{"type":"Feature","properties":{"ward":107,"ward_id":"19100107","muni":"City of Cape Town"},"geometry":{"type":"Polygon","coordinates":[[[18.4838,-33.806],[18.4776,-33.795],[18.4677,-33.8092],[18.4758,-33.8214],[18.4903,-33.825],[18.5318,-33.7982],[18.4838,-33.806]]]}},{"type":"Feature","properties":{"ward":108,"ward_id":"19100108","muni":"City of Cape Town"},"geometry":{"type":"Polygon","coordinates":[[[18.6841,-33.9629],[18.6751,-33.9684],[18.6629,-33.9686],[18.6639,-33.9859],[18.6834,-34.0041],[18.6895,-34.002],[18.6908,-33.9872],[18.6835,-33.9853],[18.6841,-33.9629]]]}},{"type":"Feature","properties":{"ward":109,"ward_id":"19100109","muni":"City of Cape Town"},"geometry":{"type":"Polygon","coordinates":[[[18.7959,-34.0589],[18.7422,-34.0215],[18.7279,-34.0324],[18.7155,-34.0537],[18.7404,-34.0694],[18.7387,-34.0753],[18.7967,-34.0924],[18.7981,-34.0867],[18.7837,-34.0821],[18.7959,-34.0589]]]}},{"type":"Feature","properties":{"ward":110,"ward_id":"19100110","muni":"City of Cape Town"},"geometry":{"type":"Polygon","coordinates":[[[18.5059,-34.0501],[18.49,-34.041],[18.4883,-34.0544],[18.474,-34.0579],[18.4862,-34.0678],[18.4846,-34.075],[18.4947,-34.0723],[18.489,-34.0593],[18.5059,-34.0501]]]}},{"type":"Feature","properties":{"ward":111,"ward_id":"19100111","muni":"City of Cape Town"},"geometry":{"type":"Polygon","coordinates":[[[18.6832,-33.8817],[18.7373,-33.8474],[18.7356,-33.8356],[18.671,-33.8719],[18.673,-33.8791],[18.6825,-33.8774],[18.6832,-33.8817]]]}},{"type":"Feature","properties":{"ward":14,"ward_id":"10302014","muni":"Overstrand"},"geometry":{"type":"Polygon","coordinates":[[[19.3758,-34.5461],[19.3526,-34.5597],[19.3543,-34.5657],[19.3425,-34.5779],[19.345,-34.5864],[19.3392,-34.5853],[19.3282,-34.6085],[19.3016,-34.6169],[19.2911,-34.6316],[19.3055,-34.6334],[19.3165,-34.623],[19.348,-34.6266],[19.3607,-34.6152],[19.3654,-34.5978],[19.3518,-34.5908],[19.352,-34.5769],[19.3758,-34.5461]]]}},{"type":"Feature","properties":{"ward":28,"ward_id":"10404028","muni":"George"},"geometry":{"type":"Polygon","coordinates":[[[22.473,-33.9617],[22.4593,-33.9552],[22.4465,-33.9718],[22.4602,-33.9763],[22.473,-33.9617]]]}},{"type":"Feature","properties":{"ward":15,"ward_id":"10403015","muni":"Mossel Bay"},"geometry":{"type":"Polygon","coordinates":[[[22.0837,-34.1707],[22.0701,-34.1729],[22.0603,-34.1819],[22.0712,-34.1822],[22.0837,-34.1707]]]}},{"type":"Feature","properties":{"ward":23,"ward_id":"10204023","muni":"Stellenbosch"},"geometry":{"type":"Polygon","coordinates":[[[18.8538,-33.9221],[18.8483,-33.9268],[18.86,-33.9415],[18.8615,-33.9281],[18.8538,-33.9221]]]}},{"type":"Feature","properties":{"ward":32,"ward_id":"10203032","muni":"Drakenstein"},"geometry":{"type":"Polygon","coordinates":[[[19.0067,-33.6959],[18.998,-33.7021],[18.9988,-33.7042],[19.0103,-33.7003],[19.0067,-33.6959]]]}},{"type":"Feature","properties":{"ward":33,"ward_id":"10203033","muni":"Drakenstein"},"geometry":{"type":"Polygon","coordinates":[[[19.0039,-33.7297],[18.9903,-33.7362],[18.996,-33.748],[19.0042,-33.7425],[19.0039,-33.7297]]]}},{"type":"Feature","properties":{"ward":14,"ward_id":"10301014","muni":"Theewaterskloof"},"geometry":{"type":"Polygon","coordinates":[[[19.01,-34.1534],[18.9938,-34.1472],[18.987,-34.153],[19.0023,-34.1594],[19.01,-34.1534]]]}},{"type":"Feature","properties":{"ward":6,"ward_id":"10304006","muni":"Swellendam"},"geometry":{"type":"Polygon","coordinates":[[[20.4428,-34.0316],[20.4378,-34.0325],[20.4296,-34.0467],[20.4395,-34.0399],[20.4412,-34.0459],[20.4447,-34.0433],[20.4428,-34.0316]]]}},{"type":"Feature","properties":{"ward":27,"ward_id":"10404027","muni":"George"},"geometry":{"type":"Polygon","coordinates":[[[22.4542,-34.019],[22.4503,-34.0116],[22.4361,-34.0095],[22.4319,-34.0197],[22.4686,-34.0266],[22.4703,-34.0196],[22.4542,-34.019]]]}},{"type":"Feature","properties":{"ward":11,"ward_id":"10408011","muni":"Knysna"},"geometry":{"type":"Polygon","coordinates":[[[23.109,-34.0465],[23.0891,-34.0544],[23.09,-34.0627],[23.1057,-34.0604],[23.109,-34.0465]]]}},{"type":"Feature","properties":{"ward":112,"ward_id":"19100112","muni":"City of Cape Town"},"geometry":{"type":"Polygon","coordinates":[[[18.6526,-33.8274],[18.6417,-33.8113],[18.63,-33.8127],[18.6364,-33.8226],[18.6246,-33.8304],[18.6381,-33.8526],[18.6472,-33.8426],[18.6722,-33.8388],[18.6706,-33.8279],[18.6823,-33.8294],[18.6784,-33.8201],[18.6526,-33.8274]]]}},{"type":"Feature","properties":{"ward":113,"ward_id":"19100113","muni":"City of Cape Town"},"geometry":{"type":"Polygon","coordinates":[[[18.5249,-33.8228],[18.5147,-33.8065],[18.4903,-33.825],[18.4758,-33.8214],[18.4995,-33.8584],[18.5127,-33.8471],[18.533,-33.8483],[18.5391,-33.8254],[18.5349,-33.8186],[18.5249,-33.8228]]]}},{"type":"Feature","properties":{"ward":114,"ward_id":"19100114","muni":"City of Cape Town"},"geometry":{"type":"Polygon","coordinates":[[[18.6623,-33.9807],[18.6524,-33.9784],[18.633,-34.0012],[18.69,-34.026],[18.6895,-34.002],[18.6804,-34.0032],[18.6623,-33.9807]]]}},{"type":"Feature","properties":{"ward":116,"ward_id":"19100116","muni":"City of Cape Town"},"geometry":{"type":"Polygon","coordinates":[[[18.6319,-34.0449],[18.6338,-34.0323],[18.6131,-34.038],[18.6228,-34.0587],[18.6323,-34.0543],[18.6249,-34.048],[18.6319,-34.0449]]]}},{"type":"Feature","properties":{"ward":14,"ward_id":"10104014","muni":"Saldanha Bay"},"geometry":{"type":"Polygon","coordinates":[[[18.0777,-32.9524],[18.0847,-32.9361],[18.0643,-32.9296],[18.0359,-32.9692],[18.0131,-32.9766],[17.9983,-32.9997],[17.9936,-32.9976],[17.9835,-33.0322],[17.9947,-33.0089],[18.0088,-33.0079],[18.0301,-33.0239],[18.0427,-33.0487],[18.0411,-33.0668],[18.0282,-33.085],[18.0392,-33.0855],[18.0772,-33.0597],[18.1064,-33.0243],[18.0777,-32.9524]]]}},{"type":"Feature","properties":{"ward":115,"ward_id":"19100115","muni":"City of Cape Town"},"geometry":{"type":"Polygon","coordinates":[[[18.4325,-33.8983],[18.4151,-33.901],[18.4196,-33.9059],[18.415,-33.9102],[18.3962,-33.909],[18.404,-33.9177],[18.4134,-33.9128],[18.4176,-33.9179],[18.4061,-33.9316],[18.414,-33.9362],[18.4349,-33.9287],[18.4491,-33.9347],[18.4499,-33.9295],[18.477,-33.9268],[18.4784,-33.9177],[18.4541,-33.9213],[18.466,-33.914],[18.4722,-33.9078],[18.4547,-33.9122],[18.4456,-33.9052],[18.4389,-33.903],[18.455,-33.9155],[18.4501,-33.9196],[18.4482,-33.9162],[18.4371,-33.9088],[18.4374,-33.9068],[18.4351,-33.9086],[18.4463,-33.9155],[18.4401,-33.914],[18.4459,-33.9202],[18.4423,-33.9205],[18.4256,-33.9097],[18.4341,-33.9053],[18.4174,-33.9088],[18.4325,-33.8983]]]}}]}