New Name,Feature_Description,Date,MapInfo,Province,FeatureSubTypeID,Previous_Name,MagisterialDistrictID,ProvinceID,fklLanguageID,Disteral,Local Municipality,Sound,District Municipality,fklLocalMunic,Comments,Meaning,Language
Abdulah Mohamed Omar,Interchange,2004-10-01 00:00:00,,KwaZulu-Natal,133.0,E.B. Cloete,,4.0,16.0,ETH,eThekwini Metro,,eThekwini Metro,ETH,E.B. Cloete,,
Abel,Post Office,2005-09-16 00:00:00,"75 km E of Duiwelskloof, -23.4833333333333",Limpopo,73.0,,342.0,7.0,4.0,DC33,Greater Tzaneen,,Capricorn,NP333,,,
Akani,Settlement,2005-07-16 00:00:00,30km NW of Mapulaneng,Mpumalanga,105.0,Edinburgh,,5.0,7.0,DC32,Bushbuckridge,,Ehlanzeni,MP325,Edinburgh,,
AMandawe,Post Office,2001-08-14 00:00:00,6 km SW of Scottburgh,KwaZulu-Natal,73.0,,200.0,4.0,11.0,DC21,Umdoni,,Ugu,KZ212,,,IsiZulu
Aspen Lakes,Town,2006-07-27 00:00:00,Situated within the Johannesburg CBD,Gauteng,111.0,,273.0,3.0,2.0,JHB,Johannesburg Metro,,Johannesburg Metro,JHB,,The name derives from the name of the former leader of the African National Congress Oliver Reginald Tambo,
Babirwa,Post Office,2000-03-14 00:00:00,5 km W of Rebone,Limpopo,73.0,,345.0,7.0,4.0,DC36,Mogalakwena,,Waterberg,NP367,,,
Badirile,Town,2000-09-22 00:00:00,10 km W of Randfontein,Gauteng,111.0,,,,8.0,,Rand West City,,West Rand,,,,
Bagqozini,Post Office,2000-09-22 00:00:00,22 km SW of Rode,Eastern Cape,73.0,,,1.0,10.0,DC15,Ntabankulu,,Alfred Nzo,EC152,,,
Bakolobeng,Post Office,2001-04-08 00:00:00,32 km N of Delareyville,North West,73.0,,370.0,8.0,8.0,DC38,Tswaing,,Ngaka Modiri Molema,NW382,,,
Bathobatho Stad,Post Office,2006-06-30 00:00:00,60 km S of Mafikeng,North West,73.0,,406.0,8.0,8.0,DC38,Ditsobotla,,Ngaka Modiri Molema,NW384,,,
Batubatse,Post Office,2001-08-14 00:00:00,22 km W of Phalaborwa,Limpopo,73.0,,337.0,7.0,4.0,DC33,Ba-Phalaborwa,,Mopani,NP334,,,
Bavaria,Post Office,2001-08-14 00:00:00,7 km East of Trevis RPA,Limpopo,73.0,,345.0,7.0,14.0,DC36,Mogalakwena,,Waterberg,NP367,,,
Begwa,Town,2006-07-27 00:00:00,39 km NE of Thohoyandou,Limpopo,111.0,,354.0,7.0,9.0,DC34,Thulamela,,Vhembe,NP343,,,
Bela-Bela,Town,2006-07-27 00:00:00,Formerly Warmbaths - Warmbad,Limpopo,111.0,,334.0,7.0,4.0,DC36,Bela-Bela,,Waterberg,NP366,,,
Benfarm,Post Office,2001-04-08 00:00:00,8 km N of Phalaborwa,Limpopo,73.0,,327.0,7.0,2.0,DC33,Ba-Phalaborwa,,Mopani,NP334,,,
Bereseba,Post Office,2000-03-14 00:00:00,45 km W of Brits,North West,73.0,,267.0,8.0,8.0,DC37,Rustenburg,,Bojanala,NW373,,"""On the podium""",
Bhaziya,River (not specified),2005-02-25 00:00:00,34km West,KwaZulu-Natal,119.0,Baziya,,4.0,10.0,DC26,Ulundi,,Zululand,KZ266,Baziya,,
Bhaziya,Village,2005-02-25 00:00:00,34 km W,KwaZulu-Natal,106.0,,,4.0,10.0,DC26,Ulundi,,Zululand,KZ266,,,
Bhaziya,Forest,2005-02-25 00:00:00,34 km W,KwaZulu-Natal,132.0,,,4.0,10.0,DC26,Ulundi,,Zululand,KZ266,,,
Bhirha,River (not specified),2004-07-16 00:00:00,,Eastern Cape,119.0,Bira,,1.0,10.0,DC12,Ngqushwa,,Amathole,EC126,Bira,,
Bhisho,Post Office,2005-02-25 00:00:00,57 km SE of Lady Frere,Eastern Cape,73.0,Bisho,,1.0,10.0,DC12,Buffalo City,,Chris Hani,EC125,Bisho,,
Bhisho,Police Station,2005-02-25 00:00:00,57 km SE of Lady Frere,Eastern Cape,72.0,Bisho,,1.0,10.0,DC12,Buffalo City,,Chris Hani,EC125,Bisho,,
Bhisho,Town,2006-07-27 00:00:00,5 km NE of King William’s Town Lat: 32° 50' Long:,Eastern Cape,111.0,,63.0,1.0,10.0,DC12,Buffalo City,,Chris Hani,EC125,,,
Bholo,River (not specified),2005-02-25 00:00:00,34 km E,Eastern Cape,119.0,Bolo,,1.0,10.0,DC12,Nkonkobe,,O.R.Tambo,EC127,Bolo,,
Bholo,Area,2005-02-25 00:00:00,,Eastern Cape,7.0,Bolo,,1.0,10.0,DC12,Nkonkobe,,O.R.Tambo,EC127,Bolo,,
Bholo,Police Station,2005-02-25 00:00:00,4 km NE,Eastern Cape,72.0,Bolo,,1.0,10.0,DC12,Nkonkobe,,O.R.Tambo,EC127,Bolo,,
Bholothwa,Post Office,2004-07-16 00:00:00,57 km SE of Lady Frere,Eastern Cape,73.0,Bolotwa,,1.0,10.0,DC13,Intsika Yethu,,Chris Hani,EC135,Bolotwa,,
Bholothwa,River (not specified),2004-07-16 00:00:00,57 km SE of Lady Frere,Eastern Cape,119.0,Bolotwa,,1.0,10.0,DC13,Intsika Yethu,,Chris Hani,EC135,Bolotwa,,
Bholothwa,Police Station,2004-07-16 00:00:00,57 km SE of Lady Frere,Eastern Cape,72.0,Bolotwa,,1.0,10.0,DC13,Intsika Yethu,,Chris Hani,EC135,Bolotwa,,
Bholothwa,Village,2006-07-27 00:00:00,57 km SE of Lady Frere Lat: 31° 59' Long: 27° 11',Eastern Cape,106.0,,118.0,1.0,10.0,DC13,Intsika Yethu,,Chris Hani,EC135,,,
Bhundu,Village,2009-09-18 00:00:00,,Mpumalanga,,Goederede,,,,,Thembisile,,Nkangala,,Change of Name,,
Boardwalk Manor,Residential Town,2001-04-09 00:00:00,Directly adjacent to Pretoria Municipal boundary,Gauteng,129.0,,270.0,3.0,2.0,DC46,Kungwini,,City of Tshwane,GT02b2,,,
Boardwalk Meander,Town,2006-07-27 00:00:00,Situated within 600 m from Tshwane,Free State,111.0,,270.0,2.0,2.0,DC18,Tokologo,,Lejweleputswa,FS182,,,
Boardwalk Villas,Township,2001-10-29 00:00:00,in the Kungwini Local Municipality,North West,130.0,,400.0,8.0,2.0,DC38,Ditsobotla,,Ngaka Modiri Molema,NW384,,,
Bobididi,Land Development,2006-06-30 00:00:00,10 km S of Steelpoort,Limpopo,134.0,,,7.0,4.0,,Greater Tubatse,,Sekhukhune,NP03a6,,,
Bodutlulwane,Post Office,2001-10-29 00:00:00,70 km SE of Polokwane,Limpopo,73.0,,347.0,7.0,4.0,,Greater Tubatse,,Sekhukhune,NP03a6,,,
Boetse,Post Office,2001-08-14 00:00:00,40 km SW of Polokwane,Limpopo,73.0,,346.0,7.0,4.0,DC35,Polokwane,,Capricorn,NP354,,,
Bojating,Post Office,2001-04-09 00:00:00,81 km NW of Rustenburg,North West,73.0,,265.0,8.0,8.0,DC37,Moses Kotane,,Bojanala,NW375,,,
Bollantlokwe,Post Office,2001-08-14 00:00:00,15 km SW of Moretele,North West,73.0,,446.0,8.0,8.0,DC37,Moretele,,Bojanala,NW371,,,
Bonkolo,Dam,2005-02-25 00:00:00,4 km NE,Limpopo,23.0,Bongolo,,7.0,10.0,,Greater Tubatse,,Sekhukhune,NP03a6,Bongolo,,
Bophuduhutswana,Post Office,2000-09-07 00:00:00,70 km S of Taung,North West,73.0,,431.0,8.0,8.0,DC39,Greater Taung,,Dr Ruth Segomotsi Mompati,NW394,,,
Borolo,Village,2009-09-18 00:00:00,,Mpumalanga,,Wolwekraal,,,,,Dr J S Moroka,,Nkangala,,Change of Name,,
Borwalathoto,Village,2005-04-01 00:00:00,68km N of Senwabarwana,Limpopo,106.0,,,,16.0,,Blouberg Local Municipality,,Capricorn,,,,
Boshoek,Town,2001-04-09 00:00:00,10 km N of Pokeng,North West,111.0,,266.0,8.0,1.0,DC37,Rustenburg,,Bojanala,NW373,,"""On the podium""",
Botjhaba-tsatsi,Post Office,2001-04-09 00:00:00,10 km NE from Botshabelo Complex,Free State,73.0,,191.0,2.0,5.0,Mangaung,Mangaung,,Mangaung,FS172,,,
Brummerspruit,Post Office,2001-08-14 00:00:00,11 km N of Ermelo,Mpumalanga,73.0,,297.0,5.0,2.0,DC30,Msukaligwa,,Gert Sibande,MP302,,,
Buffelspoort,Dam,2005-02-25 00:00:00,,North West,23.0,,,8.0,1.0,DC37,Rustenburg,,Bojanala,NW373,,"""On the podium""",
Buffelspoort,Township,2006-06-30 00:00:00,"35 km E, 2527CD",North West,130.0,,,8.0,1.0,DC37,Rustenburg,,Bojanala,NW373,,"""On the podium""",
Buhlebesizwe,Township,2006-06-30 00:00:00,"15 km East of KwaMhlanga, 2528BD",Mpumalanga,130.0,Vlaklaagte No.2,,5.0,11.0,DC31,Thembisile,,Nkangala,MP315,Vlaklaagte No.2,,
Buqa,Post Office,2001-08-14 00:00:00,74 km NE of Duiwelskloof,Limpopo,73.0,,342.0,7.0,7.0,DC35,Molemole,,Capricorn,NP353,,,
Caledon Nature Reserve,Nature Reserve,2001-05-31 00:00:00,,Western Cape,62.0,,15.0,9.0,16.0,DC3,Theewaterskloof,,Overberg,WC031,,,
Camphers Drift,Urban Area,2000-05-31 00:00:00,,Western Cape,114.0,,19.0,9.0,16.0,DC4,George,,Garden Route,WC044,,,
Carousel View,Post Office,2000-03-14 00:00:00,10 km N of Hammanksraal,North West,73.0,,446.0,8.0,2.0,DC37,Moretele,,Bojanala,NW371,,,
Cecilia Makhiwane Hospital,Hospital,2005-05-27 00:00:00,In the centre of Mdantsane,Eastern Cape,123.0,,,1.0,10.0,DC12,Buffalo City,,Buffalo City,EC125,,,
Cementation Dam,Dam,2000-05-31 00:00:00,,Western Cape,23.0,,31.0,9.0,16.0,DC2,Breede Valley,,Cape Winelands,WC025,,,
Centane,Town,2006-07-27 00:00:00,Lat: 32° 30' Long: 28° 19',Eastern Cape,111.0,,367.0,1.0,10.0,DC12,Mnquma,,Amathole,EC122,,,
Ceres Mountain Fynbos Nature Reserve,Nature Reserve,2001-05-31 00:00:00,,Western Cape,62.0,,27.0,9.0,16.0,DC2,Witzenberg,,Cape Winelands,WC022,,,
Chefana,River (not specified),2005-02-25 00:00:00,31 km NE,Eastern Cape,119.0,Cefane,,1.0,10.0,DC13,Engcobo,,Chris Hani,EC137,Cefane,,
Chelmsford Public Resort Nature Reserve,Nature Reserve,2000-05-31 00:00:00,,KwaZulu-Natal,62.0,,227.0,4.0,16.0,DC25,Newcastle,,Amathole,KZ252,,,
Chief A Luthuli Park,Town,2000-03-14 00:00:00,15 km SW of Daveyton,Gauteng,111.0,,276.0,3.0,17.0,,Ekurhuleni Metro,,Ekurhuleni,EKU,,,
Cokonyane,Post Office,2001-04-08 00:00:00,15 km NE of Taung,North West,73.0,,431.0,8.0,8.0,DC39,Greater Taung,,"Dr Ruth Segomotsi Mompati
",NW394,,,
Constitution Hill,Heritage resource,2004-04-08 00:00:00,,Gauteng,116.0,,,3.0,2.0,,Johannesburg Metro,,Johannesburg Metro,JHB,,The name derives from the name of the former leader of the African National Congress Oliver Reginald Tambo,
Cooper’s Park,Post Office,2000-03-14 00:00:00,75 km NW of Polokwane,Limpopo,73.0,,346.0,7.0,2.0,DC35,Aganang,,Capricorn,NP352,,,
Cordon,Post Office,2001-08-14 00:00:00,42 km W of Polokwane,Limpopo,73.0,,346.0,7.0,2.0,DC36,Mogalakwena,,Waterberg,NP367,,,
Cosmo City,Township,2006-07-27 00:00:00,Lat: 26° 02' Long: 27° 55',Gauteng,130.0,,273.0,3.0,2.0,,Johannesburg Metro,,Johannesburg Metro,JHB,,The name derives from the name of the former leader of the African National Congress Oliver Reginald Tambo,
Cottage,Post Office,2001-08-14 00:00:00,18 km E of Polokwane,Limpopo,73.0,,328.0,7.0,2.0,DC35,Polokwane,,Capricorn,NP354,,,
Cracouw Farm,Post Office,2000-03-14 00:00:00,20 km W of Juno,Limpopo,73.0,,346.0,7.0,2.0,DC35,Blouberg,,Capricorn,NP351,,,
Dan,Post Office,2000-09-07 00:00:00,17 km E of Tzaneen,Limpopo,73.0,,325.0,7.0,14.0,DC33,Greater Tzaneen,,Mopani,NP333,,,
De Vrede,Post Office,2002-05-01 00:00:00,140 km N of Polokwane,Limpopo,73.0,,344.0,7.0,14.0,DC35,Molemole,,Capricorn,NP353,,,
Deelpan,Post Office,2001-08-14 00:00:00,30 km N of Sannieshof,North West,73.0,,258.0,8.0,1.0,DC38,Tswaing,,Ngaka Modiri Molema,NW382,,,
Dertig,Post Office,2000-09-07 00:00:00,12 km from Temba Post Office,North West,73.0,,269.0,8.0,1.0,DC37,Moretele,,Bojanala,NW371,,,
Die Heuwel Dam,Dam,2000-05-31 00:00:00,,Western Cape,23.0,,30.0,9.0,16.0,DC2,Witzenberg,,Cape Winelands,WC022,,,
Diepsloot,Post Office,2000-03-14 00:00:00,70 km NW of Bochum,Northern Cape,73.0,,344.0,6.0,1.0,DC7,Siyancuma,,Pixley ka Seme,NC078,,,
Digwale,Mountain,2004-05-28 00:00:00,,Mpumalanga,44.0,,,5.0,,DC31,Dr JS Moroka,,Nkangala,MP316,,,
Dikgothatso,Post Office,2001-08-14 00:00:00,4 km SE of Botshabelo Complex,Free State,73.0,,191.0,2.0,8.0,DC17,Mangaung,,Mangaung,FS172,,,
Dikhuting,Post Office,2001-04-08 00:00:00,30 km E of Taung,North West,73.0,,431.0,8.0,8.0,DC39,Greater Taung,,"Dr Ruth Segomotsi Mompati
",NW394,,,
Dikwebu,Post Office,2001-08-14 00:00:00,"1,5 km N of  Rantebeng",North West,73.0,,446.0,8.0,8.0,DC37,Moretele,,Bojanala,NW371,,,
Dilopye,Post Office,2000-03-14 00:00:00,13 km W of Hammanskraal,Gauteng,73.0,,446.0,3.0,8.0,,Tshwane Metro,,Tshwane Metro,TSH,,test1,
Dimpšhe,Post Office,2001-08-14 00:00:00,93 km W of Polokwane,Limpopo,73.0,,346.0,7.0,4.0,DC35,Aganang,,Capricorn,NP352,,,
Dinare,Post Office,2001-08-14 00:00:00,155 km N of  Polokwane,Limpopo,73.0,,344.0,7.0,1.0,DC34,Makhado,,Vhembe,NP344,,,
Dipetlwane,Post Office,2001-08-14 00:00:00,10 km S of Bedwang RPA,North West,73.0,,446.0,8.0,8.0,DC37,Moretele,,Bojanala,NW371,,,
Dipodi,Village,2009-09-18 00:00:00,,North West,,Jakkalsdraai,,,,,Kagisano/Molopo,,Dr Ruth Segomotsi Mompati,,Change of Name,,
Dipompong,Post Office,2000-09-07 00:00:00,60 km W of Pretoria,Gauteng,73.0,,416.0,3.0,8.0,,Tshwane Metro,,Tshwane Metro,TSH,,test1,
Ditenteng,Post Office,2001-08-14 00:00:00,35 km NW of Polokwane,Limpopo,73.0,,346.0,7.0,4.0,DC35,Polokwane,,Capricorn,NP354,,,
Dithabaneng,Post Office,2000-09-07 00:00:00,57 km S of Polokwane,Limpopo,73.0,,347.0,7.0,4.0,DC35,Lepele-Nkumpi,,Capricorn,NP355,,,
Dithakong,Post Office,2000-03-14 00:00:00,8 km E of Mafikeng,North West,73.0,,406.0,8.0,8.0,DC38,Mafikeng,,"Ngaka Modiri Molema
",NW383,,,
Dithote,Post Office,2001-08-14 00:00:00,70 km NW of Polokwane,Limpopo,73.0,,346.0,7.0,4.0,DC35,Aganang,,Capricorn,NP352,,,
Ditlhagane,Village,2004-05-28 00:00:00,,Mpumalanga,106.0,Paayzypan,,5.0,16.0,DC31,Dr JS Moroka,,Nkangala,MP316,Paayzypan,,
Ditlhokwe,Village,2009-09-18 00:00:00,,Mpumalanga,,Ga-Maria,,,,,Dr J S Moroka,,Nkangala,,Change of Name,,
Ditshoka,Village,2001-08-14 00:00:00,Suburb of Gopane,North West,106.0,,406.0,8.0,8.0,DC38,Ramotshere Moiloa,,"Ngaka Modiri Molema
",NW385,,,
Donelly,Post Office,2001-04-09 00:00:00,20 km NW of Port Elizabeth,Eastern Cape,73.0,,83.0,1.0,2.0,,Nelson Mandela Bay,,Nelson Mandela Bay,NMA,,,
Dutywa,Town,2006-07-27 00:00:00,Town Lat: 32° 05' Long: 28° 18' Station Lat: 32°,Eastern Cape,111.0,,98.0,1.0,10.0,DC12,Mbhashe,,Amathole,EC121,,,
Dutywa,Railway,2006-07-27 00:00:00,Town Lat: 32° 05' Long: 28° 18' Station Lat: 32°,Eastern Cape,78.0,,98.0,1.0,10.0,DC12,Mbhashe,,Amathole,EC121,,,
Dzanani,Township,2006-07-27 00:00:00,,Limpopo,130.0,,354.0,7.0,9.0,DC34,Makhado,,Vhembe,NP344,,,
Dzingahe,Post Office,2001-10-29 00:00:00,12 km NE of Sibasa,Limpopo,73.0,,354.0,7.0,9.0,DC34,Thulamela,,Vhembe,NP343,,,
Early Dawn,Town,2006-07-27 00:00:00,"2,5 km SE of the Mogale CBD and adjacent to and No",North West,111.0,,284.0,8.0,2.0,DC38,Ditsobotla,,Ngaka Modiri Molema,NW384,,,
Ebuhleni,Settlement,2009-09-18 00:00:00,,Mpumalanga,,Mooiplaas,,,,,Chief Albert Luthuli,,Gert Sibande,,Change of Name,,
EKramnyiba,Post Office,2001-10-29 00:00:00,10 km NNW of King William’s Town,Eastern Cape,73.0,,63.0,1.0,10.0,DC12,Amahlathi,,Buffalo City,EC124,,,
Ekulindeni,Settlement,2006-03-04 00:00:00,± 20 km S of Badplaas,Mpumalanga,105.0,,,5.0,11.0,DC30,Albert Luthuli,,Gert Sibande,MP301,,,
EKuvukeni,Post Office,2001-10-29 00:00:00,26 km S of Wasbank,KwaZulu-Natal,73.0,,226.0,4.0,11.0,DC23,Indaka,,Uthukela,KZ233,,,
ELalini,Post Office,2000-03-14 00:00:00,26 km E of Tsolo,Eastern Cape,73.0,,110.0,1.0,10.0,DC15,Mhlontlo,,O.R.Tambo,EC156,,,
Elandsdoorn,Post Office,2000-03-14 00:00:00,27 km W of Groblersdal,Mpumalanga,73.0,,311.0,5.0,1.0,DC31,Thembisile,,Nkangala,MP315,,,
eMalahleni,Town,2006-03-03 00:00:00,Witbank CBD,Mpumalanga,111.0,,,,11.0,,Emalahleni Local Municipality,,Nkangala,,,,
EmaNtlaneni,Post Office,2001-04-09 00:00:00,Approved name for a town (now also allocated to a post office 34 km NE of Lusikisiki),Eastern Cape,73.0,,101.0,1.0,10.0,DC15,Qaukeni,,"O.R.Tambo
",EC153,,,
eManzana,Town ,2009-09-18 00:00:00,,Mpumalanga,,Badplaas,,,,,Chief Albert Luthuli,,Gert Sibande,,Change of Name,,
EMatyengqina,Post Office,2001-10-29 00:00:00,6 km SW of Viedgesville,Eastern Cape,73.0,,115.0,1.0,10.0,DC15,King Sabata Dalindyebo,,O.R.Tambo,EC157,,,
Embhojeni,Settlement,2003-05-15 00:00:00,25 km SSE of Kaapmuiden (Formerly Jeppe’s Reef),Mpumalanga,105.0,Jeppe’s Reef,318.0,5.0,6.0,DC32,Nkomazi,,Ehlanzeni,MP324,Jeppe’s Reef,,
EMgulatshani,Post Office,2000-09-07 00:00:00,60 km SW of Piet Retief,KwaZulu-Natal,73.0,,298.0,4.0,11.0,DC26,UPhongolo,,Zululand,KZ262,,,
eMhlanganweni,River (not specified),2006-06-30 00:00:00,46 km E of Pongola,KwaZulu-Natal,119.0,Mhlanganisi,,4.0,11.0,DC26,UPhongolo,,Zululand,KZ262,Mhlanganisi,,
Emjejane,Settlement,2005-02-25 00:00:00,18 km W of Malelane.,Mpumalanga,105.0,,,5.0,6.0,DC32,Nkomazi,,Ehlanzeni,MP324,,,
eMlalazi,Village,2009-09-18 00:00:00,,KwaZulu-Natal,,Mlalaas,,,,,Umlalazi,,King Cetswayo,,correction of spelling,,
Emoyeni,Township,2001-04-08 00:00:00,,Mpumalanga,130.0,,314.0,5.0,17.0,DC32,Mbombela,,Ehlanzeni,MP322,,,
eMpumelelweni,Suburb,2009-09-18 00:00:00,,Mpumalanga,,Nootgedacht,,,,,EMalahleni,,Nkangala,,Change of Name,,
eMvelazitha,Settlement,2007-03-16 00:00:00,21 km N W of Pongola Town,KwaZulu-Natal,105.0,Mvelazitha,,4.0,11.0,DC26,UPhongolo,,Zululand,KZ262,Mvelazitha,,
EMxumbu,Post Office,2001-10-29 00:00:00,10 km SE of Middledrift,Eastern Cape,73.0,,91.0,1.0,10.0,DC12,Nkonkobe,,Amathole,EC127,,,
Enable,Post Office,2001-08-14 00:00:00,72 km E of Tzaneen,Limpopo,73.0,,350.0,7.0,2.0,DC33,Maruleng,,Mopani,NP335,,,
eNdalini,Settlement,2007-03-16 00:00:00,22 km NW of Pongola Town,KwaZulu-Natal,105.0,Ndalini,,4.0,11.0,DC26,UPhongolo,,Zululand,KZ262,Ndalini,,
eNdlayangubo,Village,2009-09-18 00:00:00,,KwaZulu-Natal,,Dlangubo,,,,,Umlalazi,,King Cetswayo,,correction of spelling,,
eNseleni,Settlement,2009-09-18 00:00:00,,KwaZulu-Natal,,Nseleni,,,,,Umhlathuze,,King Cetswayo,,correction of spelling,,
Enselsrust,Post Office,2001-04-08 00:00:00,45 km NW of Sannieshof,North West,73.0,,370.0,8.0,1.0,DC38,Mafikeng,,"Ngaka Modiri Molema
",NW383,,,
ENtumbane,Post Office,2000-09-07 00:00:00,60 km S of Piet Retief,KwaZulu-Natal,73.0,,298.0,4.0,11.0,DC26,UPhongolo,,Zululand,KZ262,,,
ENyandana,Post Office,2001-10-29 00:00:00,30 km SSW of Cofimvaba,Eastern Cape,73.0,,60.0,1.0,10.0,DC12,Amahlathi,,Amathole,EC124,,,
ENyokeni,Post Office,2000-03-14 00:00:00,34 km SE of Jozini,KwaZulu-Natal,73.0,,238.0,4.0,16.0,DC27,Jozini,,Umkhanyakude,KZ272,,,
EPulangweni,Post Office,2000-03-14 00:00:00,8 km E of Mapumulo,KwaZulu-Natal,73.0,,243.0,4.0,16.0,DC29,Maphumulo,,iLembe,KZ294,,,
EQhitsi,Post Office,2001-10-29 00:00:00,25 km SW of Engcobo,Eastern Cape,73.0,,96.0,1.0,10.0,DC13,Intsika Yethu,,Chris Hani,EC135,,,
Esaurinca,Settlement,2002-05-01 00:00:00,145 km SW of Musina,Limpopo,105.0,,344.0,7.0,16.0,DC35,Blouberg,,Capricorn,NP351,,,
Esibayeni,Settlement,2005-02-25 00:00:00,56 km E of Malelane,Mpumalanga,105.0,,,5.0,6.0,DC32,Nkomazi,,Ehlanzeni,MP324,,,
eSidakeni,Settlement,2007-03-16 00:00:00,22 km NW of Pongola Town,KwaZulu-Natal,105.0,Sidakeni,,4.0,11.0,DC26,UPhongolo,,Zululand,KZ262,Sidakeni,,
eSikhaleni,Township,2009-09-18 00:00:00,,KwaZulu-Natal,,Eslkhawini,,,,,Umhlathuze,,King Cetswayo,,correction of spelling,,
eSilobela,Township,2006-03-03 00:00:00,1 km W of Carolina,Mpumalanga,130.0,,,,11.0,,Chief Albert Luthuli Local Municipality,,Gert Sibande,,,,
eSivule,Village,2006-06-30 00:00:00,"24 km NW of Pongola , 2731AD",KwaZulu-Natal,106.0,Sivule,,4.0,11.0,DC26,UPhongolo,,Zululand,KZ262,Sivule,,
ESizakancane,Post Office,2000-03-14 00:00:00,25 km E of Newcastle,KwaZulu-Natal,73.0,,227.0,4.0,16.0,DC25,Newcastle,,Amajuba,KZ252,,,
Evergreen Lifestyle Estate,Town,2006-06-30 00:00:00,"20 km SE of Amsterdam, 2630DD",Mpumalanga,111.0,,,5.0,2.0,DC30,Mkhondo,,Gert Sibande,MP303,,,
Fadimehang,Post Office,2001-04-09 00:00:00,4 km WS of Botshabelo,Free State,73.0,,191.0,2.0,4.0,DC17,Mangaung,,Mangaung Metropolitan Municipality,FS172,,,
Fandani,Post Office,2001-08-14 00:00:00,6 km SW of Ha-Makuya,Limpopo,73.0,,354.0,7.0,9.0,DC34,Thulamela,,Vhembe,NP343,,,
Floris Dam,Dam,2000-05-31 00:00:00,,Western Cape,23.0,,27.0,9.0,16.0,DC2,Witzenberg,,Cape Winelands,WC022,,,
Folovhodwe,Post Office,2001-08-14 00:00:00,42 km N of Mutale,Limpopo,73.0,,354.0,7.0,9.0,DC34,Musina,,Vhembe,NP341,,,
Fontaine Du Champ,Settlement,2002-05-01 00:00:00,138 km SW of Musina,Limpopo,105.0,,344.0,7.0,14.0,DC35,Blouberg,,Capricorn,NP351,,,
Freedom Park,Township,2001-08-14 00:00:00,N of Rustenburg,North West,130.0,,266.0,8.0,2.0,DC37,Rustenburg,,Bojanala,NW373,,"""On the podium""",
Ga Lekalakala,Post Office,2001-08-14 00:00:00,6 km E of Galebelo,Limpopo,73.0,,345.0,7.0,4.0,DC36,Mogalakwena,,Waterberg,NP367,,,
Ga Taute,Post Office,2001-08-14 00:00:00,45 km SW of Taung,North West,73.0,,431.0,8.0,8.0,DC39,Greater Taung,,Waterberg,NW394,,,
Ga-Chokoe,Post Office,2001-10-29 00:00:00,43 km NW of Polokwane,Limpopo,73.0,,346.0,7.0,4.0,DC35,Polokwane,,Capricorn,NP354,,,
GaKobe,Settlement,2005-04-01 00:00:00,40 Km W of Senwabarwana,Eastern Cape,105.0,Blackhill,,1.0,4.0,DC13,Engcobo,,Chris Hani,EC137,Blackhill,,
Gamagara,Junction,2001-10-29 00:00:00,2 km S of Sishen station (Near Kathu),Northern Cape,118.0,,144.0,6.0,16.0,DC45,Gamagara,,John Taolo Gaetsewe,NC453,,,
Ga-Makgato,Township,2002-05-01 00:00:00,125 km SW of Musina,Limpopo,130.0,,328.0,7.0,4.0,DC35,Blouberg,,Capricorn,NP351,,,
Gamamadila,Post Office,2001-10-29 00:00:00,23 km NW of Polokwane,Limpopo,73.0,,346.0,7.0,4.0,DC35,Polokwane,,Capricorn,NP354,,,
GaMankgodi,Village,2005-04-01 00:00:00,±60km N of Senwabarwana,Limpopo,106.0,,,,,,Blouberg Local Municipality,,Capricorn,,,,
Gamashala,Post Office,2000-09-07 00:00:00,70 km W of Polokwane,Limpopo,73.0,,346.0,7.0,4.0,DC35,Aganang,,Capricorn,NP352,,,
Gamatlapa,Post Office,2000-09-07 00:00:00,43 km W of Polokwane,Limpopo,73.0,,346.0,7.0,4.0,DC35,Aganang,,Capricorn,NP352,,,
Gambukati,River (not specified),2006-06-30 00:00:00,"15 km West of Barberton, 2530DD",Mpumalanga,119.0,Gambukazi,,5.0,6.0,DC32,City of Mbombela Local Municipality,,Ehlanzeni,MP323,Gambukazi,,
GaMmakola,Settlement,2003-05-15 00:00:00,5 km SW of Siyabuswa (Formerly Mmakola),Mpumalanga,105.0,Mmakola,320.0,5.0,4.0,DC31,Dr JS Moroka,,Nkangala,MP316,Mmakola,,
Ga-Mmamadi,Settlement,2002-05-01 00:00:00,136 km SW of Musina,Limpopo,105.0,,329.0,7.0,4.0,DC35,Blouberg,,Capricorn,NP351,,,
Ga-Mmotla,Post Office,2001-10-29 00:00:00,26 km W from Temba Post Office,North West,73.0,,446.0,8.0,8.0,DC37,Moretele,,Bojanala,NW371,,,
Ga-Mocheko,Post Office,2001-08-14 00:00:00,3 km E of Rantebeng RPA,North West,73.0,,446.0,8.0,8.0,DC37,Moretele,,Bojanala,NW371,,,
Ga-Mohokoni,Post Office,2001-08-14 00:00:00,45 km E of Duiwelskloof,Limpopo,73.0,,342.0,7.0,4.0,DC33,Greater Letaba,,Mopani,NP332,,,
Ga-Motlatla,Post Office,2000-03-14 00:00:00,47 km S of Ventersdorp,North West,73.0,,257.0,8.0,8.0,DC38,Ditsobotla,,Ngaka Modiri Molema,NW384,,,
Ga-Nala,Settlement,2006-03-03 00:00:00,±55 km S,Mpumalanga,105.0,,,5.0,11.0,DC30,Govan Mbeki,,Gert Sibande,MP307,,,
Ga-Phago,Post Office,2001-08-14 00:00:00,44 km NW of Polokwane,Limpopo,73.0,,346.0,7.0,4.0,DC35,Molemole Local Municipalit,,Capricorn,NP352,,,
Ga-Phamohlaka,Village,2009-09-18 00:00:00,,Mpumalanga,,Vaschfontein,,,,,Dr J S Moroka,,Nkangala,,Change of Name,,
GaPhasha,Post Office,2000-03-14 00:00:00,40 km N of Pretoria,North West,73.0,,416.0,8.0,4.0,DC37,Madibeng,,Bojanala,NW372,,,
Ga-Pheeha,Post Office,2001-08-14 00:00:00,91 km NE of Polokwane,Limpopo,73.0,,343.0,7.0,4.0,,Greater Tubatse,,Sekhukhune,NP03a6,,,
GaRakgoatha,Post Office,2000-03-14 00:00:00,60 km S of Polokwane,Limpopo,73.0,,345.0,7.0,4.0,DC35,Lepele-Nkumpi,,Capricorn,NP355,,,
Garaphukula,Post Office,2002-05-01 00:00:00,100 km N of Polokwane,Limpopo,73.0,,344.0,7.0,4.0,DC35,Blouberg,,Capricorn,NP351,,,
Ga-Seane,Settlement,2001-08-14 00:00:00,near Gopane,North West,105.0,,406.0,8.0,8.0,DC38,Ramotshere Moiloa,,Ngaka Modiri Molema,NW385,,,
Ga-Seapole,Post Office,2001-08-14 00:00:00,48 km NE of Duiwelskloof,Limpopo,73.0,,342.0,7.0,4.0,DC33,Greater Letaba Local Municipality,,Mopani,NP331,,,
Gateway,Town,2000-09-22 00:00:00,4 km W of Nelspruit,Mpumalanga,111.0,,,5.0,2.0,DC32,Mbombela,,Ehlanzeni,MP322,,,
Glaudina,Post Office,2001-08-14 00:00:00,50 km E of Schweizer-Reneke,North West,73.0,,259.0,8.0,16.0,DC39,Mamusa,,Dr Ruth Segomotsi Mompati,NW393,,,
Goedgevonden,Settlement,2001-08-14 00:00:00,18 km NE of Ventersdorp,North West,105.0,,263.0,8.0,17.0,DC40,Ventersdorp,,Dr Kenneth Kaunda,NW401,,,
Gondeni,Settlement,2002-05-01 00:00:00,53 km NE of Thohoyandou,Limpopo,105.0,,354.0,7.0,9.0,DC34,Thulamela Local Municipality,,Vhembe,NP342,,,
Go-Nkwe,Settlement,2001-08-14 00:00:00,Suburb of Gopane,North West,105.0,,406.0,8.0,8.0,DC38,Ramotshere Moiloa,,Ngaka Modiri Molema,NW385,,,
Greenworld,Post Office,2001-04-09 00:00:00,± 25 km SW of Benoni,Mpumalanga,73.0,,305.0,5.0,2.0,DC30,Dipaleseng,,Gert Sibande,MP306,,,
Gunda,Settlement,2002-05-01 00:00:00,50 km NE of Thohoyandou,Limpopo,105.0,,354.0,7.0,9.0,DC34,Thulamela,,Vhembe,NP343,,,
Gundani,Settlement,2002-05-01 00:00:00,27 km N of Thohoyandou,Limpopo,105.0,,353.0,7.0,9.0,DC34,Thulamela,,Vhembe,NP342,,,
Gwaragwara,Post Office,2002-05-01 00:00:00,94 km SE of Polokwane,Limpopo,73.0,,347.0,7.0,4.0,DC36,Modimolle,,Waterberg,NP365,,,
Hala,Post Office,2000-09-22 00:00:00,30 km N of Alice,Eastern Cape,73.0,,,1.0,10.0,DC12,Buffalo City,,Buffalo City,EC125,,,
Hamatidza,Settlement,2002-05-01 00:00:00,60 km SE of Musina,Limpopo,105.0,,354.0,7.0,9.0,DC34,Makhado,,Vhembe,NP344,,,
Hammanskraal West,Town,2006-07-27 00:00:00,Lat: 28° 16' Long: 25° 25',Free State,111.0,,272.0,2.0,17.0,DC18,Buffalo City Metropolitan Municipality,,Buffalo City Metropolitan Municipality,FS182,,,
Highveld Park,Post Office,2001-04-08 00:00:00,2 km from Centurion City,Gauteng,73.0,,270.0,3.0,2.0,,Tshwane Metro,,Tshwane Metro,TSH,,test1,
Hlagatse,Post Office,2001-08-14 00:00:00,80 km S of Polokwane,Limpopo,73.0,,347.0,7.0,4.0,DC34,Musina,,Vhembe,NP341,,,
Hlaluko,Post Office,2001-08-14 00:00:00,6 km W of Malamulele,Limpopo,73.0,,335.0,7.0,7.0,DC34,Thulamela,,Vhembe,NP343,,,
Hlanganani,Village,2009-09-18 00:00:00,,Mpumalanga,,Alexandria,,,,,Bushbuckridge,,Ehlanzeni,,Change of Name,,
Hlengesha,Settlement,2003-05-15 00:00:00,31 km SE of Kaapmiuden (Formerly Schulzendal),Mpumalanga,105.0,Schulzendal,318.0,5.0,6.0,DC32,Nkomazi,,Ehlanzeni,MP324,Schulzendal,,
Hlogo-ya-Nku,Post Office,2000-03-14 00:00:00,81 km N of Mokopane,Limpopo,73.0,,345.0,7.0,4.0,DC36,Mogalakwena,,Waterberg,NP367,,,
IDududu,Post Office,2001-08-14 00:00:00,20 km W of Juno,Limpopo,73.0,,441.0,7.0,11.0,DC35,Blouberg,,Capricorn,NP351,,,
Imizamo Yethu,Post Office,2001-10-29 00:00:00,2 km N of Knysna,Western Cape,73.0,,20.0,9.0,10.0,DC4,Knysna Local Municipality,,Garden Route,WC048,,,
Ingugwane,River (not specified),2005-02-25 00:00:00,40 km W of Malelane,Mpumalanga,119.0,Ngugwane,,5.0,6.0,DC32,Nkomazi Local Municipality,,Ehlanzeni,MP324,Ngugwane,,
Ipelegeng,Post Office,2001-08-14 00:00:00,5 km W of Schweizer-Reneke,North West,73.0,,259.0,8.0,8.0,DC39,"Mamusa Local Municipality
",,"Dr Ruth Segomotsi Mompati
",NW393,,,
Irene Estate,Township,2001-10-29 00:00:00,±3 km E of Centurion CBD,Gauteng,130.0,,270.0,3.0,2.0,,Tshwane Metro,,Tshwane Metro,TSH,,test1,
Isisekelo,Town,2001-10-29 00:00:00,Within Thembisa residential area,Gauteng,111.0,,279.0,3.0,11.0,,Ekurhuleni Metropolitan Municipality,,Ekurhuleni Metropolitan Municipality,EKU,,,
Itireleng,Post Office,2000-09-07 00:00:00,29 km E of Soekmekaar,Limpopo,73.0,,343.0,7.0,8.0,DC33,Greater Letaba Local Municipality,,Mopani,NP332,,,
Itsani,Post Office,2001-08-14 00:00:00,11 km S of Thohoyandou,Limpopo,73.0,,354.0,7.0,9.0,DC34,"Thulamela Local Municipality
",,Vhembe,NP343,,,
Jambila,Mountain,2006-06-30 00:00:00,"12 km West of Barberton, 2530 DD",Mpumalanga,44.0,Jambile,,5.0,6.0,DC32,City of Mbombela Local Municipality,,Ehlanzeni,MP323,Jambile,,
Kadobi,Settlement,2005-02-25 00:00:00,89 km East of Malelane,Mpumalanga,105.0,Ka-madobi,,5.0,6.0,DC32,Collins Chabane Local Municipality,,Vhembe,MP324,Ka-madobi,,
Kalkbank,Post Office,2001-08-14 00:00:00,17 km E of Rantebeng,North West,73.0,,446.0,8.0,1.0,DC37,Moretele,,Bojanala,NW371,,,
Kalomantasha,Settlement,2005-02-25 00:00:00,80 km East of Malelane.,Mpumalanga,105.0,,,5.0,6.0,DC32,Nkomazi,,Ehlanzeni,MP324,,,
Kamachekeza,Settlement,2005-02-25 00:00:00,54 km E of Malelane,Mpumalanga,105.0,Naas,,5.0,6.0,DC32,Nkomazi,,Ehlanzeni,MP324,Naas,,
Kamakhatheni,Settlement,2005-02-25 00:00:00,91 km East of Malelane.,Mpumalanga,105.0,Kabhunya,,5.0,6.0,DC32,Nkomazi,,Ehlanzeni,MP324,Kabhunya,,
Kamasheshane,Settlement,2005-02-25 00:00:00,93 km East of Malelane,Mpumalanga,105.0,New-Village,,5.0,6.0,DC32,Nkomazi,,Ehlanzeni,MP324,New-Village,,
Kambambiso,Township,2003-05-15 00:00:00,35 km SE of Kaapmuiden (Formerly Mbambiso),Mpumalanga,130.0,Mbambiso,318.0,5.0,6.0,DC32,Nkomazi,,Ehlanzeni,MP324,Mbambiso,,
Kamdladla,Post Office,2000-03-14 00:00:00,36 km E of Malelane,Mpumalanga,73.0,,318.0,5.0,6.0,DC32,Nkomazi,,Ehlanzeni,MP324,,,
Karabo,Post Office,2001-08-14 00:00:00,80 km E of Tzaneen,Mpumalanga,73.0,,350.0,5.0,4.0,DC32,Bushbuckridge Local Municipality,,Ehlanzeni,MPDMA32,,,
Kasibhejane,Settlement,2005-02-25 00:00:00,53 km E of Malelane,Mpumalanga,105.0,,,5.0,6.0,DC32,Nkomazi,,Ehlanzeni,MP324,,,
Katjibane,Post Office,2000-09-07 00:00:00,38 km SE of Bela-Bela,Mpumalanga,73.0,,324.0,5.0,3.0,DC31,Dr JS Moroka,,Nkangala,MP316,,,
Kazibokwane,Settlement,2005-02-25 00:00:00,52 km E of Malelane.,Mpumalanga,105.0,,,5.0,6.0,DC32,Nkomazi,,Ehlanzeni,MP324,,,
Kelebogile,Post Office,2000-03-14 00:00:00,15 km W of Rosslyn,North West,73.0,,416.0,8.0,8.0,DC37,Madibeng,,Bojanala,NW372,,,
Kgamanyane,River (not specified),2006-06-30 00:00:00,40 km from Polokwane 15 km from Dendron,Limpopo,119.0,Viswaterrivier,,7.0,4.0,DC35,Molemole,,Capricorn,NP353,Viswaterrivier,,
Kgaphamadi,Post Office,2001-08-14 00:00:00,67 km E of Tzaneen,Limpopo,73.0,,350.0,7.0,8.0,DC33,Maruleng,,Mopani,NP335,,,
Kgoke,Post Office,2000-09-07 00:00:00,76 km W of Polokwane,Limpopo,73.0,,346.0,7.0,4.0,DC35,"Polokwane Local Municipality
",,Capricorn,NP352,,,
Kgokgole,Post Office,2001-04-08 00:00:00,30 km W of Ganyesa,North West,73.0,,377.0,8.0,8.0,DC39,Kagisano,,"Dr Ruth Segomotsi Mompati
",NW391,,,
Kgomo-Kgomo,Post Office,2001-08-14 00:00:00,14 km W of Makapanstad,North West,73.0,,446.0,8.0,8.0,DC37,Moretele,,Bojanala,NW371,,,
Kgopudi,Post Office,2001-08-14 00:00:00,60 km NW of Polokwane,Limpopo,73.0,,346.0,7.0,4.0,DC35,Aganang,,Capricorn,NP352,,,
Kgosing,Settlement,2001-08-14 00:00:00,Suburb of Gopane,North West,105.0,,406.0,8.0,8.0,DC38,Ramotshere Moiloa,,"Ngaka Modiri Molema
",NW385,,,
Khakhu,Settlement,2002-05-01 00:00:00,59 km SE of Musina,Limpopo,105.0,,354.0,7.0,9.0,DC34,"Thulamela Local Municipality
",,"Vhembe
",NP342,,,
Khambi,Post Office,2005-02-25 00:00:00,22 km W,Eastern Cape,73.0,Kambi,,1.0,10.0,DC15,King Sabata Dalindyebo,,"O.R.Tambo
",EC157,Kambi,,
Khambi,Beach,2005-02-25 00:00:00,22 km W,Eastern Cape,120.0,Kambi,,1.0,10.0,DC15,King Sabata Dalindyebo,,"O.R.Tambo
",EC157,Kambi,,
Khiwane,Beach,2005-02-25 00:00:00,42 km SW East London,Eastern Cape,120.0,Kiwane,,1.0,10.0,DC12,Buffalo City,,Buffalo City,EC125,Kiwane,,
Khiwane,Area,2005-02-25 00:00:00,42 km SW East London,Eastern Cape,7.0,Kiwane,,1.0,10.0,DC12,Buffalo City,,Buffalo City,EC125,Kiwane,,
Khoapa,Post Office,2001-08-14 00:00:00,12 km SW of Maluti,Eastern Cape,73.0,,102.0,1.0,4.0,DC44,Matatiele,,"Alfred Nzo
",EC05b3,,,
Khubusi,River (not specified),2005-02-25 00:00:00,2 km SW,Limpopo,119.0,Kubusie,,7.0,10.0,DC35,Molemole,,Capricorn,NP353,Kubusie,,
Khubusi,Village,2005-02-25 00:00:00,2 km SW,Eastern Cape,106.0,,,1.0,10.0,DC12,Amahlathi,,Amathole,EC124,,,
Khudu-tlou,Post Office,2001-08-14 00:00:00,60 km E of Taung,North West,73.0,,431.0,8.0,8.0,DC39,Greater Taung,,"Dr Ruth Segomotsi Mompati
",NW394,,,
Kinirha,Village,2005-07-01 00:00:00,In Mt Frere,Eastern Cape,106.0,Kinira,,1.0,10.0,DC44,Matatiele,,Alfred Nzo,EC05b3,Kinira,,
Kinirha,River (not specified),2005-07-01 00:00:00,In Mt Frere,Eastern Cape,119.0,Kinira,,1.0,10.0,DC44,Umzimvubu,,"Alfred Nzo
",EC05b2,Kinira,,
Klein Tshipise,Settlement,2002-05-01 00:00:00,53 km NE of Thohoyandou,Limpopo,105.0,,354.0,7.0,17.0,DC34,"Thulamela Local Municipality
",,Vhembe,NP342,,,
Komkhulu,Post Office,2001-10-29 00:00:00,Between Viedgesville and Mqanduli,Eastern Cape,73.0,,106.0,1.0,10.0,DC15,King Sabata Dalindyebo,,"O.R.Tambo
",EC157,,,
Kono,Settlement,2003-05-15 00:00:00,25 km S of Kuruman,Northern Cape,105.0,,143.0,6.0,8.0,DC45,Ga-Segonyana,,"John Taolo Gaetsewe
",NC452,,,
Kontant,Post Office,2001-08-14 00:00:00,8 km NW of Makapanstad,North West,73.0,,446.0,8.0,1.0,DC37,Moretele,,"Bojanala
",NW371,,,
Kroonpark,Post Office,2006-07-27 00:00:00,Lat: 27° 31' Long: 27° 14',Free State,73.0,,162.0,2.0,17.0,,Moqhaka,,"Fezile Dabi
",FS201,,,
Krwakrwa,Post Office,2000-09-22 00:00:00,16 km NE,Eastern Cape,73.0,,,1.0,10.0,DC12,"Raymond Mhlaba Local Municipality
",,Amathole,EC127,,,
KwaDlangezwa,Township,2009-09-18 00:00:00,,KwaZulu-Natal,,kwaDlangezwa,,,,,Umhlathuze,,King Cetswayo,,correction of spelling,,
KwaDukuza,Town,2006-03-03 00:00:00,Situated within the CBD,KwaZulu-Natal,111.0,,,,11.0,,KwaDukuza Local Municipality,,iLembe,,,,
KwaDumenkungwini,Settlement,2007-03-16 00:00:00,18 km NW of Pongola town,KwaZulu-Natal,105.0,,,4.0,11.0,DC26,UPhongolo,,Umgungundlovu,KZ262,,,
KwaGedleza,Post Office,2000-03-14 00:00:00,23 km E of Jozini,KwaZulu-Natal,73.0,,238.0,4.0,11.0,DC27,Jozini,,Umkhanyakude,KZ272,,,
KwaGingindlovu,Village,2009-09-18 00:00:00,,KwaZulu-Natal,,Gingindlovu,,,,,Umlalazi,,King Cetswayo,,correction of spelling,,
KwaGubevu,Post Office,2001-10-29 00:00:00,39 km from NE of King William’s Town,Eastern Cape,73.0,,63.0,1.0,10.0,Amathole,Amahlathi,,Amathole,EC124,,,
KwaLiba,Settlement,2007-03-16 00:00:00,38 km NW of Pongola town,KwaZulu-Natal,105.0,Kwaliba,,4.0,11.0,DC26,UPhongolo,,Zululand,KZ262,Kwaliba,,
KwaLubisi,Village,2006-06-30 00:00:00,"20 km NW of Pongola Town, 3030BA",KwaZulu-Natal,106.0,Kwalubisi,,4.0,10.0,DC21,"Umdoni Local Municipality
",,Ugu,KZ211,Kwalubisi,,
KwaMathinta,Post Office,2001-08-14 00:00:00,20 km NW of Port Shepstone,KwaZulu-Natal,73.0,,210.0,4.0,11.0,DC21,"Ray Nkonyeni Local Municipality
",,Ugu,KZ216,,,
KwaMbiza,Post Office,2001-04-08 00:00:00,36 km E of Hammarsdale,KwaZulu-Natal,73.0,,205.0,4.0,11.0,DC22,Richmond,,Umgungundlovu,KZ227,,,
KwaMbizana,Post Office,2000-03-14 00:00:00,50 km SW,Eastern Cape,73.0,,91.0,1.0,10.0,DC12,Nkonkobe,,Amathole,EC127,,,
KwaMpopoli,Village,2006-06-30 00:00:00,24 km NW of Pongola Municipality,Eastern Cape,106.0,Kwampopoli,,1.0,11.0,DC12,"Raymond Mhlaba Local Municipality
",,"Amathole
",EC127,Kwampopoli,,
KwaNkomfe,Village,2006-06-30 00:00:00,22 km NW of Pongola Town,KwaZulu-Natal,106.0,Nkomfe,,4.0,11.0,DC26,UPhongolo,,Zululand,KZ262,Nkomfe,,
KwaNocomboshe,Post Office,2001-10-29 00:00:00,24 km SE of Pomeroy,KwaZulu-Natal,73.0,,246.0,4.0,11.0,DC24,Msinga,,Umzinyathi,KZ244,,,
Kwanyawoshane,Village,2006-06-30 00:00:00,"37 km NW of Pongola Town, 2731AD",KwaZulu-Natal,106.0,Nyawoshane,,4.0,11.0,DC26,UPhongolo,,Zululand,KZ262,Nyawoshane,,
KwaQedindlala,Post Office,2001-10-29 00:00:00,25 km SE of Paulpietersburg,KwaZulu-Natal,73.0,,231.0,4.0,11.0,DC26,eDumbe,,Zululand,KZ261,,,
Kwasibhejane,Post Office,2000-03-14 00:00:00,50 km E of Malelane,Mpumalanga,73.0,,318.0,5.0,16.0,DC32,Nkomazi,,Ehlanzeni,MP324,,,
KwaThomas Mahlanguville,Township,2006-03-03 00:00:00,6km of Witbank CBD,Mpumalanga,130.0,,,,,,Emalahleni Local Municipality,,Nkangala,,,,
KwaVulingqondo,Post Office,2000-03-14 00:00:00,12 km E of Ntumeni,KwaZulu-Natal,73.0,,233.0,4.0,11.0,DC28,uMlalazi,,King Cetshwayo,KZ284,,,
Kwelerha,River (not specified),2005-02-25 00:00:00,±25 km NE East London,Eastern Cape,119.0,Kwelera,,1.0,10.0,DC12,Great Kei,,Amathole,EC123,Kwelera,,
Lakeside Estates,Town,2006-07-27 00:00:00,Lat: 32° 16' Long: 25° 47',Eastern Cape,111.0,,291.0,1.0,2.0,DC13,Nxuba,,"Chris Hani
",EC128,,,
Lambani,Post Office,2001-08-14 00:00:00,46 km NE of Thohoyandou,Limpopo,73.0,,354.0,7.0,9.0,DC34,"Thulamela Local Municipality
",,"Vhembe
",NP342,,,
Lambani,Settlement,2002-05-01 00:00:00,46 km NE of Thohoyandou,Limpopo,105.0,,354.0,7.0,9.0,DC34,Thulamela,,"Vhembe
",NP343,,,
Lamolatlala,Post Office,2001-08-14 00:00:00,78 km W of Polokwane,Limpopo,73.0,,346.0,7.0,4.0,DC35,"Polokwane Local Municipality
",,"Capricorn
",NP352,,,
Langalokukhanya,Town,2006-07-27 00:00:00,10 km S from Upington Lat: 28° 52' Long: 31° 26',KwaZulu-Natal,111.0,,136.0,4.0,8.0,DC28,uMlalazi,,King Cetshwayo,KZ284,,,
Lapologang,Agrivillage,2002-10-01 00:00:00,5 km SW of Marikana,North West,128.0,,266.0,8.0,8.0,DC37,Rustenburg,,Bojanala,NW373,,"""On the podium""",
Lebalangwe,Post Office,2000-03-14 00:00:00,45 km NW of Themba,North West,73.0,,446.0,8.0,8.0,DC37,"Moretele Local Municipality
",,"Bojanala
",NW372,,,
Leesdale,Post Office,2001-10-29 00:00:00,65 km SW of Polokwane,Limpopo,73.0,,346.0,7.0,2.0,DC35,"Molemole Local Municipality
",,"Capricorn
",NP352,,,
Lefatlheng,Post Office,2000-03-14 00:00:00,14 km E of Hammanskraal,North West,73.0,,446.0,8.0,8.0,DC37,Moretele,,Bojanala,NW371,,,
Legonyane,Post Office,2000-03-14 00:00:00,35 km NW of Brits,North West,73.0,,416.0,8.0,8.0,DC37,Madibeng,,Bojanala,NW372,,,
Lehae,Residential Township,2002-10-01 00:00:00,"±8 km SW of the Johannesburg CBD, immediately to the east of Lenesia extension 9 and 10",Gauteng,131.0,,273.0,3.0,5.0,,Johannesburg Metro,,Johannesburg Metro,JHB,,The name derives from the name of the former leader of the African National Congress Oliver Reginald Tambo,
Lehloedi,Post Office,2002-05-01 00:00:00,124 km N of Polokwane,Limpopo,73.0,,344.0,7.0,4.0,DC36,Lephalale,,"Waterberg
",NP362,,,
Lekgolo,Post Office,2001-08-14 00:00:00,5 km NE of Rantebeng,North West,73.0,,446.0,8.0,8.0,DC37,Moretele,,Bojanala,NW371,,,
Lekhureng,Post Office,2001-10-29 00:00:00,65 km NW of Polokwane,Limpopo,73.0,,346.0,7.0,4.0,DC33,Greater Giyani,,Mopani,NP331,,,
Lekoko,Post Office,2000-09-22 00:00:00,11km W,North West,73.0,,,8.0,8.0,DC38,Mafikeng,,"Ngaka Modiri Molema
",NW383,,,
Lekukela,Post Office,2001-08-14 00:00:00,54 km NW of Polokwane,Limpopo,73.0,,346.0,7.0,4.0,DC35,"Molemole Local Municipality
",,Capricorn,NP352,,,
Lengeta,Post Office,2001-04-09 00:00:00,54 km NW of Polokwane,Limpopo,73.0,,346.0,7.0,4.0,DC35,"Molemole Local Municipality 
",,Capricorn,NP352,,,
Lephalale,Town,2002-05-01 00:00:00,Formerly Ellisras,Limpopo,111.0,Ellisras,332.0,7.0,8.0,DC36,Lephalale,,Waterberg,NP362,Ellisras,,
Lephalale,River (not specified),2006-06-30 00:00:00,± 20 km from Lephalale,Limpopo,119.0,Phalala,,7.0,5.0,DC36,Lephalale,,Waterberg,NP362,Phalala,,
Leratong,Village,2009-09-18 00:00:00,,Mpumalanga,,Enkeldoorn,,,,,Thembisile,,Nkangala,,Change of Name,,
Lerome,Post Office,2001-08-14 00:00:00,60 km NW of Rustenburg,North West,73.0,,265.0,8.0,8.0,DC37,Moses Kotane,,"Bojanala
",NW375,,,
Lerotse,Post Office,2001-08-14 00:00:00,68 km E of Polokwane,Limpopo,73.0,,347.0,7.0,4.0,DC35,Lepele-Nkumpi,,Capricorn,NP355,,,
Lesetlheng,Post Office,2001-04-09 00:00:00,80 km NW of Rustenburg,North West,73.0,,265.0,8.0,8.0,DC37,Moses Kotane,,Bojanala,NW375,,,
Lethabong,Town,2004-05-28 00:00:00,35 km E,North West,111.0,Hartbeesfontein,,8.0,8.0,DC37,Rustenburg,,Bojanala,NW373,Hartbeesfontein,"""On the podium""",
Letsokoane,Post Office,2002-05-01 00:00:00,17 km W of Polokwane,Limpopo,73.0,,346.0,7.0,4.0,DC36,Mogalakwena,,Waterberg,NP367,,,
Lilydale,Post Office,2001-08-14 00:00:00,45 km NE of Hazyview,Mpumalanga,73.0,,338.0,5.0,2.0,DC32,Bushbuckridge,,Ehlanzeni,MP325,,,
Lindely Township,Township,2005-07-01 00:00:00,2 km N of Lanseria Airport,Gauteng,130.0,,,3.0,2.0,DC48,Mogale City,,"West Rand
",GT481,,,
Lissa,Post Office,2002-05-01 00:00:00,115 km N of Polokwane,Limpopo,73.0,,344.0,7.0,2.0,DC35,Molemole,,"Capricorn
",NP353,,,
Lithuli Village,Village,2009-09-18 00:00:00,,Mpumalanga,,Kameelpoortnek,,,,,Thembisile,,Nkangala,,Change of Name,,
Litjelembube,Post Office,2001-04-09 00:00:00,90 km E of Ermelo,Mpumalanga,73.0,,317.0,5.0,6.0,DC30,Albert Luthuli,,"Gert Sibande
",MP301,,,
Lizzulea,Dam,2002-05-01 00:00:00,75 km SW of Musina,Limpopo,23.0,,326.0,7.0,16.0,DC34,Musina,,"Vhembe 
",NP341,,,
Loding,Settlement,2006-06-30 00:00:00,"6 km South of Mbibane, 2528BB",Mpumalanga,105.0,Rooikopen A,,5.0,4.0,DC31,Dr JS Moroka,,Nkangala,MP316,Rooikopen A,,
Lucas Mohajane,Post Office,2000-09-07 00:00:00,4 km NW of Polokwane,Limpopo,73.0,,328.0,7.0,17.0,DC35,Polokwane,,Capricorn,NP354,,,
Lufule,Settlement,2002-05-01 00:00:00,8 km NE of Thohoyandou,Limpopo,105.0,,354.0,7.0,9.0,DC34,Thulamela,,"Vhembe 
",NP343,,,
Lufutha,Village,2005-02-25 00:00:00,+-25 km SW,Eastern Cape,106.0,,,1.0,10.0,DC13,Sakhisizwe,,"Chris Hani
",EC138,,,
Lufutha,Post Office,2005-02-25 00:00:00,+-25 km SW,Eastern Cape,73.0,,,1.0,10.0,DC13,Sakhisizwe,,"Chris Hani
",EC138,,,
Lukalo,Settlement,2002-05-01 00:00:00,49 km NE of Thohoyandou,Limpopo,105.0,,354.0,7.0,9.0,DC34,Thulamela,,"Vhembe 
",NP343,,,
Lushof Dam,Dam,2000-05-31 00:00:00,,Western Cape,23.0,,27.0,9.0,16.0,DC2,Witzenberg,,"Cape Winelands
",WC022,,,
Lutomboni,Settlement,2002-05-01 00:00:00,61 km SE of Musina,Limpopo,105.0,,354.0,7.0,9.0,DC34,Thulamela,,"Vhembe 
",NP343,,,
Luvuvhu,River (not specified),2005-07-16 00:00:00,A river in Vhembe District,Limpopo,119.0,Levubu,,,9.0,,"Makhado Local Municipality
",,Vhembe,,Levubu,,
Lwamondo Thondoni,Post Office,2001-08-14 00:00:00,N of Thohoyandou,Limpopo,73.0,,354.0,7.0,9.0,DC34,Makhado,,Vhembe,NP344,,,
M’lapa-Kgomo,Post Office,2000-03-14 00:00:00,15 km NE of Thulamahashe,Mpumalanga,73.0,,338.0,5.0,4.0,DC32,Bushbuckridge,,Ehlanzeni,MP325,,,
Maadišego,Post Office,2001-08-14 00:00:00,60 km Sof  Tzaneen,Limpopo,73.0,,349.0,7.0,4.0,DC47,"Fetakgomo Tubatse Local Municipality
",,Sekhukhune,NP03a6,,,
Mabele-a-Podi,Post Office,2000-03-14 00:00:00,49 km NW of Rustenburg,North West,73.0,,265.0,8.0,8.0,DC37,Moses Kotane,,Bojanala,NW375,,,
Mabune,Post Office,2001-04-09 00:00:00,55 km S of Polokwane,Limpopo,73.0,,343.0,7.0,4.0,DC35,Molemole,,Capricorn,NP353,,,
Madibeng,Village,2005-04-01 00:00:00,±60km N of Senwabarwana,Limpopo,106.0,Ga-Madibeng,,,16.0,,Blouberg Local Municipality,,Capricorn,,Ga-Madibeng,,
Madibogopane,Post Office,2001-04-08 00:00:00,6 km E of Delareyville,North West,73.0,,370.0,8.0,8.0,DC38,Ratlou,,"Ngaka Modiri Molema
",NW381,,,
Madietane,Post Office,2000-09-07 00:00:00,75 km W of Polokwane,Limpopo,73.0,,346.0,7.0,4.0,DC35,"Polokwane Local Municipality
",,Capricorn,NP352,,,
Madikoti Putsoa,Post Office,2001-08-14 00:00:00,18 km NW of Mohwelereng,Limpopo,73.0,,345.0,7.0,4.0,DC36,"Modimolle-Mookgophong Local Municipality
",,Waterberg,NP364,,,
Madlayedwa,Village,2009-09-18 00:00:00,,Mpumalanga,,,,,,,Dr J S Moroka,,Nkangala,,Registration of Name,,
Madodonga,Post Office,2001-08-14 00:00:00,30 km W of Louis Trichardt,Limpopo,73.0,,329.0,7.0,9.0,DC34,Makhado,,Vhembe,NP344,,,
Madras,Post Office,2000-03-14 00:00:00,21 km NE of Hazyview,Mpumalanga,73.0,,338.0,5.0,2.0,DC32,Bushbuckridge,,"Ehlanzeni
",MP325,,,
Madubaduba,Settlement,2006-06-30 00:00:00,16 km Northeast of Mable Hall and 6 km south of Mdutjana,Mpumalanga,105.0,Kameelrivier A,,5.0,8.0,DC31,Dr JS Moroka,,Nkangala,MP316,Kameelrivier A,,
Madutle,Post Office,2001-08-14 00:00:00,60 km NW of Rustenburg,North West,73.0,,265.0,8.0,8.0,DC37,Moses Kotane,,Bojanala,NW375,,,
Madzivhanani,Settlement,2002-05-01 00:00:00,46 km N of Thohoyandou,Limpopo,105.0,,354.0,7.0,9.0,DC34,"Thulamela Local Municipality
",,Vhembe,NP342,,,
Maebane,Post Office,2001-10-29 00:00:00,25 km W of Louis Trichardt (Near Tshilwavhusiku),Limpopo,73.0,,352.0,7.0,9.0,DC34,Makhado,,Vhembe,NP344,,,
Maelula,Settlement,2002-05-01 00:00:00,70 km SE of Musina,Limpopo,105.0,,354.0,7.0,2.0,DC34,Makhado,,Vhembe,NP344,,,
Mafamošomo,Post Office,2001-08-14 00:00:00,80 km E of Tzaneen,Limpopo,73.0,,350.0,7.0,4.0,DC33,Ba-Phalaborwa,,Mopani,NP334,,,
Magobe Extension 1,Town,2005-02-25 00:00:00,10 km N,Northern Cape,111.0,,,6.0,8.0,DC45,Ga-Segonyana,,"John Taolo Gaetsewe
",NC452,,,
Magogeni,Settlement,2003-05-15 00:00:00,37 km SE of Kaapmuiden (Formerly Jeppes Rust),Mpumalanga,105.0,Jeppes Rust,318.0,5.0,6.0,DC32,Nkomazi,,"Ehlanzeni
",MP324,Jeppes Rust,,
Magogong Village,Post Office,2001-04-08 00:00:00,16 km SE of Taung station,North West,73.0,,431.0,8.0,17.0,DC39,Greater Taung,,"Dr Ruth Segomotsi Mompati
",NW394,,,
Magogwe,Post Office,2000-09-22 00:00:00,6km W,North West,73.0,,,8.0,8.0,DC38,Mafikeng,,"Ngaka Modiri Molema
",NW383,,,
Magomani,Settlement,2002-05-01 00:00:00,48 km NE of Thohoyandou,Limpopo,105.0,,335.0,7.0,7.0,DC34,"Collins Chabane Local Municipality
",,Vhembe,NP343,,,
Mahatlani,Post Office,2000-09-22 00:00:00,12 km N of Vongani Post Office.,Limpopo,73.0,,,7.0,7.0,DC34,Makhado,,Vhembe,NP344,,,
Mahekgwe,Post Office,2000-03-14 00:00:00,50 km E of Duiwelskloof,Limpopo,73.0,,342.0,7.0,4.0,DC33,Greater Letaba,,Mopani,NP332,,,
Mahhusha,Game Reserve,2005-02-25 00:00:00,48 West of Malelane.,Mpumalanga,135.0,Mahushe,,5.0,6.0,DC32,Mbombela,,Ehlanzeni,MP322,Mahushe,,
Mahomolela,Post Office,2001-10-29 00:00:00,56 km SSW of Polokwane (Near Lebowakgomo),Limpopo,73.0,,345.0,7.0,4.0,DC35,Lepele-Nkumpi,,Capricorn,NP355,,,
Mahonisi,Post Office,2001-08-14 00:00:00,15 km W of Malamulele,Limpopo,73.0,,335.0,7.0,7.0,DC34,Thulamela,,Vhembe,NP343,,,
Mahopong,Post Office,2001-04-09 00:00:00,80 km NW of Mokopane,Limpopo,73.0,,345.0,7.0,4.0,DC36,Mogalakwena,,Waterberg,NP367,,,
Mailula,Post Office,2000-09-07 00:00:00,41 km E of Polokwane,Limpopo,73.0,,345.0,7.0,4.0,DC35,Polokwane,,Capricorn,NP354,,,
Makarapeng,Post Office,2002-05-01 00:00:00,96 km NW of Polokwane,Limpopo,73.0,,347.0,7.0,4.0,DC35,Polokwane,,Capricorn,NP352,,,
Makgari,Valley,2005-04-01 00:00:00,+_80Km NW of Senwabarwana,Limpopo,50.0,Louisenthal,,,4.0,,Blouberg Local Municipality,,Capricorn,,Louisenthal,,
Makgaung,Post Office,2002-05-01 00:00:00,67 km E of Tzaneen,Limpopo,73.0,,350.0,7.0,4.0,DC33,Maruleng,,Mopani,NP335,,,
Makgophe,Post Office,2000-09-07 00:00:00,76 km NW of Rustenburg,North West,73.0,,265.0,8.0,8.0,DC37,Moses Kotane,,"Bojanala
",NW375,,,
Makgora,Post Office,2001-08-14 00:00:00,60 km W of Polokwane,Limpopo,73.0,,346.0,7.0,4.0,DC35,Blouberg,,Capricorn,NP351,,,
Makolokoe,Post Office,2000-03-14 00:00:00,32 km W of Brits,North West,73.0,,267.0,8.0,8.0,DC37,Rustenburg,,Bojanala,NW373,,"""On the podium""",
Makudubele,Post Office,2001-08-14 00:00:00,7 km W of Rantebeng,North West,73.0,,446.0,8.0,8.0,DC37,Moretele,,"Bojanala
",NW371,,,
Makuleke,Post Office,2000-09-22 00:00:00,45 km W of Malamulele,Northern Cape,73.0,,,6.0,7.0,DC7,Kareeberg,,"Pixley ka Seme
",NC074,,,
Makumbani,Dam,2002-05-01 00:00:00,13 km NW of Thohoyandou,Limpopo,23.0,,354.0,7.0,9.0,DC34,Makhado,,Vhembe,NP344,,,
Makungwi,Settlement,2002-05-01 00:00:00,64 km SE of Musina,Limpopo,105.0,,354.0,7.0,9.0,DC34,Makhado,,Vhembe,NP344,,,
Makurung,Post Office,2001-08-14 00:00:00,70 km S of Polokwane,Limpopo,73.0,,347.0,7.0,4.0,DC35,Molemole,,Capricorn,NP353,,,
Malahlela,Post Office,2002-05-01 00:00:00,35 km E of Polokwane,Limpopo,73.0,,347.0,7.0,4.0,DC35,Lepele-Nkumpi,,Capricorn,NP355,,,
Malale,Settlement,2002-05-01 00:00:00,55 km SE of Musina,Limpopo,105.0,,354.0,7.0,9.0,DC34,Musina,,Vhembe,NP341,,,
Malan,Village,2005-07-16 00:00:00,10 km N of Wellington,Western Cape,106.0,,,9.0,1.0,DC2,Drakenstein,,"Cape Winelands
",WC023,,,
Malan Stasie,Railway Station,2005-07-16 00:00:00,10km N of Wellington,Western Cape,136.0,,,9.0,6.0,DC2,Drakenstein,,"Cape Winelands
",WC023,,,
Malebitsa,Post Office,2002-05-01 00:00:00,23 km E of Tuinplaas RPA,Limpopo,73.0,,311.0,7.0,8.0,DC36,Mogalakwena,,Waterberg,NP367,,,
Malebogo,Post Office,2000-09-07 00:00:00,37 km W of Bochum,Limpopo,73.0,,344.0,7.0,4.0,DC35,Blouberg,,Capricorn,NP351,,,
Malehlage,Post Office,2002-05-01 00:00:00,70 km SE of Polokwane,Limpopo,73.0,,347.0,7.0,4.0,,"Fetakgomo Tubatse Local Municipality
",,Sekhukhune,NP03a6,,,
Malemati,Post Office,2002-05-01 00:00:00,60 km SE of Polokwane,Limpopo,73.0,,347.0,7.0,4.0,DC35,Lepele-Nkumpi,,Capricorn,NP355,,,
Malopeng,Post Office,2000-03-14 00:00:00,40 km W of Polokwane,Limpopo,73.0,,346.0,7.0,4.0,DC35,"Polokwane Local Municipality
",,Capricorn,NP352,,,
Mamanyoga,Post Office,2001-08-14 00:00:00,40 km E of Duiwelskloof,Limpopo,73.0,,342.0,7.0,4.0,DC33,Greater Letaba,,Mopani,NP332,,,
Mamello,Town,2000-09-22 00:00:00,Mamelodi near Pretoria,Gauteng,111.0,,,3.0,4.0,DC42,Midvaal,,"Sedibeng
",GT422,,,
Mamosana,Post Office,2001-10-29 00:00:00,41km NW of Polokwane,Limpopo,73.0,,346.0,7.0,4.0,DC35,"Polokwane Local Municipality 
",,Capricorn,NP352,,,
Manaileng,Post Office,2000-09-07 00:00:00,49 km N of Mokopane,Limpopo,73.0,,346.0,7.0,4.0,DC35,"Polokwane Local Municipality 
",,Capricorn,NP352,,,
Manamakgoteng,Post Office,2000-03-14 00:00:00,15 km W of Brits,North West,73.0,,267.0,8.0,8.0,DC37,Madibeng,,Bojanala,NW372,,,
Manavhela,Post Office,2001-10-29 00:00:00,30 km W of Louis Trichardt (Near Tshilwavhusiku),Limpopo,73.0,,352.0,7.0,9.0,DC34,Makhado,,Vhembe,NP344,,,
Mandlethu,Village,2009-09-18 00:00:00,,Mpumalanga,,Vlaklaagte No.1,,,,,Thembisile,,Nkangala,,Change of Name,,
Mangata,Post Office,2001-08-14 00:00:00,60 km W of Polokwane,Limpopo,73.0,,343.0,7.0,4.0,DC35,Blouberg,,Capricorn,NP351,,,
Maniini,Post Office,2001-08-14 00:00:00,4 km S of Thohoyandou,Limpopo,73.0,,354.0,7.0,9.0,DC34,Thulamela,,Vhembe,NP343,,,
Manokwane,Post Office,2001-08-14 00:00:00,15 km E of Taung,North West,73.0,,431.0,8.0,8.0,DC39,Greater Taung,,"Dr Ruth Segomotsi Mompati
",NW394,,,
Mantsie,Village,2001-08-14 00:00:00,13 km SE of Gopane,North West,106.0,,406.0,8.0,8.0,DC38,Ramotshere Moiloa,,"Ngaka Modiri Molema
",NW385,,,
Mapaputle,Post Office,2000-09-07 00:00:00,75 km W of Rustenburg,North West,73.0,,265.0,8.0,8.0,DC37,Moses Kotane,,"Bojanala
",NW375,,,
Mapate,Settlement,2001-10-29 00:00:00,11 km E of Thohoyandou,Limpopo,105.0,,354.0,7.0,9.0,DC34,Thulamela,,Vhembe,NP343,,,
Maphophe,Settlement,2002-05-01 00:00:00,42 km NE of Thohoyandou,Limpopo,105.0,,335.0,7.0,7.0,DC34,Thulamela,,Vhembe,NP343,,,
Maphotla,Settlement,2006-06-30 00:00:00,"14 km South-West of Mdutjana, 2528BB",Mpumalanga,105.0,Wolwekraal,,5.0,4.0,DC31,Dr JS Moroka,,"Nkangala
",MP316,Wolwekraal,,
Maponto,Post Office,2000-03-14 00:00:00,109 km N of Polokwane,Limpopo,73.0,,344.0,7.0,4.0,DC35,Molemole,,Capricorn,NP353,,,
Maralaleng,Post Office,2002-05-01 00:00:00,±78 km SE of Polokwane,Limpopo,73.0,,347.0,7.0,4.0,,Fetakgomo,,Sekhukhune,NP03a3,,,
Maranzhe,Settlement,2002-05-01 00:00:00,10 km NW of Thohoyandou,Limpopo,105.0,,354.0,7.0,9.0,DC34,Thulamela,,Vhembe,NP343,,,
Marapallo,Post Office,2000-09-07 00:00:00,80 km NW of Rustenburg,North West,73.0,,265.0,8.0,8.0,DC37,Moses Kotane,,Bojanala,NW375,,,
Marapyane,Settlement,2003-05-15 00:00:00,13 km SW of Siyabuswa (Formerly Marapjane),Mpumalanga,105.0,Marapjane,322.0,5.0,3.0,DC31,Dr JS Moroka,,Nkangala,MP316,Marapjane,,
Marobeng,Post Office,2001-04-09 00:00:00,6 km W of Thaba Nchu,Free State,73.0,,198.0,2.0,8.0,DC17,Mangaung,,Mangaung,FS172,,,
Maseke,Post Office,2000-09-07 00:00:00,17 km W of Phalaborwa,Limpopo,73.0,,337.0,7.0,4.0,DC33,Ba-Phalaborwa,,Mopani,NP334,,,
Mashamaite,Post Office,2000-03-14 00:00:00,35 km NW of Polokwane,Limpopo,73.0,,346.0,7.0,4.0,DC35,Polokwane,,Capricorn,NP354,,,
Mashishing,Settlement,2006-06-30 00:00:00,"100 km NE of Nelspruit, 2530AB",Mpumalanga,105.0,Lydenburg,,5.0,4.0,DC32,Thaba Chweu,,Ehlanzeni,MP321,Lydenburg,,
Mashobohleng,Post Office,2000-03-14 00:00:00,38 km NW of Polokwane,Limpopo,73.0,,346.0,7.0,4.0,DC35,Polokwane,,"Capricorn
",NP354,,,
Mašita,Post Office,2001-08-14 00:00:00,42 km NW of Polokwane,Limpopo,73.0,,346.0,7.0,4.0,DC35,Polokwane,,"Capricorn 
",NP352,,,
Masobye,Village,2009-09-18 00:00:00,,Mpumalanga,,Pankop,,,,,Dr J S Moroka,,Nkangala,,Change of Name,,
Matlalane,Post Office,2000-09-07 00:00:00,98 km from Mokopane,Limpopo,73.0,,345.0,7.0,4.0,DC36,Mogalakwena,,Waterberg,NP367,,,
Matlapaneng,Post Office,2001-04-08 00:00:00,12 km NW of Taung station,North West,73.0,,431.0,8.0,8.0,DC39,Greater Taung,,"Dr Ruth Segomotsi Mompati
",NW394,,,
Matsa,Post Office,2001-08-14 00:00:00,12 km W of Dzanani,Limpopo,73.0,,354.0,7.0,9.0,DC34,Makhado,,Vhembe,NP344,,,
Matseba,Post Office,2002-05-01 00:00:00,80 km N of Polokwane,Limpopo,73.0,,344.0,7.0,4.0,DC35,Molemole,,Capricorn,NP353,,,
Matšeka,Post Office,2000-03-14 00:00:00,75 km NW of Polokwane,Limpopo,73.0,,346.0,7.0,4.0,DC35,"Blouberg Local Municipality
",,Capricorn,NP352,,,
Matshakatini,Settlement,2002-05-01 00:00:00,53 km SE of Musina,Limpopo,105.0,,354.0,7.0,9.0,DC34,Musina,,Vhembe,NP341,,,
Matshena,Post Office,2001-08-14 00:00:00,45 km E of Mutale,Limpopo,73.0,,354.0,7.0,9.0,DC34,"Musina Local Municipality
",,Vhembe,NP342,,,
Maungani,Post Office,2001-10-29 00:00:00,5 km W of Thohoyandou,Limpopo,73.0,,354.0,7.0,9.0,DC34,Thulamela,,Vhembe,NP343,,,
Mavunde,Post Office,2001-08-14 00:00:00,56 km E of Thohoyandou,Limpopo,73.0,,354.0,7.0,9.0,DC34,Thulamela,,Vhembe,NP343,,,
Mawoni,Settlement,2002-05-01 00:00:00,62 km SE of Musina,Limpopo,105.0,,354.0,7.0,9.0,DC34,Makhado,,Vhembe,NP344,,,
Mbahela,Post Office,2001-08-14 00:00:00,37 km S of Thohoyandou,Limpopo,73.0,,354.0,7.0,9.0,DC34,Thulamela,,Vhembe,NP343,,,
Mbhashe,River (not specified),2004-07-16 00:00:00,,Eastern Cape,119.0,Mbashe,,1.0,10.0,DC12,Mbhashe,,Amathole,EC121,Mbashe,,
Mbhashe,Village,2006-07-27 00:00:00,River Lat: 32° 14' Long: 28° 54' Village Lat::32,Eastern Cape,106.0,,371.0,1.0,10.0,DC12,Mbhashe,,Amathole,EC121,,,
Mbhashe,Railway,2006-07-27 00:00:00,River Lat: 32° 14' Long: 28° 54' Village Lat::32,Eastern Cape,78.0,,371.0,1.0,10.0,DC12,Mbhashe,,Amathole,EC121,,,
Mbhetana,Post Office,2000-09-07 00:00:00,47 km E of Tzaneen,Limpopo,73.0,,342.0,7.0,7.0,DC33,Greater Tzaneen,,Mopani,NP333,,,
Mbhokota,Post Office,2001-10-29 00:00:00,9 km SE of Elim (Near Louis Trichardt),Limpopo,73.0,,355.0,7.0,7.0,DC34,Makhado,,Vhembe,NP344,,,
Mbhongo,Village,2003-05-15 00:00:00,31 km NWW of Siyabuswa (Formerly Almansdrift B),Mpumalanga,106.0,Almansdrift B,324.0,5.0,8.0,DC31,Dr JS Moroka,,Nkangala,MP316,Almansdrift B,,
Mbwedi,Dam,2002-05-01 00:00:00,15 km N of Thohoyandou,Limpopo,23.0,,354.0,7.0,9.0,DC34,Thulamela,,Vhembe,NP343,,,
Mchantsi,River (not specified),2005-02-25 00:00:00,22 km SW,KwaZulu-Natal,119.0,Umkantzi,,4.0,10.0,DC26,Nongoma,,Zululand,KZ265,Umkantzi,,
Meerlus,Station,2001-08-14 00:00:00,30 km S of Middelburg,Mpumalanga,79.0,,73.0,5.0,1.0,DC31,Steve Tshwete,,"Nkangala
",MP313,,,
Menele,Post Office,2001-04-09 00:00:00,± 10 km from Malamulele Township (Eastern),Limpopo,73.0,,335.0,7.0,7.0,DC34,Thulamela,,Vhembe,NP343,,,
Metsimatala,Township,2003-05-15 00:00:00,30 km E of Postmasburg,Northern Cape,130.0,,144.0,6.0,8.0,DC8,Tsantsabane,,"Z F Mgcawu
",NC085,,,
Mgojweni,Post Office,2000-09-22 00:00:00,12 km NE of Lsikisiki,Eastern Cape,73.0,,,1.0,10.0,DC15,Qaukeni,,"O.R.Tambo
",EC153,,,
Mhangweni,Post Office,2001-08-14 00:00:00,41 km E of Tzaneen,Limpopo,73.0,,339.0,7.0,7.0,DC33,Ba-Phalaborwa,,Mopani,NP334,,,
Mhlaba Cross,Post Office,2000-09-07 00:00:00,23 km SE of Tzaneen,Limpopo,73.0,,325.0,7.0,17.0,DC33,Greater Tzaneen,,Mopani,NP333,,,
Mhlambanyatsi,Settlement,2003-05-15 00:00:00,22 km SE of Kaapmuiden (Formerly Buffelspruit),Mpumalanga,105.0,Buffelspruit,318.0,5.0,6.0,DC32,Nkomazi,,Ehlanzeni,MP324,Buffelspruit,,
Mhlambanyatsi River,River (not specified),2003-05-15 00:00:00,17 km SE of Kaapmuiden (Formerly Slabojet),Mpumalanga,119.0,Slabojet,312.0,5.0,6.0,DC32,Nkomazi,,Ehlanzeni,MP324,Slabojet,,
Mianzwi,Post Office,2001-08-14 00:00:00,32 km E of Thohoyandou,Limpopo,73.0,,354.0,7.0,9.0,DC34,"Collins Chabane Local Municipality
",,Vhembe,NP343,,,
Midoroni,Post Office,2001-10-29 00:00:00,30 km W of Louis Trichardt (Near Tshilwavhusiku),Limpopo,73.0,,352.0,7.0,9.0,DC34,Makhado,,Vhembe,NP344,,,
Midstream Estate,Town,2006-07-27 00:00:00,4 km S of Centurion,Free State,111.0,,270.0,2.0,2.0,DC18,Tswelopele,,Lejweleputswa,FS183,,,
Migavhini,Settlement,2002-05-01 00:00:00,60 km SE of Musina,Limpopo,105.0,,354.0,7.0,9.0,DC34,Makhado,,Vhembe,NP344,,,
Mmaditseke,Post Office,2001-08-14 00:00:00,102 km W of Polokwane,Limpopo,73.0,,346.0,7.0,4.0,DC36,Mogalakwena,,Waterberg,NP367,,,
Mmaduma,Settlement,2005-02-25 00:00:00,60 km W of Siyabuswa,Mpumalanga,105.0,Greenside,,5.0,8.0,DC31,Dr JS Moroka,,Nkangala,MP316,Greenside,,
Mmahlabane,Settlement,2006-06-30 00:00:00,Between KwaMhlanga and Mbibane and 20 km from Libangeni,Mpumalanga,105.0,Zandspruit,,5.0,4.0,DC31,Dr JS Moroka,,Nkangala,MP316,Zandspruit,,
Mmakaunyana,Post Office,2000-03-14 00:00:00,80 km W of Pretoria,North West,73.0,,446.0,8.0,8.0,DC37,Moretele,,Bojanala,NW371,,,
Mmakwara,Post Office,2001-08-14 00:00:00,123 km NW of Polokwane,Limpopo,73.0,,344.0,7.0,4.0,DC35,Blouberg,,Capricorn,NP351,,,
Mmaleupa,Village,2001-08-14 00:00:00,15 km SW of Gopane,North West,106.0,,406.0,8.0,8.0,DC38,Ramotshere Moiloa,,"Ngaka Modiri Molema
",NW385,,,
Mmamatlepa,Post Office,2001-08-14 00:00:00,48 km E of Duiwelskloof,Limpopo,73.0,,342.0,7.0,4.0,DC33,Greater Letaba,,Mopani,NP332,,,
Mmamatonya,Post Office,2001-08-14 00:00:00,85 km S of Polokwane,Limpopo,73.0,,347.0,7.0,4.0,DC35,Lepele-Nkumpi,,Capricorn,NP355,,,
Mmamehlaba,Post Office,2001-04-08 00:00:00,80 km NW of Polokwane,Limpopo,73.0,,346.0,7.0,4.0,DC35,"Blouberg Local Municipality
",,Capricorn,NP352,,,
Mmamoleke,Post Office,2002-05-01 00:00:00,51 km S of Polokwane,Limpopo,73.0,,328.0,7.0,4.0,DC34,Makhado,,Vhembe,NP344,,,
Mmankaipaya,Post Office,2001-04-09 00:00:00,62 km N of Madikwe,North West,73.0,,265.0,8.0,8.0,DC37,Moses Kotane,,Bojanala,NW375,,,
Mmatlhwaela,Post Office,2001-08-14 00:00:00,9 km E of Rantebeng,North West,73.0,,446.0,8.0,8.0,DC37,Moretele,,Bojanala,NW371,,,
Mmorogong,Post Office,2001-04-09 00:00:00,78 km N of Rustenburg,North West,73.0,,265.0,8.0,8.0,DC37,Moses Kotane,,Bojanala,NW375,,,
Mmukubyane,Post Office,2001-08-14 00:00:00,14 km W of Bedwang,North West,73.0,,446.0,8.0,8.0,DC37,Moretele,,Bojanala,NW371,,,
Mmu-tshweu,Settlement,2001-08-14 00:00:00,Suburb of Gopane,North West,105.0,,406.0,8.0,8.0,DC38,Ramotshere Moiloa,,"Ngaka Modiri Molema
",NW385,,,
Mnceba,Post Office,2000-09-22 00:00:00,19 km W,KwaZulu-Natal,73.0,,,4.0,10.0,DC24,Umvoti,,"Umzinyathi
",KZ245,,,
Mochelatze,River (not specified),2006-06-30 00:00:00,14 km NE of Modjadjiskloof,Limpopo,119.0,Lindersloop,,7.0,16.0,DC33,Greater Letaba,,"Mopani
",NP332,Lindersloop,,
Modikwe,Post Office,2000-03-14 00:00:00,30 km NW of Brits,North West,73.0,,267.0,8.0,8.0,DC37,Rustenburg,,Bojanala,NW373,,"""On the podium""",
Modimola,Post Office,2000-09-22 00:00:00,26 km W,North West,73.0,,,8.0,8.0,DC38,Mafikeng,,"Ngaka Modiri Molema
",NW383,,,
Modjadjiskloof,Town,2006-07-27 00:00:00,16 km N of Tzaneen Lat: 23° 41' Long: 30° 08',Limpopo,111.0,,343.0,7.0,,DC33,Greater Letaba,,"Mopani
",NP332,,,
Modubatze,River (not specified),2006-06-30 00:00:00,12 km from Modjadjiskloof,Limpopo,119.0,Brandboontjies,,7.0,4.0,DC33,Greater Tzaneen,,"Mopani
",NP333,Brandboontjies,,
Module,Post Office,2000-09-07 00:00:00,70 km W of Rustenburg,North West,73.0,,265.0,8.0,8.0,DC37,Moses Kotane,,Bojanala,NW375,,,
Moeka,Post Office,2000-09-07 00:00:00,22 km from Makapanstad,North West,73.0,,269.0,8.0,8.0,DC37,Moretele,,Bojanala,NW371,,,
Moema,Post Office,2001-08-14 00:00:00,2 km S of Rantebeng RPA,Mpumalanga,73.0,,446.0,5.0,8.0,DC31,Dr JS Moroka,,Nkangala,MP316,,,
Mogogelo,Post Office,2000-03-14 00:00:00,23 km W of Hammanskraal,North West,73.0,,446.0,8.0,8.0,DC37,Moretele,,Bojanala,NW371,,,
Mogopa,Post Office,2000-03-14 00:00:00,48 km NW of Madikwe,North West,73.0,,256.0,8.0,8.0,DC38,Ramotshere Moiloa,,"Ngaka Modiri Molema
",NW385,,,
Mogosane,Post Office,2000-03-14 00:00:00,33 km N of Mafikeng,North West,73.0,,440.0,8.0,8.0,DC39,Molopo,,"Dr Ruth Segomotsi Mompati
",NW395,,,
Mogwadi,Town,2002-10-01 00:00:00,Situated in the CBD (Formerly Dendron) 60 km from Limpompo CBD.,Limpopo,111.0,Dendron,328.0,7.0,4.0,DC35,Molemole,,Capricorn,NP353,Dendron,,
Mogwadi,River (not specified),2005-07-16 00:00:00,45 km from Polokwane and 20 km from Dendron,Limpopo,119.0,Hout River,,7.0,4.0,DC35,Molemole,,Capricorn,NP353,Hout River,,
Mogwadi,dam,2005-07-16 00:00:00,75 km S of Ganyesa,Limpopo,23.0,Hout River,,,16.0,,Polokwane Local Municipality,,Capricorn,,Hout River,,
Moiletswane,Post Office,2000-03-14 00:00:00,35 km NW of Pretoria,North West,73.0,,416.0,8.0,8.0,DC37,Madibeng,,Bojanala,NW372,,,
Mokgola,Post Office,2000-03-14 00:00:00,125 km N of Zeerust,North West,73.0,,257.0,8.0,8.0,DC38,Ditsobotla,,"Ngaka Modiri Molema
",NW384,,,
Mokgorokgoro,Post Office,2001-08-14 00:00:00,65 km W of Polokwane,Limpopo,73.0,,346.0,7.0,4.0,DC35,Lepele-Nkumpi,,"Capricorn
",NP355,,,
Mokgwati,Post Office,2000-03-14 00:00:00,70 km NE of Tzaneen,Limpopo,73.0,,342.0,7.0,4.0,DC33,Greater Tzaneen,,Mopani,NP333,,,
Mokopane,Town,2002-05-01 00:00:00,Formerly Potgietersrus,Limpopo,111.0,Potgietersrus,330.0,7.0,4.0,DC36,Mogalakwena,,Waterberg,NP367,Potgietersrus,,
Mokwakwaila,Post Office,2000-09-07 00:00:00,33 km NE of Ga-Kgapane,Limpopo,73.0,,342.0,7.0,4.0,DC33,Greater Tzaneen,,Mopani,NP333,,,
Molalane,Post Office,2001-08-14 00:00:00,46 km N of Hoedspruit,Limpopo,73.0,,350.0,7.0,4.0,DC33,Ba-Phalaborwa,,Mopani,NP334,,,
Molapomoagale,Mountain,2004-05-28 00:00:00,,Mpumalanga,44.0,,,5.0,,DC31,Dr JS Moroka,,Nkangala,MP316,,,
Molapong,Post Office,2000-03-14 00:00:00,40 km N of Polokwane,Limpopo,73.0,,347.0,7.0,4.0,DC35,Lepele-Nkumpi,,Capricorn,NP355,,,
Moleboge,Post Office,2002-05-01 00:00:00,90 km NW of Polokwane,Limpopo,73.0,,344.0,7.0,4.0,DC35,Blouberg,,Capricorn,NP351,,,
Moleketla,Post Office,2001-04-08 00:00:00,±30 km NE of Tzaneen,Limpopo,73.0,,342.0,7.0,4.0,DC33,Greater Tzaneen,,Mopani,NP333,,,
Molonyama,Post Office,2001-10-29 00:00:00,18 km W of Polokwane,Limpopo,73.0,,346.0,7.0,4.0,DC35,Molemole,,Capricorn,NP353,,,
Molorwe,Post Office,2000-09-07 00:00:00,70 km NW of Rustenburg,North West,73.0,,265.0,8.0,8.0,DC37,Moses Kotane,,Bojanala,NW375,,,
Moloto North,Forest,2005-04-01 00:00:00,14 Km NW of KwaMhlanga,Mpumalanga,132.0,,,,17.0,,Thembisile Local Municipality,,Nkangala,,,,
Molototzi,River (not specified),2005-07-16 00:00:00,In Mopani district,Limpopo,119.0,,,,17.0,,"Greater Letaba Local Municipality
",,Mopani,,,,
Molototzi,,2005-09-16 00:00:00,Through Bolobedu until Grear Letaba River,Limpopo,,,,,9.0,DC33,"Greater Letaba Local Municipality
",,Mopani,,,,
Monakhi,Post Office,2000-09-07 00:00:00,45 km E of Polokwane,Limpopo,73.0,,347.0,7.0,7.0,DC35,Polokwane,,Capricorn,NP354,,,
Montana Aftree-Oord,Post Office,2001-10-29 00:00:00,E of Sinoville,Gauteng,73.0,,272.0,3.0,1.0,,Tshwane Metro,,Tshwane Metro,TSH,,test1,
Mooikloof Ridge,Residential Township,2002-05-01 00:00:00,±350 m from the Western boundary of Kungwini local Municipality,Gauteng,131.0,,270.0,3.0,17.0,DC46,"City of Tshwane
",,"City of Tshwane
",GT02b2,,,
Mooilyk,Post Office,2001-04-09 00:00:00,70 km SE of Polokwane,Limpopo,73.0,,349.0,7.0,1.0,,Greater Tubatse,,Sekhukhune,NP03a6,,,
Mookgophong,Town,2006-11-24 00:00:00,Town situated halfway between Mokopane and Modimolle in Limpopo.(Former Naboomspruit),Limpopo,111.0,Naboomspruit,330.0,7.0,4.0,DC36,Mookgopong,,Waterberg,NP364,Naboomspruit,,
Morebeng,Settlement,2002-10-01 00:00:00,NW of Segosese (Formerly Soekmekaar),Limpopo,105.0,Soekmekaar,343.0,7.0,4.0,DC35,Molemole,,Capricorn,NP353,Soekmekaar,,
Morola,Post Office,2002-05-01 00:00:00,57 km E of Tzaneen,Limpopo,73.0,,350.0,7.0,4.0,DC33,Maruleng,,Mopani,NP335,,,
Morula,Post Office,2001-08-14 00:00:00,67 km E of Tzaneen,Limpopo,73.0,,350.0,7.0,4.0,DC33,Maruleng,,Mopani,NP335,,,
Moseki,Post Office,2000-03-14 00:00:00,25 km SW of Mafikeng,North West,73.0,,370.0,8.0,8.0,DC38,Mafikeng,,"Ngaka Modiri Molema
",NW383,,,
Moshodo,Post Office,2002-05-01 00:00:00,60 km S of Polokwane,Limpopo,73.0,,328.0,7.0,4.0,DC35,Lepele-Nkumpi,,Capricorn,NP355,,,
Mosukudutzi,River (not specified),2005-07-16 00:00:00,In Mopani District,Limpopo,119.0,Brandboontjies,,,16.0,,Greater Letaba Local Municipality,,Mopani,,Brandboontjies,,
Moswatse,Post Office,2001-10-29 00:00:00,65 km SE of Polokwane,Limpopo,73.0,,349.0,7.0,4.0,DC35,Lepele-Nkumpi,,Capricorn,NP355,,,
Mothomeng,Post Office,2001-08-14 00:00:00,36 km N of Tzaneen,Limpopo,73.0,,342.0,7.0,4.0,DC33,Greater Tzaneen,,Mopani,NP333,,,
Motlatse,River (not specified),2003-11-28 00:00:00,36 km N of Graskop,Mpumalanga,119.0,Blyde,,5.0,4.0,DC32,Thaba Chweu,,Ehlanzeni,MP321,Blyde,,
Motlhabe,Post Office,2001-04-08 00:00:00,70 km NW of Rustenburg,North West,73.0,,265.0,8.0,8.0,DC37,Moses Kotane,,"Bojanala
",NW375,,,
Motlhele,Post Office,2001-08-14 00:00:00,40 km E of Giyani,Limpopo,73.0,,342.0,7.0,4.0,DC33,Greater Giyani,,Mopani,NP331,,,
Motsoaledi View,Township,2001-10-29 00:00:00,12 km SW of Johannesburg (In Soweto),Gauteng,130.0,,273.0,3.0,17.0,,Johannesburg Metro,,Johannesburg Metro,JHB,,The name derives from the name of the former leader of the African National Congress Oliver Reginald Tambo,
Mountain Marsh,Settlement,2005-02-25 00:00:00,12 km S White River,Mpumalanga,105.0,,,5.0,2.0,DC32,Mbombela,,Ehlanzeni,MP322,,,
Moyantshe,Post Office,2001-08-14 00:00:00,10 km SE of Rustenburg,North West,73.0,,266.0,8.0,8.0,DC37,Rustenburg,,Bojanala,NW373,,"""On the podium""",
Mpake,Post Office,2001-04-09 00:00:00,20 km W from Globlersdal,Limpopo,73.0,,307.0,7.0,4.0,,"Elias Motsoaledi Local Municipality
",,Sekhukhune,NP03a5,,,
Mpethu,Village,2006-07-27 00:00:00,±25 km W of Centani: Village Lat: 32° 18' Long: 2,Eastern Cape,106.0,,367.0,1.0,10.0,DC12,Mnquma,,Amathole,EC122,,,
Mphaneng,Post Office,2001-10-29 00:00:00,50 km SE of Polokwane,Limpopo,73.0,,349.0,7.0,4.0,,Fetakgomo,,Sekhukhune,NP03a3,,,
Mphephu,Township,2006-07-27 00:00:00,Lat: 22° 52' Long: 30° 08',Limpopo,130.0,,354.0,7.0,,DC34,Makhado,,Vhembe,NP344,,,
Mputhi,River (not specified),2004-07-16 00:00:00,20 km N of Dutywa,Eastern Cape,119.0,Mphuthi,,1.0,1.0,DC15,King Sabata Dalindyebo,,"O.R.Tambo 
",EC157,Mphuthi,,
Mputhi,Settlement,2004-07-16 00:00:00,20 km N of Dutywa,Eastern Cape,105.0,Mphuthi,,1.0,10.0,DC15,King Sabata Dalindyebo,,"O.R.Tambo 
",EC157,Mphuthi,,
Mputhi,Railway,2006-07-27 00:00:00,± 20 km N Lat: 31° 38' Long: 28° 20' River Lat:,Eastern Cape,78.0,,371.0,1.0,10.0,DC15,King Sabata Dalindyebo,,"O.R.Tambo 
",EC157,,,
Msiza Section,Post Office,2000-03-14 00:00:00,40 km N of Pretoria,North West,73.0,,416.0,8.0,17.0,DC37,Madibeng,,Bojanala,NW372,,,
Mt. Hebron Nature Reserve,Nature Reserve,2001-05-31 00:00:00,,Western Cape,62.0,,15.0,9.0,16.0,DC3,Overstrand,,Overberg,WC032,,,
Mthamvuna,River (not specified),2005-02-25 00:00:00,Boundary between KZN & EC,KwaZulu-Natal,119.0,Mtamvuna,,4.0,10.0,DC21,"Ray Nkonyeni Local Municipality
",,"Ugu
",KZ216,Mtamvuna,,
Mthatha,River (not specified),2004-07-16 00:00:00,,Eastern Cape,119.0,,,1.0,10.0,DC15,King Sabata Dalindyebo,,"O.R.Tambo 
",EC157,,,
Mthatha,Town,2006-07-27 00:00:00,Town Lat: 31° 35' Long: 28° 46' Post Office Lat:,Eastern Cape,111.0,,115.0,1.0,10.0,DC15,King Sabata Dalindyebo,,"O.R.Tambo 
",EC157,,,
Mthatha,Post Office,2006-07-27 00:00:00,Town Lat: 31° 35' Long: 28° 46' Post Office Lat:,Eastern Cape,73.0,,115.0,1.0,10.0,DC15,King Sabata Dalindyebo,,"O.R.Tambo 
",EC157,,,
Mthatha,Railway,2006-07-27 00:00:00,Town Lat: 31° 35' Long: 28° 46' Post Office Lat:,Eastern Cape,78.0,,115.0,1.0,10.0,DC15,King Sabata Dalindyebo,,"O.R.Tambo 
",EC157,,,
Mtilane,River (not specified),2003-05-15 00:00:00,27 km SE of Kaapmuiden,Mpumalanga,119.0,,318.0,5.0,6.0,DC32,Nkomazi,,"Ehlanzeni
",MP324,,,
Muduluni,Post Office,2001-10-29 00:00:00,28 km W of Louis Trichardt (Near Tshilwavhusiku),Limpopo,73.0,,352.0,7.0,9.0,DC34,Makhado,,Vhembe,NP344,,,
Mukomaasinanndu,Settlement,2002-05-01 00:00:00,15 km NE of Thohoyandou,Limpopo,105.0,,354.0,7.0,9.0,DC34,Thulamela,,Vhembe,NP343,,,
Muledane,Post Office,2001-08-14 00:00:00,5 km S of Thohoyandou,Limpopo,73.0,,354.0,7.0,9.0,DC34,Thulamela,,Vhembe,NP343,,,
Murunwa,Settlement,2002-05-01 00:00:00,69 km SE of Musina,Limpopo,105.0,,354.0,7.0,9.0,DC34,Makhado,,Vhembe,NP344,,,
Mushung,Post Office,2000-03-14 00:00:00,26 km NW of Polokwane,Limpopo,73.0,,346.0,7.0,4.0,DC35,Polokwane,,Capricorn,NP354,,,
Musina,Town,2002-05-01 00:00:00,100 km N of Makhado (Louis Trichardt) (Formerly Messina),Limpopo,111.0,Messina,326.0,7.0,17.0,DC34,Musina,,Vhembe,NP341,Messina,,
Muswodi Tshimani,Settlement,2002-05-01 00:00:00,50 km SE of Musina,Limpopo,105.0,,354.0,7.0,9.0,DC34,"Musina Local Municipality
",,Vhembe,NP342,,,
Mutele B,Settlement,2002-05-01 00:00:00,87 km SE of Musina,Limpopo,105.0,,354.0,7.0,9.0,DC34,"Musina Local Municipality
",,Vhembe,NP342,,,
Mxhelo,River (not specified),2005-02-25 00:00:00,14 km W,Eastern Cape,119.0,Mxelo,,1.0,1.0,DC12,"Raymond Mhlaba Local Municipality
",,Amathole,EC127,Mxelo,,
Mxhelo,Village,2005-02-25 00:00:00,14 km W,Eastern Cape,106.0,Mxelo,,1.0,1.0,DC13,Intsika Yethu,,"Chris Hani
",EC135,Mxelo,,
N’wamankena,Post Office,2001-04-09 00:00:00,24 km W of Giyani,Limpopo,73.0,,340.0,7.0,7.0,DC33,Greater Letaba,,Mopani,NP332,,,
N12 Highway Park,Town,2000-09-07 00:00:00,6 km E of Benoni,Gauteng,111.0,,276.0,3.0,2.0,,Ekurhuleni Metro,,"Ekurhuleni Metropolitan Municipality
",EKU,,,
Nancefield,Post Office,2000-03-14 00:00:00,26 km NW of Musina,Limpopo,73.0,,326.0,7.0,2.0,DC34,Musina,,Vhembe,NP341,,,
Nandoni,Dam,2002-05-01 00:00:00,14 km E of Thohoyandou,Limpopo,23.0,,354.0,7.0,9.0,DC34,Thulamela,,Vhembe,NP343,,,
Nature on Sea,Group of huts,2000-05-31 00:00:00,,Western Cape,104.0,,19.0,9.0,16.0,DC4,Mossel Bay,,"Garden Route
",WC043,,,
Ncerha,River (not specified),2005-02-25 00:00:00,14 km W,Eastern Cape,119.0,Ncera,,1.0,10.0,DC12,Nkonkobe,,Amathole,EC127,Ncera,,
Ncerha,Village,2005-02-25 00:00:00,35 km SW,Eastern Cape,106.0,,,1.0,10.0,DC12,Nkonkobe,,Amathole,EC127,,,
Ncorha,River (not specified),2004-07-16 00:00:00,+- 25 km NE of Cofimvaba Village,Eastern Cape,119.0,Ncora,,1.0,10.0,DC13,"Engcobo Local Municipality
",,"Chris Hani
",EC135,Ncora,,
Ncorha,Village,2006-07-27 00:00:00,+- 25 km NE of Cofimvaba Village Lat: Long: Dam,Eastern Cape,106.0,,111.0,1.0,10.0,DC13,"Engcobo Local Municipality
",,"Chris Hani
",EC135,,,
Ncorha,Hill,2006-07-27 00:00:00,+- 25 km NE of Cofimvaba Village Lat: Long: Dam,Eastern Cape,37.0,,111.0,1.0,10.0,DC13,"Engcobo Local Municipality
",,"Chris Hani
",EC135,,,
Ncorha,Dam,2006-07-27 00:00:00,+- 25 km NE of Cofimvaba Village Lat: Long: Dam,Eastern Cape,23.0,,111.0,1.0,10.0,DC13,"Engcobo Local Municipality
",,"Chris Hani
",EC135,,,
Nelly,Post Office,2001-08-14 00:00:00,8 km S of Galebelo RPA,Limpopo,73.0,,345.0,7.0,2.0,DC36,Mogalakwena,,Waterberg,NP367,,,
Nelson Mandela Metropolitan University,Post Office,2005-07-01 00:00:00,In Mt Fletcher,Eastern Cape,73.0,UPE Post Office,,1.0,10.0,,Nelson Mandela Metro,,"Nelson Mandela Bay
",NMA,UPE Post Office,,
Ngcobo,Town,2006-07-27 00:00:00,Lat: 31° 40' Long: 27° 59',Eastern Cape,111.0,,96.0,1.0,,DC13,Engcobo,,"Chris Hani
",EC137,,,
Nghalalume,Post Office,2001-10-29 00:00:00,14 km NW Giyani,Limpopo,73.0,,340.0,7.0,7.0,DC33,Greater Giyani,,Mopani,NP331,,,
Ngonini,Settlement,2009-09-18 00:00:00,,Mpumalanga,,Diepgezet,,,,,Chief Albert Luthuli,,Gert Sibande,,Change of Name,,
Ngqamakhwe,River (not specified),2004-05-28 00:00:00,,Eastern Cape,119.0,Nqamakwe,,1.0,10.0,DC12,Mnquma,,"Amathole
",EC122,Nqamakwe,,
Ngqamakhwe,Town,2006-07-27 00:00:00,,Eastern Cape,111.0,,108.0,1.0,10.0,DC12,Mnquma,,"Amathole
",EC122,,,
Ngqika,Railway,2006-07-27 00:00:00,±47 km S of Cathcart Settlement Lat: 32° 20' Long,Eastern Cape,78.0,,55.0,1.0,10.0,DC12,Amahlathi,,"Amathole
",EC124,,,
Ngqika,Town,2006-07-27 00:00:00,±47 km S of Cathcart Settlement Lat: 32° 20' Long,Eastern Cape,111.0,,55.0,1.0,10.0,DC12,Amahlathi,,"Amathole
",EC124,,,
Ngqushwa,River (not specified),2004-07-16 00:00:00,,Eastern Cape,119.0,Ngqushwa,,1.0,10.0,DC12,Ngqushwa,,"Amathole
",EC126,Ngqushwa,,
Ngqushwa,,2006-07-27 00:00:00,Lat: 33° 12'' Long: 27° 06',Eastern Cape,,,92.0,1.0,10.0,DC12,Ngqushwa,,"Amathole
",EC126,,,
Ngudza,Post Office,2001-10-29 00:00:00,10 km E of Sibasa,Limpopo,73.0,,354.0,7.0,9.0,DC34,Thulamela,,Vhembe,NP343,,,
Ngwabitsi,Post Office,2001-10-29 00:00:00,30 km SE of Tzaneen,Limpopo,73.0,,350.0,7.0,4.0,DC33,Greater Tzaneen,,Mopani,NP333,,,
Ngweding,Post Office,2001-08-14 00:00:00,58 km NW of Rustenburg,North West,73.0,,265.0,8.0,8.0,DC37,Moses Kotane,,Bojanala,NW375,,,
Nkaikela,Settlement,2001-08-14 00:00:00,9 km NE of Gopane,North West,105.0,,406.0,8.0,8.0,DC38,Ramotshere Moiloa,,"Ngaka Modiri Molema
",NW385,,,
Nkambako,Post Office,2001-08-14 00:00:00,147 km NE of Polokwane,Limpopo,73.0,,339.0,7.0,7.0,DC35,"Polokwane Local Municipality
",,Capricorn,NP352,,,
Nkhensani,Post Office,2001-08-14 00:00:00,36 km E of Louis Tritchadt,Limpopo,73.0,,329.0,7.0,7.0,DC34,Makhado,,Vhembe,NP344,,,
Nkidikitlana,Post Office,2000-03-14 00:00:00,12 km NW of Rebone,Limpopo,73.0,,345.0,7.0,4.0,DC36,Mogalakwena,,Waterberg,NP367,,,
Nkogolwe,Post Office,2001-08-14 00:00:00,107 km NW of Rustenburg,North West,73.0,,265.0,8.0,8.0,DC37,Moses Kotane,,Bojanala,NW375,,,
Nobhokhwe,Settlement,2006-07-27 00:00:00,Lat: 31° 54' Long: 27° 52',Eastern Cape,105.0,,111.0,1.0,10.0,DC13,Intsika Yethu,,"Chris Hani
",EC135,,,
Nokaneng,Town,2006-09-01 00:00:00,43 km W of Siyabuswa,Mpumalanga,111.0,,,5.0,8.0,DC31,Dr JS Moroka,,Nkangala,MP316,,,
Nothintsila,Post Office,2005-02-25 00:00:00,16 km SE,Eastern Cape,73.0,,,1.0,10.0,DC15,Nyandeni,,"O.R.Tambo
",EC155,,,
Nothintsila,Forest,2005-02-25 00:00:00,16 km SE,Eastern Cape,132.0,,,1.0,10.0,DC15,Nyandeni,,"O.R.Tambo
",EC155,,,
Nqabarha,Settlement,2006-07-27 00:00:00,Village Lat: 32° 20' Long: 28° 47' River Lat: 32,Eastern Cape,105.0,,116.0,1.0,10.0,DC12,Mbhashe,,Amathole,EC121,,,
Nsimbi,Settlement,2002-05-01 00:00:00,34 km NE of Thohoyandou,Limpopo,105.0,,335.0,7.0,7.0,DC34,"Collins Chabane Local Municipality
",,Vhembe,NP343,,,
Nsizwane,Settlement,2006-03-03 00:00:00,76 km S of Komartipoort,Mpumalanga,105.0,,,5.0,6.0,DC32,Nkomazi,,Ehlanzeni,MP324,,,
Ntabankulu,Forest,2005-02-25 00:00:00,,Eastern Cape,132.0,Tabankulu,,1.0,10.0,DC15,Ntabankulu,,"Alfred Nzo
",EC152,Tabankulu,,
Ntshingwayo,Dam,2001-04-08 00:00:00,24 km S of Newcastle,KwaZulu-Natal,23.0,,227.0,4.0,17.0,DC26,Abaqulusi,,Zululand,KZ263,,,
Ntsikelelo,Settlement,2006-07-27 00:00:00,±13 km E from Upington Lat: 28° 45' Long: 21° 22',Northern Cape,105.0,,136.0,6.0,10.0,DC8,!Kheis,,"Z F Mgcawu
",NC084,,,
Ntswana-le-Metsing,Post Office,2001-10-29 00:00:00,58 km NW of Rustenburg (Near Mogwase),North West,73.0,,265.0,8.0,8.0,DC37,Moses Kotane,,Bojanala,NW375,,,
Ntsweletsoku,Post Office,2000-09-22 00:00:00,17 km NW,North West,73.0,,,8.0,8.0,DC38,Ramotshere Moiloa,,"Ngaka Modiri Molema
",NW385,,,
Nwanedi,Dam,2002-05-01 00:00:00,46 km SE of Musina,Limpopo,23.0,,354.0,7.0,9.0,DC34,"Thulamela Local Municipality
",,Vhembe,NP342,,,
Nyorwe,Post Office,2001-10-29 00:00:00,11km NW of Rantebeng RPA,North West,73.0,,446.0,8.0,8.0,DC37,Moretele,,Bojanala,NW371,,,
Obakeng,Post Office,2001-04-09 00:00:00,89 km N of Madikwe,North West,73.0,,256.0,8.0,8.0,DC37,Moses Kotane,,Bojanala,NW375,,,
Odinburg,Post Office,2000-03-14 00:00:00,90 km NW of Pretoria,Gauteng,73.0,,416.0,3.0,1.0,TSH,Tshwane Metro,,Tshwane Metro,TSH,,test1,
oGodlwayo,Village,2006-06-30 00:00:00,2731AD,KwaZulu-Natal,106.0,Godlwayo,,4.0,11.0,DC26,UPhongolo,,Zululand,KZ262,Godlwayo,,
Ogwini,Post Office,2001-04-08 00:00:00,5 km W of Umzinto,KwaZulu-Natal,73.0,,374.0,4.0,11.0,DC21,Umdoni,,Ugu,KZ212,,,
Oorkantste Dam,Dam,2000-05-31 00:00:00,,Western Cape,23.0,,27.0,9.0,16.0,DC2,Witzenberg,,"Cape Winelands
",WC022,,,
Orlando Ekhaya,Town,2006-06-30 00:00:00,"10 km SW of the Johannesburg CBD and 500 m E of the Baragwanath Node, Soweto.",Gauteng,111.0,,,3.0,2.0,,Johannesburg Metro,,Johannesburg Metro,JHB,,The name derives from the name of the former leader of the African National Congress Oliver Reginald Tambo,
Ormonde Heights,Residential Township,2002-10-01 00:00:00,1 km from Soweto 8 km from middle Johannesburg,Gauteng,131.0,,273.0,3.0,2.0,,Johannesburg Metro,,Johannesburg Metro,JHB,,The name derives from the name of the former leader of the African National Congress Oliver Reginald Tambo,
Ormonde View,Town,2006-07-27 00:00:00,6 km from NE of middle Johannesburg,Gauteng,111.0,,273.0,3.0,2.0,,Johannesburg Metro,,Johannesburg Metro,JHB,,The name derives from the name of the former leader of the African National Congress Oliver Reginald Tambo,
Pearly Beach,Post Office,2001-08-14 00:00:00,21 km E of Gansbaai,Western Cape,73.0,,14.0,9.0,2.0,DC3,Overstrand,,"Overberg
",WC032,,,
Phadi,Post Office,2001-04-09 00:00:00,81 km NW of Rustenburg,North West,73.0,,265.0,8.0,8.0,DC37,Moses Kotane,,"Bojanala
",NW375,,,
Phalala,Post Office,2000-09-07 00:00:00,80 km E of Lephalale,Limpopo,73.0,,345.0,7.0,4.0,DC36,Lephalale,,"Capricorn
",NP362,,,
Phantsi kwentaba,Post Office,2001-04-09 00:00:00,20 km W of Umtata,Eastern Cape,73.0,,115.0,1.0,10.0,DC14,Elundini,,"Joe Gqabi
",EC141,,,
Phaweni,Settlement,2002-05-01 00:00:00,37 km E of Thohoyandou,Limpopo,105.0,,335.0,7.0,7.0,DC34,"Collins Chabane Local Municipality
",,Vhembe,NP343,,,
Phiva,Post Office,2000-03-14 00:00:00,40 km E of Malelane,Mpumalanga,73.0,,318.0,5.0,6.0,DC32,Nkomazi,,Ehlanzeni,MP324,,,
Phobane Lake,Dam,2001-10-29 00:00:00,25 km NW (Near Umlalazi),KwaZulu-Natal,23.0,,233.0,4.0,17.0,DC28,uMlalazi,,"King Cetshwayo
",KZ284,,,
Phuti,Post Office,2001-08-14 00:00:00,80 km N of Polokwane,Limpopo,73.0,,346.0,7.0,4.0,DC35,Molemole,,Capricorn,NP353,,,
Piriguhgas,Pan,2006-07-27 00:00:00,60 km North of Twee River rest camp,Northern Cape,67.0,,136.0,6.0,,DC8,Mier,,"Z F Mgcawu
",NC081,,,
Pirintsho,Town,2005-07-01 00:00:00,+- 38 km NE Mt Fletcher,Eastern Cape,111.0,Pirintsu,,1.0,5.0,DC14,Elundini,,"Joe Gqabi
",EC141,Pirintsu,,
Pitsong,Post Office,2001-04-08 00:00:00,30 km E of Taung,North West,73.0,,431.0,8.0,8.0,DC39,Greater Taung,,"Dr Ruth Segomotsi Mompati
",NW394,,,
Platklip,Post Office,2001-08-14 00:00:00,15 km W of Nebo,Limpopo,73.0,,348.0,7.0,1.0,DC35,Lepele-Nkumpi,,Capricorn,NP355,,,
Polokwane North,Post Office,2005-02-25 00:00:00,Situated within the CBD,Limpopo,73.0,,,,17.0,,Polokwane Local Municipality,,Capricorn,,,,
Posaito,Settlement,2002-05-01 00:00:00,63 km SE of Musina,Limpopo,105.0,,354.0,7.0,9.0,DC34,Makhado,,Vhembe,NP344,,,
Qholorha,River (not specified),2004-07-16 00:00:00,,Eastern Cape,119.0,Qolora,,1.0,10.0,DC12,"Great Kei Local Municipality
",,"Amathole
",EC122,Qolora,,
Qholorha,,2006-07-27 00:00:00,River Lat: 32° 47' Long: 27° 51',Eastern Cape,,,367.0,1.0,10.0,DC12,"Great Kei Local Municipality
",,"Amathole
",EC122,,,
Qholorha,Settlement,2006-07-27 00:00:00,Settlement Lat: 32° 33' Long: 28 17',Eastern Cape,105.0,,367.0,1.0,10.0,DC12,Mnquma,,"Amathole
",EC122,,,
Qhorha,River (not specified),2004-07-16 00:00:00,,Eastern Cape,119.0,Qora,,1.0,10.0,DC12,Mbhashe,,Amathole,EC121,Qora,,
Qhorha,,2006-07-27 00:00:00,Lat: 32° 26' Long:28° 40',Eastern Cape,,,116.0,1.0,10.0,DC12,Mbhashe,,Amathole,EC121,,,
Qhumanco,River (not specified),2005-02-25 00:00:00,33 km NE,Eastern Cape,119.0,Qumanco,,1.0,10.0,DC13,Engcobo,,"Chris Hani
",EC137,Qumanco,,
Qhumanco,Village,2005-02-25 00:00:00,33 km NE,Eastern Cape,106.0,,,1.0,10.0,DC13,Intsika Yethu,,"Chris Hani
",EC135,,,
Rabokala,Post Office,2000-03-14 00:00:00,25 km NE of Brits,North West,73.0,,267.0,8.0,8.0,DC37,Madibeng,,Bojanala,NW372,,,
Radikhudu,Settlement,2001-08-14 00:00:00,near Gopane,North West,105.0,,396.0,8.0,8.0,DC38,Ramotshere Moiloa,,"Ngaka Modiri Molema
",NW385,,,
Ramagopola,Post Office,2002-05-01 00:00:00,197 km N of Polokwane,Limpopo,73.0,,344.0,7.0,4.0,DC35,Polokwane,,Capricorn,NP354,,,
Ramatshaba,Post Office,2001-04-09 00:00:00,56 km NW of Rustenburg,North West,73.0,,265.0,8.0,8.0,DC37,Moses Kotane,,Bojanala,NW375,,,
Rametloana Ga Rametloana,Post Office,2002-05-01 00:00:00,47 km W of Polokwane,Limpopo,73.0,,346.0,7.0,4.0,DC35,"Polokwane Local Municipality
",,Capricorn,NP352,,,
Rammobola,Post Office,2001-08-14 00:00:00,56 km W of Polokwane,Limpopo,73.0,,346.0,7.0,4.0,DC35,Lepele-Nkumpi,,Capricorn,NP355,,,
Ramokgeletsane,Post Office,2001-04-09 00:00:00,80 km NW of Siyabuswa,Mpumalanga,73.0,,320.0,5.0,4.0,DC31,Dr JS Moroka,,Nkangala,MP316,,,
Ramongwana,Post Office,2001-10-29 00:00:00,23 km N of Polokwane,Limpopo,73.0,,346.0,7.0,4.0,DC35,Polokwane,,Capricorn,NP354,,,
Ramotse,Post Office,2000-03-14 00:00:00,6 km W of Hammanskraal,Gauteng,73.0,,446.0,3.0,8.0,,Tshwane Metro,,Tshwane Metro,TSH,,test1,
Ramotšhinyadi,Post Office,2000-09-07 00:00:00,62 km N of Tzaneen,Limpopo,73.0,,342.0,7.0,4.0,DC33,Greater Tzaneen,,"Mopani
",NP333,,,
Rampepe,Post Office,2001-08-14 00:00:00,45 km E of Duiwelskloof,Limpopo,73.0,,340.0,7.0,4.0,DC33,Greater Letaba,,"Mopani
",NP332,,,
Ratsagae,Township,2001-04-08 00:00:00,19 km S of Moedwil,North West,130.0,,393.0,8.0,8.0,DC37,Kgetlengrivier,,Bojanala,NW374,,,
Reagile,Village Settlement,2001-08-14 00:00:00,18 km E of Gopane,North West,127.0,,406.0,8.0,8.0,DC38,Ramotshere Moiloa,,"Ngaka Modiri Molema
",NW385,,,
RedutSe,Village,2009-09-18 00:00:00,,Mpumalanga,,Toitskraal,,,,,Dr J S Moroka,,Nkangala,,Change of Name,,
Refentse,Post Office,2000-03-14 00:00:00,12 km W of Hammanskraal,Gauteng,73.0,,446.0,3.0,8.0,,Tshwane Metro,,Tshwane Metro,TSH,,test1,
Refitlhile,Post Office,2001-08-14 00:00:00,71 km NW of Rustenburg,North West,73.0,,265.0,8.0,8.0,DC37,Moses Kotane,,Bojanala,NW375,,,
Rheinland,Post Office,2006-07-27 00:00:00,73 km NW of Polokwane,Limpopo,73.0,,344.0,7.0,14.0,DC35,"Molemole Local Municipality
",,Capricorn,NP352,,,
Riverside Township,Town,2005-07-01 00:00:00,2 km from North of Lanseria Airport,Gauteng,111.0,,,3.0,2.0,DC48,"Mogale City Local Municipality
",,"West Rand
",GTDMA48,,,
Roodeplaat,Post Office,2001-10-29 00:00:00,12 km N of East Lynne (Partof Pretoria),Gauteng,73.0,,272.0,3.0,1.0,DC46,"City of Tshwane Metropolitan Municipality
",,"City of Tshwane Metropolitan Municipality
",GT02b1,,,
Rooiboklaagte,Post Office,2000-03-14 00:00:00,8 km E of Acornhoek,Mpumalanga,73.0,,315.0,5.0,1.0,DC32,Bushbuckridge,,Ehlanzeni,MP325,,,
Rosedale,Post Office,2004-10-01 00:00:00,6 km NW,Eastern Cape,73.0,Gambleville,,1.0,2.0,,Nelson Mandela Metro,,"Nelson Mandela Bay Metropolitan Municipality
",NMA,Gambleville,,
Sambandou,Area,2002-05-01 00:00:00,34 km NE of Thohoyandou,Limpopo,7.0,,354.0,7.0,9.0,DC34,Thulamela,,Vhembe,NP343,,,
Sanaha,Post Office,2001-08-14 00:00:00,97 km W Louis Ttrichart,Limpopo,73.0,,344.0,7.0,4.0,DC35,Blouberg,,Capricorn,NP351,,,
Sanari,Settlement,2002-05-01 00:00:00,84 km SE of Musina,Limpopo,105.0,,354.0,7.0,9.0,DC34,"Musina Local Municipality
",,Vhembe,NP342,,,
Saselamani,Settlement,2002-05-01 00:00:00,42 km NE of Thohoyandou,Limpopo,105.0,,335.0,7.0,7.0,DC34,"Collins Chabane Local Municipality
",,Vhembe,NP343,,,
Saul Mkhizeville,Village,2009-09-18 00:00:00,,Mpumalanga,,,,,,,Mkhondo,,Gert Sibande,,Registration of Name,,
Scroda,Dam,2002-05-01 00:00:00,66 km NW of Musina,Limpopo,23.0,,326.0,7.0,16.0,DC34,Musina,,Vhembe,NP341,,,
Seabe,Settlement,2003-05-15 00:00:00,37 km NWW of Siyabuswa (Formerly De Putten),Mpumalanga,105.0,De Putten,324.0,5.0,8.0,DC31,Dr JS Moroka,,Nkangala,MP316,De Putten,,
Sefogane,River (not specified),2003-05-15 00:00:00,19 km N of Graskop (Formerly Treur River),Limpopo,119.0,Treur River,315.0,7.0,4.0,DC36,Mookgopong,,"Waterberg
",NP364,Treur River,,
Segakwaneng,Post Office,2000-03-14 00:00:00,60 km NW of Rustenburg,North West,73.0,,259.0,8.0,8.0,DC37,Moses Kotane,,Bojanala,NW375,,,
Sehibidwe,Post Office,2001-04-09 00:00:00,10 km S of Madikwe,North West,73.0,,256.0,8.0,8.0,DC37,Moses Kotane,,Bojanala,NW375,,,
Sehujwane Dam,Dam,2001-08-14 00:00:00,14 km E of Gopane,North West,23.0,,406.0,8.0,17.0,DC38,Ramotshere Moiloa,,"Ngaka Modiri Molema
",NW385,,,
Sekakene,Post Office,2001-08-14 00:00:00,65 km N of Polokwane,Limpopo,73.0,,343.0,7.0,4.0,DC33,Greater Tzaneen,,Mopani,NP333,,,
Sekampaneng,Post Office,2000-03-14 00:00:00,5km W of Hammanskraal,Gauteng,73.0,,446.0,3.0,8.0,,Tshwane Metro,,Tshwane Metro,TSH,,test1,
Sekgweng,Post Office,2001-08-14 00:00:00,45 km E of  Polokwane,Limpopo,73.0,,328.0,7.0,7.0,DC33,Greater Tzaneen,,Mopani,NP333,,,
Sekororo,Post Office,2002-05-01 00:00:00,57 km SE of Tzaneen,Limpopo,73.0,,350.0,7.0,4.0,DC33,Maruleng,,"Mopani
",NP335,,,
Selepe,Post Office,2001-08-14 00:00:00,11km SW of Bedwang RPA,Gauteng,73.0,,446.0,3.0,8.0,DC46,"City of Tshwane Metropolitan Municipality
",,"City of Tshwane Metropolitan Municipality
",GT02b1,,,
Semoriši,Post Office,2001-08-14 00:00:00,75 km W of Polokwane,Limpopo,73.0,,346.0,7.0,4.0,DC35,"Polokwane Local Municipality
",,Capricorn,NP352,,,
Sendedza,Settlement,2002-05-01 00:00:00,62 km SE of Musina,Limpopo,105.0,,354.0,7.0,9.0,DC34,Makhado,,Vhembe,NP344,,,
Sengatane,Post Office,2000-03-14 00:00:00,25 km W of Polokwane,Limpopo,73.0,,346.0,7.0,4.0,DC35,Polokwane,,Capricorn,NP354,,,
Senoko,Post Office,2001-08-14 00:00:00,33 km W of Polokwane,Limpopo,73.0,,346.0,7.0,4.0,,Makhuduthamaga,,"Sekhukhune
",NP03a2,,,
Senwabarwana,Town,2006-07-27 00:00:00,80 km NW of Polokwane,Limpopo,111.0,,344.0,7.0,4.0,DC34,Makhado,,Vhembe,NP344,,,
Seoding,Post Office,2001-08-14 00:00:00,15 km W of  Mothibistad,Limpopo,73.0,,252.0,7.0,8.0,DC36,Lephalale,,Waterberg,NP362,,,
Seolwanetutjane,Post Office,2000-09-07 00:00:00,36 km W of Polokwane,Limpopo,73.0,,346.0,7.0,4.0,DC35,"Polokwane Local Municipality
",,Capricorn,NP352,,,
Sephai,Post Office,2000-09-07 00:00:00,67 km NW of Brits,North West,73.0,,416.0,8.0,8.0,DC37,Madibeng,,Bojanala,NW372,,,
Setotoloane,Post Office,2001-10-29 00:00:00,21 km NW of Polokwane,Limpopo,73.0,,346.0,7.0,4.0,DC35,Polokwane,,Capricorn,NP354,,,
Shakung,Post Office,2000-09-07 00:00:00,40 km N of Pretoria,North West,73.0,,416.0,8.0,8.0,DC37,Madibeng,,Bojanala,NW372,,,
Shanzhe,Settlement,2002-05-01 00:00:00,34 km NE of Thohoyandou,Limpopo,105.0,,354.0,7.0,9.0,DC34,"Collins Chabane Local Municipality
",,"Vhembe
",NP343,,,
Shotoni,Village,2006-06-30 00:00:00,10 km E of Bolobedu magistrate’s office,Limpopo,106.0,Shotong,,7.0,16.0,DC33,Greater Tzaneen,,Mopani,NP333,Shotong,,
Sigonde,Settlement,2002-05-01 00:00:00,68 km SE of Musina,Limpopo,105.0,,354.0,7.0,9.0,DC34,"Musina Local Municipality
",,Vhembe,NP342,,,
Siloam,Settlement,2002-05-01 00:00:00,63 km SE of Musina,Limpopo,105.0,,354.0,7.0,14.0,DC34,Makhado,,Vhembe,NP344,,,
Sincobile,Settlement,2004-05-28 00:00:00,,Mpumalanga,105.0,,,5.0,,DC32,"City of Mbombela Local Municipality
",,"Ehlanzeni
",MP323,,,
Siphiwo Mazwayi,Post Office,2001-04-09 00:00:00,4 km NE of Grahamstown City,Eastern Cape,73.0,,64.0,1.0,10.0,DC10,Makana,,"Sarah Baartman
",EC104,,,
Slagboom,Post Office,2001-08-14 00:00:00,19 km SW of Rantebeng RPA,North West,73.0,,446.0,8.0,1.0,DC37,Moretele,,Bojanala,NW371,,,
Somaroboro,Village,2009-09-18 00:00:00,,Mpumalanga,,"Tweefontein E, F,G,H,&J",,,,,Thembisile,,Nkangala,,Registration of Name,,
Somphalali,Settlement,2005-02-25 00:00:00,,Mpumalanga,105.0,,,5.0,3.0,DC31,Thembisile,,"Nkangala
",MP315,,,
Songeni,Post Office,2000-03-14 00:00:00,8 km S of Thulamahashe,Mpumalanga,73.0,,338.0,5.0,7.0,DC32,Bushbuckridge,,"Ehlanzeni
",MP325,,,
Steve Vukile Tshwethe,Police Station,2005-02-25 00:00:00,25 km NE Bhisho,Eastern Cape,72.0,,,,10.0,,Amahlathi Local Municipality,821958.0,Amathole,,,,
Strydomsdrift,Town,2001-05-31 00:00:00,,Limpopo,111.0,,345.0,7.0,16.0,DC36,Lephalale,,Waterberg,NP362,,,
Summerfields,Town,2005-07-01 00:00:00,Adjacent to Crystal Park,Gauteng,111.0,Crystal Park Ext 17,,3.0,2.0,,Ekurhuleni Metro,,"Ekurhuleni Metropolitan Municipality
",EKU,Crystal Park Ext 17,,
Sutelong,Post Office,2006-09-15 00:00:00,7 km NW of Rantenbeng RPA,North West,73.0,,,8.0,8.0,DC37,Moretele,,"Bojanala
",NW371,,,
Suurman,Post Office,2006-09-15 00:00:00,8 km NW of Moretele,Gauteng,73.0,,,3.0,1.0,,Tshwane Metro,,Tshwane Metro,TSH,,test1,
Thabana,Village,2006-03-03 00:00:00,10 km SW of Mdutjana,Limpopo,106.0,Vrieskraal,,7.0,4.0,,Greater Groblersdal,,Sekhukhune,NP03a5,Vrieskraal,,
Thabatha,River (not specified),2005-02-25 00:00:00,13 km W Queenstown,Limpopo,119.0,Tabata,,7.0,10.0,,Greater Groblersdal,,Sekhukhune,NP03a5,Tabata,,
Thamagane,Post Office,2001-08-14 00:00:00,67 km S of Polokwane,Limpopo,73.0,,347.0,7.0,4.0,,"Ephraim Mogale Local Municipality
",,"Sekhukhune
",NP03a4,,,
Thanga,River (not specified),2004-07-16 00:00:00,15 km W of Butterworth Village,Eastern Cape,119.0,Tanga,,1.0,10.0,DC12,Great Kei,,Amathole,EC123,Tanga,,
Thanga,Village,2006-07-27 00:00:00,15 km W of Butterworth Village Lat: 32° 34' Long:,Eastern Cape,106.0,,94.0,1.0,10.0,DC12,Great Kei,,Amathole,EC123,,,
Thanga,Railway,2006-07-27 00:00:00,15 km W of Butterworth Village Lat: 32° 34' Long:,Eastern Cape,78.0,,94.0,1.0,10.0,DC12,Great Kei,,Amathole,EC123,,,
Thapelo,Post Office,2000-03-14 00:00:00,17 km NW of Schweizer-Reneke,North West,73.0,,259.0,8.0,8.0,DC39,Mamusa,,"Dr Ruth Segomotsi Mompati
",NW393,,,
The Oaks-Berg Dam,Dam,2000-05-31 00:00:00,,Western Cape,23.0,,15.0,9.0,16.0,DC3,Theewaterskloof,,"Overberg
",WC031,,,
The Village,Post Office,2001-04-09 00:00:00,3 km S of Nelspruit Centre,Mpumalanga,73.0,,314.0,5.0,2.0,DC32,Mbombela,,Ehlanzeni,MP322,,,
Theewaterskloof Conservation Area,Nature Reserve,2001-05-31 00:00:00,,Western Cape,62.0,,15.0,9.0,16.0,DC3,Theewaterskloof,,"Overberg 
",WC031,,,
Theewaterskloof Nature Reserve,Nature Reserve,2001-05-31 00:00:00,,Western Cape,62.0,,15.0,9.0,16.0,DC3,Theewaterskloof,,"Overberg 
",WC031,,,
Thina,River (not specified),2004-07-16 00:00:00,,Eastern Cape,119.0,Tina,,1.0,10.0,DC15,Ntabankulu,,"Alfred Nzo
",EC152,Tina,,
Thina,,2006-07-27 00:00:00,Lat: 31° 17' Long: 29° 13',Eastern Cape,,,110.0,1.0,10.0,DC15,Ntabankulu,,"Alfred Nzo
",EC152,,,
Thokwano,River (not specified),2005-07-01 00:00:00,+- 23 km NE Mt Fletcher,Eastern Cape,119.0,Tshokwana,,1.0,5.0,DC14,Elundini,,"Joe Gqabi
",EC141,Tshokwana,,
Thokwano,Settlement,2005-07-01 00:00:00,+- 23 km NE Mt Fletcher,Eastern Cape,105.0,Tshokwana,,1.0,5.0,DC14,Elundini,,"Joe Gqabi
",EC141,Tshokwana,,
Thombo,Post Office,2005-02-25 00:00:00,,Eastern Cape,73.0,Tombo,,1.0,10.0,DC15,Port St Johns,,"O.R.Tambo
",EC154,Tombo,,
Thombo,Village,2005-02-25 00:00:00,,Eastern Cape,106.0,Tombo,,1.0,10.0,DC15,Port St Johns,,"O.R.Tambo
",EC154,Tombo,,
Thononda,Post Office,2001-08-14 00:00:00,28 km W of Thohoyandou,Limpopo,73.0,,354.0,7.0,9.0,DC34,"Collins Chabane Local Municipality
",,Vhembe,NP344,,,
Thora,Post Office,2000-09-07 00:00:00,38 km S of Engcobo,Eastern Cape,73.0,,96.0,1.0,10.0,DC13,"Engcobo Local Municipality
",,"Chris Hani
",EC135,,,
Thorp,Post Office,2001-08-14 00:00:00,190 km N of Bochum,Limpopo,73.0,,344.0,7.0,2.0,DC36,Lephalale,,"Waterberg
",NP362,,,
Tjiane,Post Office,2002-05-01 00:00:00,75 km SE of Polokwane,Limpopo,73.0,,347.0,7.0,4.0,DC36,Lephalale,,"Waterberg 
",NP362,,,
Tladistad,Post Office,2000-09-07 00:00:00,10 km NW of Makapanstad,North West,73.0,,269.0,8.0,17.0,DC37,Moretele,,"Bojanala
",NW371,,,
Tlapa,Post Office,2000-03-14 00:00:00,17 km N of Marikana,North West,73.0,,266.0,8.0,8.0,DC37,Rustenburg,,Bojanala,NW373,,"""On the podium""",
Tlhotlhokwe,Post Office,2001-08-14 00:00:00,60 km N of Duiwelskloof,Limpopo,73.0,,342.0,7.0,4.0,DC33,Maruleng,,Mopani,NP335,,,
Tloonane,Post Office,2000-09-07 00:00:00,10 km SW of Makekeng,North West,73.0,,446.0,8.0,8.0,DC37,Moretele,,Bojanala,NW371,,,
Tonga-View,Post Office,2001-08-14 00:00:00,45 km E of Malelane,Mpumalanga,73.0,,318.0,5.0,2.0,DC32,Nkomazi,,Ehlanzeni,MP324,,,
Toyise,Railway,2005-07-01 00:00:00,,Eastern Cape,78.0,Toise,,1.0,10.0,DC12,Amahlathi,,"Amathole
",EC124,Toise,,
Toyise,Area,2005-07-01 00:00:00,,Eastern Cape,7.0,Toise,,1.0,10.0,DC12,Amahlathi,,"Amathole
",EC124,Toise,,
Toyise,River (not specified),2005-07-01 00:00:00,,Eastern Cape,119.0,Toise,,1.0,10.0,DC12,Amahlathi,,"Amathole
",EC124,Toise,,
Transactie,Post Office,2001-08-14 00:00:00,7 km W of Bedwang,North West,73.0,,446.0,8.0,14.0,DC37,Moretele,,Bojanala,NW371,,,
Tshamahansi,Post Office,2001-08-14 00:00:00,15 km N of Mhwelereng,Limpopo,73.0,,330.0,7.0,7.0,DC36,Mogalakwena,,Waterberg,NP367,,,
Tshamulungwini,Post Office,2001-10-29 00:00:00,40 km N of Mutale,Limpopo,73.0,,329.0,7.0,9.0,DC34,"Thulamela Local Municipality
",,Vhembe,NP342,,,
Tshebedi,Post Office,2001-08-14 00:00:00,50 km W of Polokwane,Limpopo,73.0,,346.0,7.0,4.0,DC35,Polokwane,,"Capricorn
",NP354,,,
Tshepiso,Post Office,2000-09-07 00:00:00,4 km NE of Welkom,Free State,73.0,,155.0,2.0,2.0,DC18,Matjhabeng,,"Lejweleputswa
",FS184,,,
Tshianzwi,Settlement,2002-05-01 00:00:00,55 km NE of Thohoyandou,Limpopo,105.0,,354.0,7.0,9.0,DC34,"Thulamela Local Municipality
",,Vhembe,NP342,,,
Tshidimbini,Settlement,2002-05-01 00:00:00,17 km NE of Thohoyandou,Limpopo,105.0,,354.0,7.0,9.0,DC34,Thulamela,,Vhembe,NP343,,,
Tshikambe,Settlement,2002-05-01 00:00:00,8 km NW of Thohoyandou,Limpopo,105.0,,354.0,7.0,9.0,DC34,Thulamela,,Vhembe,NP343,,,
Tshikhudini,Settlement,2002-05-01 00:00:00,7 km E of Thohoyandou,Limpopo,105.0,,354.0,7.0,9.0,DC34,Thulamela,,Vhembe,NP343,,,
Tshikombani,Settlement,2002-05-01 00:00:00,61 km SE of Musina,Limpopo,105.0,,352.0,7.0,9.0,DC34,Thulamela,,Vhembe,NP343,,,
Tšhilwaneng,Post Office,2001-04-08 00:00:00,15 km NE of Groblersdal,Limpopo,73.0,,348.0,7.0,4.0,,"Elias Motsoaledi Local Municipality
",,"Sekhukhune
",NP03a5,,,
Tshirolwe,Post Office,2001-08-14 00:00:00,6 km W of Dzanani,Limpopo,73.0,,352.0,7.0,9.0,DC34,Makhado,,Vhembe,NP344,,,
Tshisaulu,Post Office,2001-10-29 00:00:00,11 km S of Thohoyandou,Limpopo,73.0,,354.0,7.0,9.0,DC34,Thulamela,,Vhembe,NP343,,,
Tshitandani,Post Office,2001-08-14 00:00:00,in Louis Trichardt,Limpopo,73.0,,329.0,7.0,9.0,DC35,Lepele-Nkumpi,,Capricorn,NP355,,,
Tshitavha,Settlement,2002-05-01 00:00:00,41 km NE of Thohoyandou,Limpopo,105.0,,353.0,7.0,9.0,DC34,Thulamela,,Vhembe,NP343,,,
Tshitumbe,Settlement,2002-05-01 00:00:00,36 km NE of Thohoyandou,Limpopo,105.0,,354.0,7.0,9.0,DC34,Thulamela,,Vhembe,NP343,,,
Tshitunguni,Settlement,2002-05-01 00:00:00,41 km N of Thohoyandou,Limpopo,105.0,,354.0,7.0,9.0,DC34,Thulamela,,Vhembe,NP342,,,
Tshivaloni,Settlement,2002-05-01 00:00:00,76 km SE of Musina,Limpopo,105.0,,354.0,7.0,9.0,DC34,"Musina Local Municipality
",,Vhembe,NP342,,,
Tshivhase,Settlement,2002-05-01 00:00:00,49 km SE of Musina,Limpopo,105.0,,354.0,7.0,9.0,DC34,"Musina Local Municipality
",,Vhembe,NP342,,,
Tshivhilidulu,Settlement,2002-05-01 00:00:00,65 km SE of Musina,Limpopo,105.0,,354.0,7.0,9.0,DC34,Thulamela,,Vhembe,NP343,,,
Tshivhilwi,Post Office,2001-10-29 00:00:00,35 km NE of Thohoyandou,Limpopo,73.0,,354.0,7.0,9.0,DC34,Thulamela,,Vhembe,NP343,,,
Tshonya,Post Office,2001-04-09 00:00:00,6 km N of Lusikisiki,Eastern Cape,73.0,,101.0,1.0,10.0,DC15,Qaukeni,,"O.R.Tambo
",EC153,,,
Tsietsi Mashinini,Post Office,2001-08-14 00:00:00,15 km N of Polokwane,Limpopo,73.0,,346.0,7.0,4.0,DC35,Lepele-Nkumpi,,"Capricorn
",NP355,,,
Tsoaing,Post Office,2002-05-01 00:00:00,140 km SE of Polokwane,Limpopo,73.0,,347.0,7.0,4.0,,Fetakgomo,,Sekhukhune,NP03a3,,,
Tswinga,Post Office,2001-10-29 00:00:00,13 km SE of Thohoyandou,Limpopo,73.0,,354.0,7.0,9.0,DC34,Thulamela,,Vhembe,NP343,,,
Tweedepoort,Post Office,2001-08-14 00:00:00,15 km NE,North West,73.0,,266.0,8.0,1.0,DC37,Rustenburg,,Bojanala,NW373,,"""On the podium""",
Tweefontein,Settlement,2001-04-09 00:00:00,¾ km from Pretoria eastern boundary,Gauteng,105.0,,270.0,3.0,1.0,DC46,"City of Tshwane Metropolitan Municipality
",,"City of Tshwane Metropolitan Municipality
",GT02b1,,,
Tweefonteinspruit,River (not specified),2001-08-14 00:00:00,25 km from Wesselton,Mpumalanga,119.0,,297.0,5.0,17.0,DC30,Msukaligwa,,"Gert Sibande
",MP302,,,
Two-Line,Post Office,2001-04-09 00:00:00,6 km SW of Siyabuswa,Mpumalanga,73.0,,320.0,5.0,2.0,DC31,Dr JS Moroka,,Nkangala,MP316,,,
Tyhume Lower & Upper,River (not specified),2005-02-25 00:00:00,14 km NE Alice,Eastern Cape,119.0,Tyhumie,,1.0,10.0,DC15,Mhlontlo,,"O.R.Tambo
",EC156,Tyhumie,,
Tyhume Lower & Upper,Village,2005-02-25 00:00:00,14 km NE Alice,Eastern Cape,106.0,,,1.0,10.0,DC15,Mhlontlo,,"O.R.Tambo
",EC156,,,
Uitval,Post Office,2001-10-29 00:00:00,16 km SE of Wasbank,KwaZulu-Natal,73.0,,225.0,4.0,1.0,DC23,"Alfred Duma Local Municipality
",,"Uthukela
",KZ233,,,
Ukukhanya,Settlement,2006-06-30 00:00:00,10 km of Mbibane,Mpumalanga,105.0,Allemansdrift D,,5.0,2.0,DC31,Dr JS Moroka,,Nkangala,MP316,Allemansdrift D,,
Umhlatuze,River,2009-09-18 00:00:00,,KwaZulu-Natal,,uMhlatuze,,,,,Umhlathuze,,King Cetswayo,,correction of spelling,,
uMthokotshwala,River (not specified),2006-06-30 00:00:00,25 km NW of Pongola Town,KwaZulu-Natal,119.0,Mtokotshwala,,,11.0,,UPhongolo Local Municipality,,Zululand,,Mtokotshwala,,
UMzimvubu,Post Office,2001-04-08 00:00:00,25 km N of Mt Ayliff,Eastern Cape,73.0,,103.0,1.0,10.0,DC44,Umzimvubu,,"Alfred Nzo
",EC05b2,,,
Vaalkop,Post Office,2001-10-29 00:00:00,26 km SE of Wasbank,KwaZulu-Natal,73.0,,226.0,4.0,1.0,DC23,"Alfred Duma Local Municipality
",,Uthukela,KZ233,,,
Van Riebeeckshof,Post Office,2001-10-29 00:00:00,15 km SW of Cape Town (In Tygerberg),Western Cape,73.0,,2.0,9.0,1.0,DC1,Bergrivier,,"West Coast
",WC013,,,
Vhudimbilu,Settlement,2002-05-01 00:00:00,17 km NE of Thohoyandou,Limpopo,105.0,,354.0,7.0,9.0,DC34,Thulamela,,Vhembe,NP343,,,
Vhurivhuri,Settlement,2002-05-01 00:00:00,44 km NE of Thohoyandou,Limpopo,105.0,,354.0,7.0,9.0,DC34,Thulamela,,Vhembe,NP343,,,
Vondo,Dam,2002-05-01 00:00:00,13 km NNW of Thohoyandou,Limpopo,23.0,,354.0,7.0,9.0,DC34,Thulamela,,Vhembe,NP343,,,
Vrischgewaagt,Post Office,2000-09-07 00:00:00,20 km N of Dalereyville,North West,73.0,,370.0,8.0,14.0,DC38,Ramotshere Moiloa,,"Ngaka Modiri Molema
",NW385,,,
Waterfall,Settlement,2006-03-03 00:00:00,22 km W of Gert Sibande,Mpumalanga,105.0,Boesmanspruitz,,5.0,1.0,DC30,Lekwa,,"Gert Sibande
",MP305,Boesmanspruitz,,
Waterval East,Township,2001-10-29 00:00:00,1 km E of Cashan,North West,130.0,,266.0,8.0,17.0,DC37,Rustenburg,,Bojanala,NW373,,"""On the podium""",
West Beach,Post Office,2000-03-14 00:00:00,15 km NW of Cape Town In Bloubergstrand,Western Cape,73.0,,4.0,9.0,2.0,DC2,Breede Valley,,"Cape Winelands
",WC025,,,
Wigwam,Town,2006-07-27 00:00:00,15 km SE of Rustenburg. Lat: 25° 45' Long: 27° 20',North West,111.0,,266.0,8.0,2.0,DC37,Rustenburg,,Bojanala,NW373,,"""On the podium""",
Ximixweni,Settlement,2002-05-01 00:00:00,43 km NE of Thohoyandou,Limpopo,105.0,,354.0,7.0,7.0,DC34,"Collins Chabane Local Municipality
",,Vhembe,NP343,,,
Ya-rona,Post Office,2000-09-07 00:00:00,32 km W of Pretoria,Gauteng,73.0,,446.0,3.0,8.0,,Tshwane Metro,,Tshwane Metro,TSH,,test1,
Zwigodini,Settlement,2002-05-01 00:00:00,53 km NE of Thohoyandou,Limpopo,105.0,,354.0,7.0,9.0,DC34,"Thulamela Local Municipality
",,"Vhembe
",NP342,,,
Zwiguguni,Settlement,2002-05-01 00:00:00,70 km SE of Musina,Limpopo,105.0,,354.0,7.0,9.0,DC34,Makhado,,"Vhembe
",NP344,,,
KwaMafela,Settlement,2007-03-16 00:00:00,24 km NW of Pongola Town,KwaZulu-Natal,105.0,Mafela,,4.0,11.0,DC26,UPhongolo,,Zululand,KZ262,Mafela,,
eMabophe,Settlement,2007-03-16 00:00:00,24 km NW of Pongola Town,KwaZulu-Natal,105.0,,,4.0,11.0,DC26,UPhongolo,,Zululand,KZ262,Correction of spelling,,
Ambegeto Water Estate,Township,2009-09-18 00:00:00,,North West,,,,,,,,,,,Registration of Name,,
Bompass,Settlement,2019-03-22 00:00:00,,Eastern Cape,,,,,,,,,,,Registration of a new name,,
Bumbanani,Settlement,2019-12-17 00:00:00,,Mpumalanga,,,,,,,,,,,Registration of a long standing name,,
Chris Hani Bridge ,Bridge,2016-02-09 00:00:00,,Eastern Cape,,Thornhill Bridge,,,,,,,,,Thornhill Bridge,,
eCelakubani,Village,2017-06-30 00:00:00,,KwaZulu-Natal,,,,,,,,,,,Registration of an existing name,,
eDuzaneni,Village,2013-10-02 00:00:00,,KwaZulu-Natal,,Dozaneni,,,,,,,,,Correction of spelling,,
eFahla,Village,2016-02-09 00:00:00,,KwaZulu-Natal,,,,,,,,,,,,,
eHlanganani,Settlement,2018-12-24 00:00:00,,Mpumalanga,,Prospect Farm,,,,,,,,,Prospect Farm,,
eHlokohloko,Village,2016-12-09 00:00:00,,KwaZulu-Natal,,,,,,,,,,,existing name to be registered,,
eLebumba,River,2013-10-02 00:00:00,,KwaZulu-Natal,,Lebumba,,,,,,,,,Correction of spelling,,
eMahlaleni,Settlement,2016-12-09 00:00:00,,KwaZulu-Natal,,,,,,,,,,,existing name to be registered,,
eMakinatini,Settlement,2016-10-10 00:00:00,,KwaZulu-Natal,,,,,,,,,,,registration of an existing name,,
eMambuka Village,Village,2009-09-18 00:00:00,,KwaZulu-Natal,,KwaMambuka Village,,,,,,,,,correction of spelling,,
eMangqomfini,Village,2013-10-02 00:00:00,,KwaZulu-Natal,,Mangqomfini,,,,,,,,,Correction of spelling,,
eMankonjane,Village,2016-02-09 00:00:00,,KwaZulu-Natal,,,,,,,,,,,registration of a long standing of name,,
eMaphinini,Stream,2016-02-09 00:00:00,,KwaZulu-Natal,,Phinini,,,,,,,,,Phinini,,
eMaphosa,River,2009-09-18 00:00:00,,KwaZulu-Natal,,,,,,,,,,,Registration of Name,,
EmaZizini Dam,Dam,2016-02-09 00:00:00,,Eastern Cape,,,,,,,,,,,registration of a long standing of name,,
eMboza,Village,2016-10-10 00:00:00,,KwaZulu-Natal,,,,,,,,,,,existing name to be registered,,
eMcakeni,Village,2016-02-09 00:00:00,,KwaZulu-Natal,,,,,,,,,,,registration of a long existing name,,
eMgangatho,Village,2013-10-02 00:00:00,,KwaZulu-Natal,,Mgangatho,,,,,,,,,Correction of spelling,,
eMgubaneni,Setlement,2011-10-07 00:00:00,,Mpumalanga,,Pampoene,,,,,,,,,Change of name,,
eMhlbashana,Village,2011-10-07 00:00:00,,KwaZulu-Natal,,Umhlabatyana,,,,,,,,,Correction of spelling,,
eMhlosingeni,Lake,2016-02-09 00:00:00,,KwaZulu-Natal,,,,,,,,,,,registration of a long existing name,,
eMingeni,Village,2010-10-01 00:00:00,,KwaZulu-Natal,,Emingeni,,,,,,,,,Correction of spelling,,
eMkhayane,Village,2016-12-09 00:00:00,,KwaZulu-Natal,,,,,,,,,,,existing name to be registered,,
eMlobaneni,Village,2016-12-09 00:00:00,,KwaZulu-Natal,,,,,,,,,,,existing name to be registered,,
eMseshana,Settlement,2016-12-09 00:00:00,,KwaZulu-Natal,,,,,,,,,,,existing name to be registered,,
Emthambothini,Settlement,2014-01-17 00:00:00,,Mpumalanga,,,,,,,,,,,Registration of a name already in use,,
eMthavuna,Village,2017-06-30 00:00:00,,KwaZulu-Natal,,,,,,,,,,,Registration of an existing name,,
eMthinemide,Village,2016-02-09 00:00:00,,KwaZulu-Natal,,Mthinomude,,,,,,,,,Mthinomude,,
eMtiwe,Village,2016-02-09 00:00:00,,KwaZulu-Natal,,,,,,,,,,,registration of a long existing name,,
eMunywini,Village,2016-02-09 00:00:00,,KwaZulu-Natal,,,,,,,,,,,registration of name,,
eNgoleleni,Village,2017-12-15 00:00:00,,KwaZulu-Natal,,oHlongeni,,,,,,,,,oHlongeni,,
eNhlanomkhize,Village,2016-02-09 00:00:00,,KwaZulu-Natal,,,,,,,,,,,registration of name,,
eNkonjaneni,Fountain,2017-06-30 00:00:00,,KwaZulu-Natal,,,,,,,,,,,Registration of an existing name,,
eNtambende 1,,2006-03-03 00:00:00,90 km W of Carolina,Mpumalanga,,,,5.0,11.0,DC30,Albert Luthuli,,,MP301,,,
eNtambende 11,,2006-03-03 00:00:00,91 km W of Carolina,Mpumalanga,,,,5.0,11.0,DC30,Albert Luthuli,,,MP301,,,
eNyosini,Village,2013-10-02 00:00:00,,KwaZulu-Natal,,Nyosini,,,,,,,,,Correction of spelling,,
ePhondweni,Ford,2016-02-09 00:00:00,,KwaZulu-Natal,,,,,,,,,,,Registration of a long standing name,,
Esgwili,Settlement,2011-10-07 00:00:00,,Mpumalanga,,Aankomste,,,,,,,,,Change of name,,
eShayamoya,Village,2016-02-09 00:00:00,,KwaZulu-Natal,,,,,,,,,,,Registration of a long standing name,,
eShiyabazali,Village,2016-02-09 00:00:00,,KwaZulu-Natal,,,,,,,,,,,Registration of a long standing name,,
eSigodini,Ford,2016-02-09 00:00:00,,KwaZulu-Natal,,,,,,,,,,,Registration of a long standing name,,
eSigqushu,Settlement,2016-12-09 00:00:00,,KwaZulu-Natal,,,,,,,,,,,existing name to be registered,,
eSinqumeni Dam,Dam,2016-02-09 00:00:00,,Eastern Cape,,,,,,,,,,,Registration of a long standing name,,
Esiphethweni (correction of orthography,Location,2016-06-17 00:00:00,,Gauteng,,Isiphethweni,,,,,,,,,from Isiphethweni) correction of orthography from Isiphethweni,,
eSiphondweni,Settlement,2016-10-10 00:00:00,,KwaZulu-Natal,,,,,,,,,,,existing name to be registered,,
eSiyasebenza,Settlement,2018-12-24 00:00:00,,Mpumalanga,,,,,,,,,,,Long existing name to be registerd,,
Esthobela,Settlement,2011-10-07 00:00:00,,Mpumalanga,,Ouboom,,,,,,,,,Change of name,,
eSukumani,Settlement,2018-12-24 00:00:00,,Mpumalanga,,Tafelhoek 1,,,,,,,,,Tafelhoek 1,,
eThuthukani,Settlement,2018-12-24 00:00:00,,Mpumalanga,,Tweefelhoek 1,,,,,,,,,Tweefelhoek 1,,
eWozani,Village,2013-10-02 00:00:00,,KwaZulu-Natal,,Woza,,,,,,,,,Correction of spelling,,
eZamokuhle,Settlement,2018-12-24 00:00:00,,Mpumalanga,,,,,,,,,,,Long existing name to be registered,,
eZiflarheni,Valley,2016-02-09 00:00:00,,Eastern Cape,,,,,,,,,,,official registration,,
eZigodini,lake,2016-10-10 00:00:00,,KwaZulu-Natal,,,,,,,,,,,existing name to be registered,,
eZikhonkwaneni,Village,2016-02-09 00:00:00,,KwaZulu-Natal,,Rooderpoort,,,,,,,,,Rooderpoort,,
eZimpisini,Lake,2016-02-09 00:00:00,,KwaZulu-Natal,,,,,,,,,,,registration of a long standing of name,,
eZimpisini,Forest,2016-02-09 00:00:00,,KwaZulu-Natal,,,,,,,,,,,registration of name,,
eZingulubeni,Lake,2016-02-09 00:00:00,,KwaZulu-Natal,,,,,,,,,,,registration of a long standing of name,,
eZintombini,Lake,2016-02-09 00:00:00,,KwaZulu-Natal,,,,,,,,,,,registration of a long standing of name,,
eZinyokeni,Village,2016-02-09 00:00:00,,KwaZulu-Natal,,,,,,,,,,,registration of name,,
FSVille,Agrivillage,2007-05-01 00:00:00,,Eastern Cape,128.0,FSVille,,1.0,1.0,DC12,Mbhashe,,,EC121,FSVille,,
Gamogwasha,Village,2009-09-18 00:00:00,,Mpumalanga,,,,,,,,,,,Registration of Name,,
Gangqeni,Settlement,2016-06-17 00:00:00,,Eastern Cape,,Phillipton,,,,,,,,,Phillipton,,
Goliyad,Mountain,2010-01-29 00:00:00,,Mpumalanga,,,,,,,,,,,,,
Gwili-gwili,Settlement,2019-03-22 00:00:00,,Eastern Cape,,,,,,,,,,,Registration of a long standing name,,
Hamakete-kete,Settlement,2018-03-22 00:00:00,,Eastern Cape,,Ketekete,,,,,,,,,Ketekete,,
Hamakete-teke,Administrative area,2017-06-30 00:00:00,,Eastern Cape,,Kete-kete,,,,,,,,,“Kete-kete”,,
Hillsview,Suburb,2010-01-29 00:00:00,,Mpumalanga,,,,,,,,,,,,,
Hlalakahle,,2006-06-30 00:00:00,5 km South of Barberton,Mpumalanga,,,,5.0,6.0,DC32,Umjindi,,,MP323,,,
iBhukubhuku,Lake,2016-02-09 00:00:00,,KwaZulu-Natal,,,,,,,,,,,registration of a long standing of name,,
iBiva,Forest,2016-02-09 00:00:00,,KwaZulu-Natal,,,,,,,,,,,registration of a long standing of name,,
iGqorha,Stream,2016-02-09 00:00:00,,Eastern Cape,,,,,,,,,,,registration of name,,
iKhandalendlovu,River,2013-10-02 00:00:00,,KwaZulu-Natal,,Kandlalendlovu,,,,,,,,,Correction of spelling,,
iKubafazini,Lake,2016-02-09 00:00:00,,KwaZulu-Natal,,,,,,,,,,,registration of a long standing of name,,
iLiwa lamaXhalanga,Cliff,2016-02-09 00:00:00,,Eastern Cape,,,,,,,,,,,registration of a name,,
ILiwa leRhini,Cliff,2016-02-09 00:00:00,,Eastern Cape,,,,,,,,,,,official registration,,
iMahlungulu,Mountain,2017-12-15 00:00:00,,KwaZulu-Natal,,,,,,,,,,,Registration of a long standing name,,
iMangqomfini,Mountain,2013-10-02 00:00:00,,KwaZulu-Natal,,Mangqomfini,,,,,,,,,Correction of spelling,,
iMbazamasinga,Lake,2016-02-09 00:00:00,,Eastern Cape,,,,,,,,,,,registration of name,,
iNgweni,uMkhanyakude,2016-12-09 00:00:00,,KwaZulu-Natal,,,,,,,,,,,existing name to be registered,,
iNhlaba,,2006-03-03 00:00:00,99 km W of Carolina,Mpumalanga,,,,5.0,11.0,DC30,Albert Luthuli,,,MP301,,,
iNkiwane,Mountain,2017-06-30 00:00:00,,KwaZulu-Natal,,,,,,,,,,,Registration of anexisting name,,
iNkwenkwe,Mountain,2016-02-09 00:00:00,,KwaZulu-Natal,,Nkwenkwe,,,,,,,,,Nkwenkwe,,
Inswempe,River,2014-01-17 00:00:00,,Mpumalanga,,Iswempe,,,,,,,,,Correction of spelling,,
iNtaba kaXesibe,Hill,2016-02-09 00:00:00,,Eastern Cape,,,,,,,,,,,official registration,,
iNtabakhathazo ,Mountain,2011-10-07 00:00:00,,KwaZulu-Natal,,Katazo,,,,,,,,,Correction of spelling,,
iNtabayeSwekile,Hill,2016-02-09 00:00:00,,Eastern Cape,,,,,,,,,,,official registration,,
iNtonga,River,2017-06-30 00:00:00,,KwaZulu-Natal,,Name to be registered,,,,,,,,,Name to be registered,,
iNyosini,Mountain,2013-10-02 00:00:00,,KwaZulu-Natal,,Nyosini,,,,,,,,,Correction of spelling,,
iNzalu,Mountain,2017-12-15 00:00:00,,KwaZulu-Natal,,,,,,,,,,,Registration of a long standing name,,
iQurha,River,2017-12-15 00:00:00,,KwaZulu-Natal,,,,,,,,,,,Registration of a long standing name,,
Ironside,Dam,2016-06-17 00:00:00,,Gauteng,,Ironyside,,,,,,,,,Ironyside,,
iSandlu,Mountain,2013-10-02 00:00:00,,KwaZulu-Natal,,iNhlanhlinhlu/Sandlundlu,,,,,,,,,Correction of Spelling,,
iSandlu,River,2013-10-02 00:00:00,,KwaZulu-Natal,,iNhlanhlinhlu/Sandlundlu,,,,,,,,,Correction of spelling,,
iSibandlana,Mountain,2017-06-30 00:00:00,,KwaZulu-Natal,,,,,,,,,,,Registration of an existing name,,
iSigingqi sikaMhala,Hill,2016-02-09 00:00:00,,Eastern Cape,,,,,,,,,,,registration of name,,
iSinyazi,River,2017-12-15 00:00:00,,KwaZulu-Natal,,,,,,,,,,,Registration of a long standing name,,
iThuvukazi,River,2017-06-30 00:00:00,,KwaZulu-Natal,,Name to be registered,,,,,,,,,Name to be registered,,
Joana Jiyane,Settlement,2016-02-09 00:00:00,,Mpumalanga,,,,,,,,,,,official registration,,
Johnston Makhathini,Diplomatic Guesthouse,2012-05-11 00:00:00,,Gauteng,,,,,,,,,,,,,
Kakholwane,Mountain,2010-01-29 00:00:00,,Mpumalanga,,,,,,,,,,,,,
Kalomboma,River,2010-01-29 00:00:00,,Mpumalanga,,,,,,,,,,,,,
Kamagugu,Township,2010-01-29 00:00:00,,Mpumalanga,,,,,,,,,,,,,
Kom,Village,2021-02-22 00:00:00,,Eastern Cape,,,,,,,,,,,Existing name registration,,
Kruinsig Landgoed,Township,2009-09-18 00:00:00,,North West,,,,,,,,,,,Registration of Name,,
KwaCongco,Village,2016-02-09 00:00:00,,KwaZulu-Natal,,Gcongco,,,,,,,,,Gcongco,,
KwaDhlomo Dam,Dam,2016-06-17 00:00:00,,Eastern Cape,,Sharpeville Dam,,,,,,,,,Sharpeville Dam,,
KwaGina,Village,2016-02-09 00:00:00,,KwaZulu-Natal,,,,,,,,,,,Registration of a long standing name,,
KwaGudlucingo,Village,2013-10-02 00:00:00,,KwaZulu-Natal,,Gudlucingo,,,,,,,,,Correction of spelling,,
KwaMachibisi,Village,2011-10-07 00:00:00,,KwaZulu-Natal,,Machibisa,,,,,,,,,Correction of spelling,,
KwaMadonela,Village,2016-12-09 00:00:00,,KwaZulu-Natal,,,,,,,,,,,existing name to be registered,,
KwaMpanza,Settlement,2016-06-17 00:00:00,,Gauteng,,Mampinja,,,,,,,,,Mampinja,,
KwaMpopoli,,2006-06-30 00:00:00,24 km NW of Pongola,KwaZulu-Natal,,,,4.0,11.0,DC26,UPhongolo,,,KZ262,,,
KwaNikwe,Village,2017-06-30 00:00:00,,KwaZulu-Natal,,Name to be registered,,,,,,,,,Name to be registered,,
KwaNxakwe,Dam,2019-03-22 00:00:00,,Eastern Cape,,,,,,,,,,,Registration of a long standing name,,
KwaNyezi,Village,2021-02-22 00:00:00,,Eastern Cape,,,,,,,,,,,Existing name registration,,
KwaSanguye,Village,2009-09-18 00:00:00,,KwaZulu-Natal,,Vanguye,,,,,,,,,correction of spelling,,
KwaShibe,Village,2017-06-30 00:00:00,,KwaZulu-Natal,,Name to be registered,,,,,,,,,Name to be registered,,
Kwa-Welcome,Village,2016-02-09 00:00:00,,KwaZulu-Natal,,,,,,,,,,,Correction of orthography and registration of a name,,
Leeupan,Location,2016-06-17 00:00:00,,Gauteng,,Leewpan,,,,,,,,,correction of orthography from Leewpan,,
Lengwayo,Well,2016-02-09 00:00:00,,Eastern Cape,,,,,,,,,,,official registration of a name,,
Lenye,Settlement,2019-03-22 00:00:00,,Eastern Cape,,,,,,,,,,,Registration of a long standing name,,
Libangeni,Settlement,2014-01-17 00:00:00,,Mpumalanga,,,,,,,,,,,Registration of a name already in use,,
Linga Diko,Settlement,2018-03-22 00:00:00,,Eastern Cape,,Kaffirskraal,,,,,,,,,Kaffirskraal,,
Lusasa,Village,2019-03-22 00:00:00,,Eastern Cape,,,,,,,,,,,Registration of a long standing name,,
Lusizini,Village,2019-03-22 00:00:00,,Eastern Cape,,,,,,,,,,,Registration of a long standing name,,
Magaza,River,2010-01-29 00:00:00,,Mpumalanga,,,,,,,,,,,,,
Magrangxeni,Village,2019-03-22 00:00:00,,Eastern Cape,,,,,,,,,,,Registration of a long standing name,,
Mahhusha,,2005-02-25 00:00:00,48 West of Malelane.,Mpumalanga,,,,5.0,6.0,DC32,Nkomazi,,,MP324,,,
Majweka,Farm,2015-12-09 00:00:00,,Free State,,Kaffirskraal,,,,,,,,,Change of Name,,
Makgabea,Township,2015-12-09 00:00:00,,Free State,,Thole,,,,,,,,,Change of Name,,
Malalane,Town,2006-03-03 00:00:00,,Mpumalanga,111.0,,,,6.0,,,,,,,,
Malatsi,Settlement,2016-10-10 00:00:00,,Gauteng,,Malatjie,,,,,,,,,Correction of orthography from Malatjie,,
Malibongwe Ridge,Township,2011-01-28 00:00:00,,Gauteng,,,,,,,,,,,,,
Malopomagale,Settlement,2014-01-17 00:00:00,,Mpumalanga,,,,,,,,,,,Registration of a name already in use,,
Mandlela,Mountain,2010-01-29 00:00:00,,Mpumalanga,,,,,,,,,,,,,
Mangqukela,Village,2019-03-22 00:00:00,,Eastern Cape,,,,,,,,,,,Registration of a long standing name be registered,,
Mankazana,Dam,2016-02-09 00:00:00,,Eastern Cape,,,,,,,,,,,Dam registration of long standing name,,
Mantshilibeni,Settlement,2021-02-22 00:00:00,,Eastern Cape,,,,,,,,,,,Existing name registration,,
Manyeveni,Settlement,2010-01-29 00:00:00,,Mpumalanga,,,,,,,,,,,,,
Mararampe,Settlement,2016-12-09 00:00:00,,North West,,Heefers Lust,,,,,,,,,Heefers Lust,,
Masincedane,Village,2019-03-22 00:00:00,,Eastern Cape,,,,,,,,,,,Registration of a long standing name,,
Masizakhe,Township,2016-02-09 00:00:00,,Eastern Cape,,Umasizakhane,,,,,,,,,Umasizakhane,,
Masoyi,Village,2010-01-29 00:00:00,,Mpumalanga,,,,,,,,,,,,,
Mbube,Mountain,2010-01-29 00:00:00,,Mpumalanga,,,,,,,,,,,,,
Mbuchu,Mountain,2010-01-29 00:00:00,,Mpumalanga,,,,,,,,,,,,,
Metsemadiba,Village,2006-03-04 00:00:00,10 km S,Mpumalanga,106.0,,,,4.0,,,,,,,,
Metsemadiba,River,2014-01-17 00:00:00,,Mpumalanga,,,,,,,,,,,Registration of a name already in use,,
Mhuku,Village,2020-03-23 00:00:00,,Eastern Cape,,,,,,,,,,,Existing name registration,,
Millvale,Township,2009-09-18 00:00:00,,North West,,,,,,,,,,,Registration of Name,,
Mkhingoma,Mountain,2010-01-29 00:00:00,,Mpumalanga,,,,,,,,,,,,,
Mkhomazane,River,2010-01-29 00:00:00,,Mpumalanga,,,,,,,,,,,,,
Mlalati,Mountain,2010-01-29 00:00:00,,Mpumalanga,,,,,,,,,,,,,
Mntsoli,,2006-03-03 00:00:00,100 km E of Carolina,Mpumalanga,,,,5.0,6.0,DC30,Albert Luthuli,,,MP301,,,
Mnyameni,Village,2021-02-22 00:00:00,,Eastern Cape,,,,,,,,,,,Existing name registration,,
Mnyameni Dam,Dam,2019-03-22 00:00:00,,Eastern Cape,,,,,,,,,,,Long existing name to be registered,,
Mphumelelo,,2006-06-30 00:00:00,6 km North of Barberton,Mpumalanga,,,,5.0,6.0,DC32,Umjindi,,,MP323,,,
Mpintsho,Stream,2019-03-22 00:00:00,,Eastern Cape,,,,,,,,,,,Registration of a long standing name,,
Mqukwana,Settlement,2019-03-22 00:00:00,,Eastern Cape,,,,,,,,,,,Registration of a long standing name,,
Msulungwana,Hill,2016-02-09 00:00:00,,Eastern Cape,,,,,,,,,,,Hill registration of name,,
Mthamvuna,,2005-02-25 00:00:00,Boundary between KZN & EC,Eastern Cape,,,,1.0,10.0,,Mbizana,,,EC151,,,
Mthwaku,Village,2019-03-22 00:00:00,,Eastern Cape,,,,,,,,,,,Registration of a long standing name,,
Mvulane Dam,Dam,2019-03-22 00:00:00,,Eastern Cape,,,,,,,,,,,Registration of a long standing name,,
Mzintlava,River,2016-02-09 00:00:00,,Eastern Cape,,,,,,,,,,,correction of corrupted form of language of corrupted form of language,,
Mzwini,Forest,2019-03-22 00:00:00,,Eastern Cape,,,,,,,,,,,Registration of a long standing name,,
Ncalukeni,Village,2019-03-22 00:00:00,,Eastern Cape,,,,,,,,,,,Registration of a long standing name,,
Ncerha,,2005-02-25 00:00:00,,Eastern Cape,,,,1.0,10.0,DC12,Nkonkobe,,,EC127,,,
Ndakheni,Village,2016-02-09 00:00:00,,Eastern Cape,,,,,,,,,,,correction of spelling,,
Ndlovini,Settlement,2019-03-22 00:00:00,,Eastern Cape,,,,,,,,,,,Registration of a long standing name,,
Ngcabasa,Settlement,2016-06-17 00:00:00,,Eastern Cape,,,,,,,,,,,official registration of a name,,
Ngculu,River,2016-02-09 00:00:00,,Eastern Cape,,Nculu,,,,,,,,,Nculu,,
Ngculu,Settlement,2019-03-22 00:00:00,,Eastern Cape,,Nculu,,,,,,,,,Nculu,,
Ngobozana,Settlement,2019-03-22 00:00:00,,Eastern Cape,,,,,,,,,,,Registration of a long standing name,,
Ngoqo Dam,Dam,2016-02-09 00:00:00,,Eastern Cape,,,,,,,,,,,registration of long standing name,,
Ngqumeya,River,2019-03-22 00:00:00,,Eastern Cape,,,,,,,,,,,Registration of a long standing name,,
Ngxalawe,Village,2019-03-22 00:00:00,,Eastern Cape,,,,,,,,,,,Registration of a long standing name,,
Ngxingxolo,Village,2019-03-22 00:00:00,,Eastern Cape,,,,,,,,,,,Registration of a long standing name,,
Nkciyo,River,2016-02-09 00:00:00,,Eastern Cape,,Ngciyo,,,,,,,,,Ngciyo,,
Nokakgolo,Town,2011-10-07 00:00:00,,Free State,,,,,,,,,,,New Name,,
Nomngxiki,Village,2019-03-22 00:00:00,,Eastern Cape,,Nomgxeki,,,,,,,,,Nomgxeki,,
Nompukane ,Mountain,2017-06-30 00:00:00,,Eastern Cape,,,,,,,,,,,Official registration of a name,,
Nongqulana Mountain,Mountain,2021-02-22 00:00:00,,Eastern Cape,,,,,,,,,,,Existing name registration,,
Ntsikana,Settlement,2016-06-17 00:00:00,,Eastern Cape,,Tsinikane,,,,,,,,,Tsinikane,,
N'waswitsontso,Village,2009-09-18 00:00:00,,Mpumalanga,,,,,,,,,,,Registration of Name,,
Nyandeni,Village,2021-02-22 00:00:00,,Eastern Cape,,,,,,,,,,,Existing name registration,,
Phola Village,Settlement,2015-09-11 00:00:00,,Mpumalanga,,,,,,,,,,,New Name,,
Pholela,Village,2021-02-22 00:00:00,,Eastern Cape,,,,,,,,,,,Existing name registration,,
Phophonyane,Settlement,2011-10-07 00:00:00,,Mpumalanga,,Belvedere,,,,,,,,,Change of name,,
Phumlani,Settlement,2019-03-22 00:00:00,,Eastern Cape,,,,,,,,,,,Registration of a long standing name,,
Phungela Hill,Hill,2016-02-09 00:00:00,,Eastern Cape,,,,,,,,,,,registration of name,,
Piet Tlou,Township,2011-10-07 00:00:00,,Mpumalanga,,Doornkoop 2,,,,,,,,,Change of name,,
Quko,River,2019-03-22 00:00:00,,Eastern Cape,,,,,,,,,,,Registration of a long standing name,,
Qumrha,River,2017-06-30 00:00:00,,Eastern Cape,,Komgha,,,,,,,,,Komgha,,
Rama City,Township,2012-04-13 00:00:00,,Gauteng,,,,,,,,,,,New Name,,
Rametsi Country Estate,Township,2016-12-09 00:00:00,,North West,,,,,,,,,,,New Name,,
Ramokgeletsane,Settlement,2014-01-17 00:00:00,,Mpumalanga,,,,,,,,,,,Registration of a name already in use,,
Refitlhile,Township,2011-10-07 00:00:00,,Gauteng,,,,,,,,,,,New Name,,
Rekhuditse,Settlement,2016-02-09 00:00:00,,Eastern Cape,,Mandela,,,,,,,,,() change of name from Mandela,,
Rhwantsini,Dam,2016-02-09 00:00:00,,Eastern Cape,,,,,,,,,,,registration of new name,,
Rietvallei,Settlement,2016-10-10 00:00:00,,Gauteng,,,,,,,,,,,existing name to be registered,,
Sahlulo Chithwa,Settlement,2018-03-22 00:00:00,,Eastern Cape,,,,,,,,,,,,,
Savanna City,Township,2011-01-28 00:00:00,,Gauteng,,,,,,,,,,,,,
Sbubule,Mountain,2010-01-29 00:00:00,,Mpumalanga,,,,,,,,,,,,,
Sefako M Makgatho,Presedential Guest House,2012-05-11 00:00:00,,Gauteng,,,,,,,,,,,,,
Senotlelo,Settlement,2014-01-17 00:00:00,,Mpumalanga,,,,,,,,,,,Registration of a name already in use,,
Sesakhile,Village,2016-02-09 00:00:00,,Mpumalanga,,Tweefontein Portion 540 220-JR ga,,,,,,,,,Tweefontein Portion 540 220-JR ga,,
Sihlabeni,Settlement,2020-03-23 00:00:00,,Eastern Cape,,,,,,,,,,,Existing name registration,,
Simakamaka,Mountain,2017-06-30 00:00:00,,Eastern Cape,,,,,,,,,,,Official registration of a name,,
Sinqobile,Suburb,2017-06-30 00:00:00,,Gauteng,,,,,,,,,,,Registration of an existing name,,
Siyanabani,Mountain,2010-01-29 00:00:00,,Mpumalanga,,,,,,,,,,,,,
Somaphepha,Village,2011-10-07 00:00:00,,Mpumalanga,,,,,,,,,,,New name,,
Steve Vukile Tshwethe,,2005-02-25 00:00:00,25 km NE Bhisho,Eastern Cape,,,,1.0,10.0,DC12,Buffalo City,,,EC125,,,
Suikerbosfontein,Settlement,2016-10-10 00:00:00,,Gauteng,,Zuikerboschfontien,,,,,,,,,Correction of orthography from Zuikerboschfontien,,
Thabatha,,2005-02-25 00:00:00,13 km W Queenstown,Eastern Cape,,,,1.0,10.0,DC13,Lukanji,,,EC134,,,
Themba View,Township,2011-10-07 00:00:00,,Gauteng,,,,,,,,,,,New Name,,
Thembalethu,Township,2019-03-22 00:00:00,,Eastern Cape,,,,,,,,,,,Registration of a long standing name,,
Thembisile,Settlement,2016-06-17 00:00:00,,Eastern Cape,,Lloyd Location,,,,,,,,,Lloyd Location,,
Thinasonke,Settlement,2011-10-07 00:00:00,,Gauteng,,,,,,,,,,,New Name,,
Tokologo,Township,2015-12-09 00:00:00,,Free State,,Sakanyoko,,,,,,,,,Change of Name,,
Toyise,,2005-07-01 00:00:00,8 km NW Stutterheim,Eastern Cape,,,,1.0,10.0,DC12,Amahlathi,,,EC124,,,
Tshoxa,Town,2019-03-22 00:00:00,,Eastern Cape,,,,,,,,,,,Registration of a long standing name,,
Tshukudu,Township,2011-10-07 00:00:00,,Gauteng,,,,,,,,,,,New Name,,
Tudor Shaft,Settlement,2016-10-10 00:00:00,,Gauteng,,Dunusa,,,,,,,,,Dunusa,,
Tyhalarha,Village,2019-03-22 00:00:00,,Eastern Cape,,Tyhalara,,,,,,,,,Tyhalara,,
Tyhume Lower & Upper,,2005-02-25 00:00:00,14 km NE Alice,Eastern Cape,,,,1.0,10.0,DC12,Nkonkobe,,,EC127,,,
U-Anyanisi,Forest,2016-12-09 00:00:00,,KwaZulu-Natal,,,,,,,,,,,Registration of an existing name,,
uBhodweni,Lake,2016-02-09 00:00:00,,KwaZulu-Natal,,,,,,,,,,,Registration of a long standing name,,
uBhulabhula,Plain,2016-10-10 00:00:00,,KwaZulu-Natal,,,,,,,,,,,existing name to be registered,,
uBusobubi,Forest,2016-02-09 00:00:00,,KwaZulu-Natal,,,,,,,,,,,Registration of a long standing name,,
uCwele,Mountain,2017-06-30 00:00:00,,KwaZulu-Natal,,Name to be registered,,,,,,,,,Name to be registered,,
uDabukane,Lake,2016-12-09 00:00:00,,KwaZulu-Natal,,,,,,,,,,,Registration of an existing name,,
uDingindawo,Mountain,2017-06-30 00:00:00,,KwaZulu-Natal,,Name to be registered,,,,,,,,,Name to be registered,,
uFahla,Mountain,2016-02-09 00:00:00,,KwaZulu-Natal,,,,,,,,,,,,,
uGadlabeza,Lake,2016-02-09 00:00:00,,KwaZulu-Natal,,,,,,,,,,,Registration of a long standing name,,
uGonya,River,2017-06-30 00:00:00,,KwaZulu-Natal,,,,,,,,,,,Registration of an existing name,,
uHlanjana,Fountain,2016-02-09 00:00:00,,KwaZulu-Natal,,,,,,,,,,,Registration of a long standing name,,
uKhungwana,Lake,2016-02-09 00:00:00,,KwaZulu-Natal,,,,,,,,,,,Registration of a long standing name,,
uKhwethe,Stream,2016-10-10 00:00:00,,KwaZulu-Natal,,,,,,,,,,,existing name to be registered,,
uKhwici,Stream,2016-10-10 00:00:00,,KwaZulu-Natal,,,,,,,,,,,existing name to be registered,,
Ukuthula Game Estate,Game and residential estate,2010-01-29 00:00:00,,Mpumalanga,,,,,,,,,,,,,
uMabhengwane,Mountain,2017-12-15 00:00:00,,KwaZulu-Natal,,,,,,,,,,,Registration of a long standing name,,
uMabhumaneni,River,2017-06-30 00:00:00,,KwaZulu-Natal,,,,,,,,,,,Registration of an existing name,,
uMabhuqandlela,Mountain,2017-12-15 00:00:00,,KwaZulu-Natal,,,,,,,,,,,Registration of a long standing name,,
uMacambela,Stream,2016-10-10 00:00:00,,KwaZulu-Natal,,,,,,,,,,,existing name to be registered,,
uMadwaleni,River,2017-12-15 00:00:00,,KwaZulu-Natal,,,,,,,,,,,Registration of a long standing name,,
uMagalela,Settlement,2016-10-10 00:00:00,,KwaZulu-Natal,,,,,,,,,,,existing name to be registered,,
uMagcwalangenkung,Lake,2016-10-10 00:00:00,,KwaZulu-Natal,,,,,,,,,,,existing name to be registered,,
uMagqamuza,Mountain,2013-10-02 00:00:00,,KwaZulu-Natal,,Magqamuza,,,,,,,,,Correction of spelling,,
uMaguzu,Lake,2016-10-10 00:00:00,,KwaZulu-Natal,,,,,,,,,,,existing name to be registered,,
uMagwazithonga,Lake,2016-02-09 00:00:00,,KwaZulu-Natal,,,,,,,,,,,Registration of a long standing name,,
uMahhumuza,Mountain,2012-04-13 00:00:00,,KwaZulu-Natal,,Mahhumuza,,,,,,,,,Correction of spelling,,
uMakhongolo,Stream,2016-12-09 00:00:00,,KwaZulu-Natal,,,,,,,,,,,Registration of an existing name,,
uMalomba,Forest,2016-12-09 00:00:00,,KwaZulu-Natal,,,,,,,,,,,Registration of an existing name,,
uMamunyela,Forest,2016-12-09 00:00:00,,KwaZulu-Natal,,,,,,,,,,,Registration of an existing name,,
uMaphuphu,Lake,2016-12-09 00:00:00,,KwaZulu-Natal,,,,,,,,,,,Registration of an existing name,,
uMatshane,Lake,2016-12-09 00:00:00,,KwaZulu-Natal,,,,,,,,,,,Registration of an existing name,,
uMbhukudo,River,2013-10-02 00:00:00,,KwaZulu-Natal,,Mbhukudo,,,,,,,,,Correction of spelling,,
uMchamomanzi,Lake,2016-02-09 00:00:00,,KwaZulu-Natal,,,,,,,,,,,Registration of a long standing name,,
uMemfu,Mountain,2016-02-09 00:00:00,,KwaZulu-Natal,,Memfu,,,,,,,,,Memfu,,
uMgubho,Mountain,2017-12-15 00:00:00,,KwaZulu-Natal,,,,,,,,,,,Registration of a long standing name,,
uMgubulundwane,Lake,2016-02-09 00:00:00,,KwaZulu-Natal,,,,,,,,,,,Registration of a long standing name,,
uMgxamu,Lake,2016-10-10 00:00:00,,KwaZulu-Natal,,,,,,,,,,,existing name to be registered,,
uMhholomba,Forest,2016-12-09 00:00:00,,KwaZulu-Natal,,,,,,,,,,,Registration of an existing name,,
uMhlabane,Village,2016-02-09 00:00:00,,KwaZulu-Natal,,,,,,,,,,,Registration of a long standing name,,
uMhlabane,Lake,2016-02-09 00:00:00,,KwaZulu-Natal,,,,,,,,,,,Registration of a long standing name,,
uMhlabane,Forest,2016-02-09 00:00:00,,KwaZulu-Natal,,,,,,,,,,,Registration of a long standing name,,
uMhlanzela,Lake,2016-12-09 00:00:00,,KwaZulu-Natal,,,,,,,,,,,Registration of an existing name,,
uMhulanja,River,2017-12-15 00:00:00,,KwaZulu-Natal,,,,,,,,,,,Registration of an existing name,,
Umjilo,Settlement,2016-06-17 00:00:00,,Eastern Cape,,Jimmy,,,,,,,,,Jimmy,,
uMkhuhlwana,Lake,2016-12-09 00:00:00,,KwaZulu-Natal,,,,,,,,,,,Registration of an existing name,,
uMlonyeni,Lake,2016-02-09 00:00:00,,KwaZulu-Natal,,,,,,,,,,,registration of long standing name,,
uMofana,River,2013-10-02 00:00:00,,KwaZulu-Natal,,Mofana,,,,,,,,,Correction of spelling,,
uMphetha,,2006-06-30 00:00:00,45 km E of Pongola Town,KwaZulu-Natal,,,,4.0,11.0,DC26,UPhongolo,,,KZ262,,,
uMphondo,Lake,2016-10-10 00:00:00,,KwaZulu-Natal,,,,,,,,,,,existing name to be registered,,
uMphosazembe,Stream,2016-02-09 00:00:00,,KwaZulu-Natal,,Mphosazembe,,,,,,,,,Mphosazembe,,
uMphuma,Lake,2016-12-09 00:00:00,,KwaZulu-Natal,,,,,,,,,,,Registration of an existing name,,
uMtengu,Stream,2013-10-02 00:00:00,,KwaZulu-Natal,,Mtengu,,,,,,,,,Correction of spelling,,
uMthokotshwala,,2006-06-30 00:00:00,25 km NW of Pongola Town,KwaZulu-Natal,,,,4.0,11.0,DC26,UPhongolo,,,KZ262,,,
uMzimkhulwana,River,2017-06-30 00:00:00,,KwaZulu-Natal,,Name to be registered,,,,,,,,,Name to be registered,,
uNcibidwane,Stream,2016-02-09 00:00:00,,KwaZulu-Natal,,,,,,,,,,,Registration of a long standing name,,
uNdamukane,Lake,2016-10-10 00:00:00,,KwaZulu-Natal,,,,,,,,,,,existing name to be registered,,
uNdende,River,2017-06-30 00:00:00,,KwaZulu-Natal,,,,,,,,,,,Registration of an existing name,,
uNgqaza,Mountain,2013-10-02 00:00:00,,KwaZulu-Natal,,Ngqaza,,,,,,,,,Correction of spelling,,
uNgwaleni,River,2017-12-15 00:00:00,,KwaZulu-Natal,,,,,,,,,,,Registration of a long standing name,,
uNhliziyonkulu,Forest,2017-12-15 00:00:00,,KwaZulu-Natal,,,,,,,,,,,Registration of a long standing name,,
uNomatasi,Lake,2016-02-09 00:00:00,,KwaZulu-Natal,,,,,,,,,,,A Lake in uMkhanyakude District Municipality Kwazulu Natal,,
uNomatshe,Lake,2016-12-09 00:00:00,,KwaZulu-Natal,,,,,,,,,,,Registration of an existing name,,
uNozalelizingwenya,River,2012-04-13 00:00:00,,KwaZulu-Natal,,Nozalelizingweya,,,,,,,,,Correction of spelling,,
Unsonge,River,2016-02-09 00:00:00,,KwaZulu-Natal,,Insonge,,,,,,,,,correction of orthography from Insonge,,
uNtabende,Mountain,2016-10-10 00:00:00,,KwaZulu-Natal,,,,,,,,,,,existing name to be registered,,
uNtabingashi,Mountain,2017-06-30 00:00:00,,KwaZulu-Natal,,Name to be registered,,,,,,,,,Name to be registered,,
uNtinini,Lake,2016-12-09 00:00:00,,KwaZulu-Natal,,,,,,,,,,,Registration of an existing name,,
uNyokeni,River,2017-06-30 00:00:00,,KwaZulu-Natal,,,,,,,,,,,Registration of an existing name,,
uPhoko,Lake,2016-10-10 00:00:00,,KwaZulu-Natal,,,,,,,,,,,existing name to be registered,,
uQongwane,Mountain,2017-06-30 00:00:00,,KwaZulu-Natal,,,,,,,,,,,Registration of an existing name,,
uShumbu,Lake,2016-12-09 00:00:00,,KwaZulu-Natal,,,,,,,,,,,Registration of an existing name,,
uSidada,Mountain,2017-12-15 00:00:00,,KwaZulu-Natal,,,,,,,,,,,Registration of an existing name,,
uSigquluba,Hill,2016-12-09 00:00:00,,KwaZulu-Natal,,,,,,,,,,,Registration of an existing name,,
uSihosha,Fountain,2016-12-09 00:00:00,,KwaZulu-Natal,,,,,,,,,,,Registration of an existing name,,
uSikhaleni,Mountain,2017-06-30 00:00:00,,KwaZulu-Natal,,,,,,,,,,,Registration of an existing name,,
uSikhumba,Lake,2016-12-09 00:00:00,,KwaZulu-Natal,,,,,,,,,,,Registration of an existing name,,
uSikhunyana,Forest,2016-10-10 00:00:00,,KwaZulu-Natal,,,,,,,,,,,existing name to be registered,,
uSipholi,Mountain,2017-06-30 00:00:00,,KwaZulu-Natal,,Name to be registered,,,,,,,,,Name to be registered,,
uYini,River,2017-12-15 00:00:00,,KwaZulu-Natal,,,,,,,,,,,Registration of a long standing name,,
uZigwenu,Lake,2016-10-10 00:00:00,,KwaZulu-Natal,,,,,,,,,,,existing name to be registered,,
uZinyane,Lake,2016-10-10 00:00:00,,KwaZulu-Natal,,,,,,,,,,,existing name to be registered,,
Xalamuka,Village,2009-09-18 00:00:00,,Mpumalanga,,Eglington,,,,,,,,,Change of Name,,
Xesi River,River,2019-03-22 00:00:00,,Eastern Cape,,,,,,,,,,,Registration of a long standing name,,
Xolani,Settlement,2016-06-17 00:00:00,,Eastern Cape,,Smith Location,,,,,,,,,Smith Location,,
Zakhiya,Village,2009-09-18 00:00:00,,Mpumalanga,,Serville ku 224,,,,,,,,,Change of Name,,
Zanyokwe,Village,2019-03-22 00:00:00,,Eastern Cape,,,,,,,,,,,Registration of a long standing name,,
Zithabiseni,Settlement,2015-09-11 00:00:00,,Mpumalanga,,,,,,,,,,,New Name,,
Zithathele,Village,2020-03-23 00:00:00,,Eastern Cape,,,,,,,,,,,Existing name registration,,
eNsunduza,Settlement,2007-03-16 00:00:00,22 km NW of Pongola Town,KwaZulu-Natal,105.0,Nsuduza,,4.0,11.0,DC26,UPhongolo,,Zululand,KZ262,Nsuduza,,
Chris Hani Township,Township,2013-12-06 00:00:00,"31.460859,-27.313855",Eastern Cape,,Extension 7,,,,,Mhlontlo,,O R Tambo,,Change of Name,,
Dr Malizo Mpehle Township,Township,2013-12-06 00:00:00," Check spelling , have updated as per gazette",Eastern Cape,,Extension 6,,,,,Mhlontlo,,O R Tambo,,Change of Name,,
Dr Z Njongwe Township,Township,2013-12-06 00:00:00,,Eastern Cape,,Extension 5,,,,,Mhlontlo,,O R Tambo,,Change of Name,,
Kwelerha,Village,2019-03-22 00:00:00,±25 km NE East London,Eastern Cape,,Kwelera,,,,,Great Kei,,Amathole ,,Kwelera,,
Malcomess Mgabela Bridge,Bridge,2013-12-06 00:00:00,,Eastern Cape,,Tsholomnqa Bridge,,,,,"Buffalo City Metropolitan Municipality
",,Buffalo City,,Change of Name,,
Mamafubedu,Town,2012-11-02 00:00:00,,Free State,,Petrus Steyn,,,,,Nketoana,,Thabo Mofutsanyane,,Change of name,,
Mbizana,"Town, River and Post Office",2013-12-06 00:00:00,,Eastern Cape,,Bizana,,,,,Mbizana,,Alfred Nzo,,Correction of spelling,,
Mchantsi,River,2019-03-22 00:00:00,,Eastern Cape,,,,,,,"Buffalo City Metropolitan Municipality
",,Buffalo City,,Registration of a long standing name,,
Mgcineni Mgqatsa Village,Village,2013-12-06 00:00:00,,Eastern Cape,,extension 6 in Qumbu,,,,,Mhlontlo,,O R Tambo,,Change of name,,
Mpethu,Hill,2019-03-22 00:00:00,±25 km W of Centani: Village Lat: 32° 18' Long: 2,Eastern Cape,,,,,,,Mnquma,,Amathole ,,Registration of a long standing name,,
Ngwevana,River,2019-03-22 00:00:00,,Eastern Cape,,Gwevana,,,,,King Sabata Dalindyebo,,O R Tambo,,Gwevana,,
Tobile Bam Township,Township,2013-12-06 00:00:00,,Eastern Cape,,Extension 2,,,,,Mhlontlo,,O R Tambo,,Change of Name,,
Wild Fig Country Estate,Settlement,2005-02-25 00:00:00,10 km South of White River and 10 km North of Nelspruit.,Mpumalanga,105.0,,,5.0,2.0,DC32,Mbombela,,"Ehlanzeni
",MP322,,,
Boitumelo,Post Office,2000-03-14 00:00:00,35 km S of Ganyesa,North West,73.0,,377.0,,8.0,DC39,Kagisano_Molopo,,Dr Ruth Segomotsi Mompati,,,,
Bonkolo,River (not specified),2005-02-25 00:00:00,4 km NE ,Eastern Cape,119.0,Bongolo,,,10.0,DC13,Enoch Mgijima,,Chris Hani,,Bongolo,,
Cacadu,River (not specified),2005-05-27 00:00:00,18 km S of Lady Frere,Eastern Cape,119.0,Wit Kei,,,10.0,DC13,Emalahleni,,Chris Hani,,Wit Kei,,
Capricon square,Post Office,2000-09-07 00:00:00,25 km S of Simonstad above on M5,Western Cape,73.0,,5.0,,2.0,,City of Cape Town,,City of Cape Town,,,,
Century City,Post Office,2000-09-07 00:00:00,10 km from Cape Town,Western Cape,73.0,,4.0,,2.0,,City of Cape Town,,City of Cape Town,,,,
Chintsa (East and West),Settlement,2006-07-27 00:00:00,±35 km E Lat: 32° 49' Long: 28° 11',Eastern Cape,105.0,,62.0,,10.0,,Great Kei,,Amathole,,,,
Chintsa (East and West),,2006-07-27 00:00:00,±35 km E Lat: 32° 49' Long: 28° 11',Eastern Cape,,,62.0,,2.0,,Great Kei,,Amathole,,,,
Chintsa East and West,River (not specified),2004-07-16 00:00:00,18 km S of Lady Frere,Eastern Cape,119.0,Cintsa,,,10.0,DC13,Great Kei,,Amathole,,Cintsa,,
Edludluma,Settlement,2005-02-25 00:00:00,60 km East of Malelane.,Mpumalanga,105.0,,,,6.0,,Nkomazi,,Ehlanzeni,,,,
eGolela,Railway,2006-06-30 00:00:00,"41 km NE of Pongola Town, 2731BD",KwaZulu-Natal,78.0,Golela,,,11.0,,Upongolo,,Zululand,,Golela,,
eMatshamnyama,Village,2006-06-30 00:00:00,"23 km NW of Pongola Town, 2831BB",KwaZulu-Natal,106.0,Matshamnyama,,,11.0,DC32,Big  Five Hlabisa,,Umkhanyakude,,Matshamnyama,,
eMkhwakhweni,Village,2006-06-30 00:00:00,"18 km NW of Pongola , 2830BD",KwaZulu-Natal,106.0,Mkhwakhweni,,,11.0,DC24,Upongolo,,Zululand,,Mkhwakhweni,,
Esigangeni,Hill,2006-07-27 00:00:00,,Eastern Cape,37.0,No Name Peak,,,11.0,,Sakhisizwe,,Chris Hani,,,,
Esikhalini,Hill,2006-07-27 00:00:00,,Marion island,37.0,New feature,,,11.0,,Prince Edward Island,,Prince Edward Island,,,,
ESiyabonga,Post Office,2001-08-14 00:00:00,12 km S of Durban,KwaZulu-Natal,73.0,,200.0,,11.0,,eThekwini,,eThekwini,,,,
GaMadikana,Post Office,2000-03-14 00:00:00,79km N of Polokwane,Limpopo,73.0,,344.0,,4.0,DC7,Molemole,,Capricon,,,,
ISankontshe,Post Office,2000-03-14 00:00:00,10 km S of Hammmersdale,KwaZulu-Natal,73.0,,204.0,,11.0,,eThekwini,,eThekwini,,,,
Isigodi samachibi,Plain,2006-07-27 00:00:00,Lat: 46° 56' Long: 37° 35',Marion island,125.0,New feature,,,11.0,,Marion island,,Marion island,,,,
Kingsway,Post Office,2000-09-07 00:00:00,± 1 km N of Amanzimtoti,KwaZulu-Natal,73.0,,200.0,,2.0,,eThekwini,,eThekwini,,,,
Kopanong,Lake,2006-07-27 00:00:00,,Marion island,56.0,New feature,,,4.0,,Marion Island,,Marion Island,,,,
KwaGoba,Post Office,2001-08-14 00:00:00,"2,5 km N of Inanda",KwaZulu-Natal,73.0,,242.0,,11.0,,eThekwini,,eThekwini,,,,
KwaThuthuka,Post Office,2000-03-14 00:00:00,7 km W of Amanzimtoti,KwaZulu-Natal,73.0,,240.0,,16.0,,eThekwini,,eThekwini,,,,
Laastedrif Dam,Dam,2000-05-31 00:00:00,,Western Cape,23.0,,27.0,,16.0,DC2,Witzenberg,,Cape Winelands,,,,
Lakenvlei Lower Dam,Dam,2000-05-31 00:00:00,,Western Cape,23.0,,27.0,,16.0,DC2,Witzenberg,,Cape Winelands,,,,
Lakenvlei Upper Dam,Dam,2000-05-31 00:00:00,,Western Cape,23.0,,27.0,,16.0,DC2,Witzenberg,,Cape Winelands,,,,
Madibeng,Post Office,2000-03-14 00:00:00,200 km W of Vryburg,North West,73.0,,253.0,,8.0,,Madibeng,,Bojanala,,,,
Madimbo,Post Office,2001-08-14 00:00:00,48 km N,Limpopo,73.0,,354.0,,9.0,,Musina,,Vhembe,,,,
Marconi Beam,Post Office,2001-10-29 00:00:00,3 km from Milnerton,Western Cape,73.0,,4.0,,2.0,,City of Cape Town,,City of Cape Town,,,,
Mascarin Peak,Mountain Peak,2006-07-27 00:00:00,Lat: 46° 54' Long: 37° 42',Marion island,,State President Swart Peak,,,2.0,,Marion island,,Marion island,,,,
Mphothulo,Settlement,2004-05-28 00:00:00,45 km S,Eastern Cape,105.0,Mopotula,,,10.0,DC13,Emalahleni,,Chris Hani,,Mopotula,,
Mphothulo,Post Office,2006-07-27 00:00:00,45 km S of Lady Frere Post Office Lat: 31° 54' Lo,Eastern Cape,73.0,,118.0,,10.0,DC13,Emalahleni,,Chris Hani,,,,
Mphothulo,Railway,2006-07-27 00:00:00,45 km S of Lady Frere Post Office Lat: 31° 54' Lo,Eastern Cape,78.0,,118.0,,10.0,DC13,Emalahleni,,Chris Hani,,,,
Mthentu,Village,2005-02-25 00:00:00,,Eastern Cape,119.0,Mtentu,,,10.0,,King Sabata Dalindyebo,,O R Tambo,,Mtentu,,
Mthentu,River (not specified),2005-02-25 00:00:00,,Eastern Cape,119.0,Mtentu,,,10.0,,King Sabata Dalindyebo,,O R Tambo,,Mtentu,,
Muswodi Dipeni,Post Office,2001-08-14 00:00:00,32 km N of Mutale,Limpopo,73.0,,354.0,,9.0,DC33,Musina,,Vhembe,,,,
Mvane,River (not specified),2004-05-28 00:00:00,25 km S,Eastern Cape,119.0,Imvani,,,10.0,DC13,Enoch Mgijima,,Chris Hani,,Imvani,,
Mvane,Railway,2004-05-28 00:00:00,26 km S,Eastern Cape,78.0,Imvani,,,10.0,DC13,Enoch Mgijima,,Chris Hani,,Imvani,,
Mvane,Town,2006-07-27 00:00:00,Settlement Lat: 32° 01' Long: 27° 04',Eastern Cape,111.0,,58.0,,10.0,DC13,Enoch Mgijima,,Chris Hani,,,,
Nciba,River (not specified),2005-07-01 00:00:00,In Queenstown,Eastern Cape,119.0,Swart Kei,,,10.0,DC13,Enoch Mgijima,,Chris Hani,,Swart Kei,,
Ntswaneng,Post Office,2002-05-01 00:00:00,80 km E of Tzaneen,Limpopo,73.0,,350.0,,4.0,DC32,Greater Tzaneen,,Mopani,,,,
Nyanga Junction,Post Office,2001-04-08 00:00:00,22 km E of Cape Town,Western Cape,73.0,,6.0,,17.0,,City of Cape Town,,City of Cape Town,,,,
Orient Hill,Post Office,2001-08-14 00:00:00,15 km S of Durban,KwaZulu-Natal,73.0,,200.0,,2.0,,eThekwini,,eThekwini,,,,
Polokwane,Town,2002-05-01 00:00:00,Formerly Pietersburg,Limpopo,111.0,Pietersburg,328.0,,4.0,,Polokwane,,Capricorn,,Pietersburg,,
Polokwane,Post Office,2005-02-25 00:00:00,It is situated within the CBD,Limpopo,73.0,,,,4.0,,Polokwane,,Capricorn,,,,
Prospecton,Post Office,2001-04-09 00:00:00,15 km S of Durban,KwaZulu-Natal,73.0,,200.0,,2.0,,eThekwini,,eThekwini,,,,
Ramodumo,Post Office,2001-08-14 00:00:00,70 km N of Duiwelskloof,Limpopo,73.0,,342.0,,4.0,DC33,Greater Letaba,,Mopani,,,,
Ratšeke,Post Office,2001-08-14 00:00:00,43 km E of Duiwelskloof,Limpopo,73.0,,342.0,,4.0,DC33,Greater Letaba,,Mopani,,,,
Resolution Peak,Mountain Peak,2004-04-08 00:00:00,,Prince Edward,138.0,Jan Smuts Peak,,,2.0,,Prince Edward,,Prince Edward,,,,
Sefogane,,2006-07-27 00:00:00,19 km N of Graskop Lat: 24° 46' Long: 28° 41',Mpumalanga,,,315.0,,4.0,,Thaba Chweu,,Ehlanzeni,,,,
Sparksview,Post Office,2001-10-29 00:00:00,On the outskirts of the Durban CBD,KwaZulu-Natal,73.0,,200.0,,2.0,,"Ethekwini Metropolitan Municipality
",,"Ethekwini Metropolitan Municipality
",,,,
Taulome,Post Office,2001-08-14 00:00:00,45 km NE of Duiwelskloof,Limpopo,73.0,,342.0,,4.0,DC33,Greater Letaba,,Mopani,,,,
Tele River,River (not specified),2006-07-27 00:00:00,River forming border with Lesotho Lat: 30° 36' Lo,Eastern Cape,,,119.0,,10.0,,Senqu,,Joe Gqabi,,,,
Thembani,Town,2004-10-01 00:00:00,55 km E,Eastern Cape,111.0,,,,10.0,DC13,Enoch Mgijima,,Chris Hani,,,,
Umhlanga Gateway,Post Office,2003-05-15 00:00:00,24 km SW from Umhlanga Rocks CBD,KwaZulu-Natal,73.0,,201.0,,2.0,,eThekwini,,eThekwini,,,,
Umkhombe,Hill,2006-07-27 00:00:00,Lat: 46° 51' Long: 37° 47',Marion island,37.0,New feature,,,10.0,,Marion island,,Marion island,,,,
Mistkraal,Post Office,2001-04-08 00:00:00,10 km W of Kirkwood,Eastern Cape,73.0,,71.0,,17.0,DC10,"Sundays River Valley Local Municipality
",,"Sarah Baartman
",,,,
eBasiyeni,Village,2012-04-13 00:00:00,,KwaZulu-Natal,,Basiyeni,,,,,"Mpofana Local Municipality
",,Umgungundlovu,,Correction of spelling,,
eBayala,Village,2011-10-07 00:00:00,,KwaZulu-Natal,,Biyela,,,,,"Mthonjaneni Local Municipality
",,King Cetshwayo,,Correction of spelling,,
eBhekizwe,Village,2012-04-13 00:00:00,,KwaZulu-Natal,,Bhekizwe,,,,,"Umvoti Local Municipality
",,Umzinyathi,,Correction of spelling,,
eBomvini,Village,2013-10-02 00:00:00,,KwaZulu-Natal,,Bomvini,,,,,"Ntabankulu Local Municipality
",,Alfred Nzo,,Correction of spelling,,
Ekukhanyeni,Settlement,2015-09-11 00:00:00,,Mpumalanga,,Kwaggafontein,,,,,"Thembisile Local Municipality
",,Nkangala,,Change of Name,,
eKwayiweni,Village,2011-10-07 00:00:00,,KwaZulu-Natal,,Gwaliweni,,,,,"Jozini Local Municipality
",,Umkhanyakude,,Correction of spelling,,
EmaBheleni,Settlement,2019-03-22 00:00:00,,Eastern Cape,,EmaBeleni,,,,,"Elundini Local Municipality
",,"Joe Gqabi
",,EmaBeleni,,
eMabuyeni,Village,2012-04-13 00:00:00,,KwaZulu-Natal,,Mabuyeni,,,,,"uMhlathuze Local Municipality
",,"King Cetshwayo
",,Correction of spelling,,
eMadaka,Village,2012-04-13 00:00:00,,KwaZulu-Natal,,Madaka,,,,,"Nkandla Local Municipality
",,"King Cetshwayo
",,Correction of spelling,,
eMadlangala,Village,2012-04-13 00:00:00,,KwaZulu-Natal,,Madlankala,,,,,"uMhlathuze Local Municipality 
",,"King Cetshwayo
",,Correction of spelling,,
eMafakatini,Village,2011-10-07 00:00:00,,KwaZulu-Natal,,Mafakatini,,,,,"The Msunduzi Local Municipality
",,"Umgungundlovu
",,Correction of spelling,,
eMafikeni,Village,2016-02-09 00:00:00,,KwaZulu-Natal,,,,,,,"Inkosi Langalibalele Local Municipality
",,Uthukela,, Registration of a long standing of name,,
eMagovini,Village,2016-02-09 00:00:00,,KwaZulu-Natal,,,,,,,"eDumbe Local Municipality
",,Zululand,,Registration of a long standing of name,,
eMagovini,Forest,2016-02-09 00:00:00,,KwaZulu-Natal,,,,,,,"eDumbe Local Municipality
",,Zululand,,Registration of a long standing of name,,
eMahukwini,Village,2016-02-09 00:00:00,,KwaZulu-Natal,,Doornhoek,,,,,"Alfred Duma Local Municipality
",,Uthukela,,Doornhoek,,
eMakhasaneni,Village,2016-02-09 00:00:00,,KwaZulu-Natal,,Makhasaneni,,,,,"Mthonjaneni Local Municipality
",,King Cetshwayo,,Makhasaneni,,
eMangweni,Settlement,2011-10-07 00:00:00,,KwaZulu-Natal,,Loskop,,,,,"Inkosi Langalibalele Local Municipality
",,Uthukela,,Change of name,,
eManzawayo,Village,2016-02-09 00:00:00,,KwaZulu-Natal,,Manzawayo,,,,,"Nkandla Local Municipality
",,King Cetshwayo,,correction of orthography from Manzawayo,,
eManzimtoti,Town,2010-10-01 00:00:00,,KwaZulu-Natal,,Amanzimtoti,,,,,eThekwini,,eThekwini,,Correction of spelling,,
eMaphephetheni,Village,2011-10-07 00:00:00,,KwaZulu-Natal,,Maphephethwa,,,,,eThekwini,,eThekwini,,Correction of spelling,,
EmaTolweni,Settlement,2020-03-23 00:00:00,,Eastern Cape,,,,,,,"Mbhashe Local Municipality
",,Amathole,,Existing name registration,,
eMatshana,Village,2013-10-02 00:00:00,,KwaZulu-Natal,,Matshana,,,,,"uMhlathuze Local Municipality
",,"King Cetshwayo
",,Correction of spelling,,
eMbangweni,Settlement,2011-10-07 00:00:00,,Mpumalanga,,Lochiel,,,,,"Chief Albert Luthuli Local Municipality
",,"Gert Sibande
",,Change of name,,
eMboni,Village,2013-10-02 00:00:00,,KwaZulu-Natal,,Mbona,,,,,"uMshwathi Local Municipality
",,Umgungundlovu,,Correction of spelling,,
eMdloti,Town,2010-10-01 00:00:00,,KwaZulu-Natal,,Umdloti,,,,,eThekwini,,"eThekwini
",,Correction of spelling,,
eMdutshini,Village,2013-10-02 00:00:00,,KwaZulu-Natal,,Mdutshini,,,,,"The Msunduzi Local Municipality
",,Umgungundlovu,,Correction of spelling,,
eMevamhlophe,Village,2013-10-02 00:00:00,,KwaZulu-Natal,,Mevamhlophe,,,,,"uMhlathuze Local Municipality
",,"King Cetshwayo
",,Correction of spelling,,
eMhlangeni,Village,2017-12-15 00:00:00,,KwaZulu-Natal,,Ezitendeni,,,,,"Umzumbe Local Municipality
",,Ugu,,Ezitendeni,,
eMhlwaneni,Village,2016-02-09 00:00:00,,KwaZulu-Natal,,Drifontein,,,,,"Alfred Duma Local Municipality
",,Uthukela,,Drifontein,,
eMibuzweni,Village,2016-02-09 00:00:00,,KwaZulu-Natal,,Kirkintulloch,,,,,"Alfred Duma Local Municipality
",,Uthukela,,Kirkintulloch,,
eMkhathini,Location,2016-06-17 00:00:00,,Gauteng,,Emkatini,,,,,Ekurhuleni,,Ekurhuleni,,Emkatini,,
eMkhindini,Village,2016-02-09 00:00:00,,KwaZulu-Natal,,Mkhindini,,,,,"Mthonjaneni Local Municipality
",,"King Cetshwayo
",,Mkhindini,,
eMkhomazi,Village,2010-10-01 00:00:00,,KwaZulu-Natal,,Umkomaas,,,,,eThekwini,,eThekwini,,Correction of spelling,,
eMkhuze,Town,2011-10-07 00:00:00,,KwaZulu-Natal,,Mkuze,,,,,"Jozini Local Municipality
",,Umkhanyakude,,Correction of spelling,,
eMlondozi,Settlement,2009-12-18 00:00:00,,Mpumalanga,,Badplaas,,,,,"Chief Albert Luthuli Local Municipality
",,"Gert Sibande
",,Change of Name,,
Emndeni,Township,2016-06-17 00:00:00,,Gauteng,,Emdeni,,,,,"City of Johannesburg 
",,"City of Johannesburg
",,correction of orthography from Emdeni,,
eMpuluzi,,2006-03-03 00:00:00,85 km NW of Carolina,Mpumalanga,,,,5.0,11.0,DC30,Lekwa,,Gert Sibande,MP305,,,
eMsasandla,Village,2012-04-13 00:00:00,,KwaZulu-Natal,,Msasandla,,,,,"uMhlathuze Local Municipality
",,"King Cetshwayo
",,Correction of spelling,,
eMtengu,Village,2013-10-02 00:00:00,,KwaZulu-Natal,,Mtengu,,,,,"uMhlathuze Local Municipality
",,"King Cetshwayo
",,Correction of spelling,,
Amathole Mountains,Mountain,,,Eastern Cape,,Amatola,,,,,"Amahlathi Local Municipality
",,Amathole,,Amatola,,
Bhaziya,Township,,34 km W,Eastern Cape,,,,1.0,10.0,,King Sabata Dalindyebo,,O.R.Tambo,EC157,,,
Bhola,Settlement,,,Eastern Cape,,Bola,,,,,"Great Kei Local Municipality
",,Amathole,,Bola),,
Bhulurha,River,,,Eastern Cape,,Serope Seyabenye,,,,,"Great Kei Local Municipality
",,Amathole,,from Serope Seyabenye,,
Bo-Kaap,Suburb,,,Western Cape,,Schotchekloof,,,,,City of Cape Town,,City of Cape Town,,Schotchekloof,,
Bonaventure Nkholi,Township,2015-12-09 00:00:00,,Free State,,Section T,,,,,"Mangaung Metropolitan Municipality
",,Mangaung,,Change of Name,,
Boyce Nondala,Township,2015-09-11 00:00:00,,Eastern Cape,,,,,,,"Senqu Local Municipality
",,Joe Gqabi,,New Settlement,,
Bram Fischer International Airport,Airport,2012-11-02 00:00:00,,Free State,,Bloemfontein International Airport,,,,,"Mangaung Metropolitan Municipality
",,Mangaung,,Change of name,,
Bumbane,Village,2020-03-23 00:00:00,,Eastern Cape,,,,,,,"Engcobo Local Municipality
",,Chris Hani,,Existing name registration,,
Bushbuck Hills Game Farm,Township,2019-09-20 00:00:00,,North West,,,,,,,"Kgetlengrivier Local Municipality
",,Bojanala,,Registration of a new township name,,
Cacadu,Town,2016-02-09 00:00:00,,Eastern Cape,,Lady Frere,,,,,"Emalahleni Local Municipality
",,Chris Hani,, Change of name from Lady Frere,,
Century City Station                  ,Railway Station,2010-01-29 00:00:00,,Western Cape,,Railway Station,,,,,"City of Cape Town Metropolitan Municipality
",,City of Cape Town,,,,
Chamdor,Settlement,2016-10-10 00:00:00,,Gauteng,,,,,,,"Mogale City Local Municipality
",,West Rand,,registration of an existing name,,
Chefana,,2005-02-25 00:00:00,31 km NE,Eastern Cape,,,,1.0,10.0,,King Sabata Dalindyebo,,O.R.Tambo,EC157,,,
Chester Pulumo,Township,2015-12-09 00:00:00,,Free State,,Section K,,,,,Mangaung,,Mangaung,,Change of Name,,
Chief Dawid Stuurman International Airport,Airport,2021-02-22 00:00:00,,Eastern Cape,,Port Elizabeth Airport,,,,,"Nelson Mandela Bay Metropolitan Municipality
",,Nelson Mandela Bay,,Port Elizabeth Airport,,
Chizele,Settlement,2021-02-22 00:00:00,,Eastern Cape,,Cizele,,,,,"King Sabata Dalindyebo Local Municipality
",,O.R.Tambo,,Cizele,,
Cildarha,Village,2020-03-23 00:00:00,,Eastern Cape,,Cildara,,,,,"Raymond Mhlaba Local Municipality
",,Amathole,,Cildara,,
Daniel Kheswa,Township,2015-12-09 00:00:00,,Free State,,Section W,,,,,"Mangaung Metropolitan Municipality
",,Mangaung,,Change of Name,,
Dayimane,Village,2020-03-23 00:00:00,,Eastern Cape,,,,,,,"Maphumulo Local Municipality
",,iLembe,,Existing name registration,,
Dikeni,Town  Post Office and Railway Station,2016-06-17 00:00:00,,Eastern Cape,,Alice,,,,,"Engcobo Local Municipality
",,Chris Hani,,change of name from Alice,,
Diphini,Settlement,2016-06-17 00:00:00,,Eastern Cape,,Dipini,,,,,"Emalahleni Local Municipality
",,Chris Hani,,correction of orthography from Dipini,,
District Six,Suburb,2019-12-17 00:00:00,,Western Cape,,Zonnebloem,,,,,City of Cape Town,,City of Cape Town,,Zonnebloem,,
Dithakwaneng,Village,2019-09-20 00:00:00,,North West,,,,,,,City of Ekurhuleni Metropolitan Municipality,,"Dr Ruth Segomotsi Mompati
",,Registration of a new township name,,
Dlamini,Township,2016-06-17 00:00:00,,Gauteng,,Dhlamini,,,,,"City of Johannesburg
",,"City of Johannesburg
",,Dhlamini,,
Dontsa,Settlement,2021-02-22 00:00:00,,Eastern Cape,,,,,,,Amahlathi,,Amathole,,Existing name registration,,
Dorha Dam,Dam,2016-06-17 00:00:00,,Western Cape,,Rockview,,,,,Theewaterskloof,,Overberg,,Dam change of name from Rockview,,
Ezingcuka,Village,2020-03-23 00:00:00,,Eastern Cape,,,,,,,Mnquma Local Municipality,,Amathole,,Existing name registration,,
Gqeberha,City,2021-02-22 00:00:00,,Eastern Cape,,Port Elizabeth,,,,,Nelson Mandela Bay Metropolitan Municipality,,Nelson Mandela Bay Metropolitan Municipality,,Port Elizabeth,,
Gxulu,River,2020-03-23 00:00:00,,Eastern Cape,,,,,,,City of Ekurhuleni Metropolitan Municipality,,O.R.Tambo,,Existing name registration,,
Kariega,City,2021-02-22 00:00:00,,Eastern Cape,,Uitenhage,,,,,Nelson Mandela Bay Metropolitan Municipality,,Nelson Mandela Bay,,Uitenhage,,
King Phalo Airport,Airport,2021-02-22 00:00:00,,Eastern Cape,,East London Airport,,,,,"Buffalo City Metropolitan Municipality
",,Buffalo City,,East London Airport,,
King Shaka Interational Airport,Airport,2010-01-29 00:00:00,,Kwazulu-Natal,,La Mercy Airport,,,,,"Ethekwini Metropolitan Municipality
",,"Ethekwini Metropolitan Municipality
",,Change of name,,
Luxeni,Settlement,2021-02-22 00:00:00,,Eastern Cape,,,,,,,"Mnquma Local Municipality
",,"Amathole
",,Existing name registration,,
Makhanda,Town,2018-06-29 00:00:00,,Eastern Cape,,Grahamstown,,,,,"Makana Local Municipality
",,"Sarah Baartman
",,Grahamstown,,
Makhazi,Village,2019-03-22 00:00:00,,Eastern Cape,,Makazi,,,,,"Great Kei Local Municipality
",,Amathole,,Makazi,,
Marhubeni,Village,2020-03-23 00:00:00,,Eastern Cape,,Marubeni,,,,,"Engcobo Local Municipality
",,"Chris Hani
",,Marubeni,,
Mbuthweni,Village,2020-03-23 00:00:00,,Eastern Cape,,,,,,,"Mnquma Local Municipality
",,Amathole,,Existing name registration,,
Mphetshwa,Village,2021-02-22 00:00:00,,Eastern Cape,,,,,,,"Mbizana Local Municipality
",,"Alfred Nzo
",,Existing name registration,,
Solomon Linda,Town,2022-08-26 00:00:00,,KwaZulu-Natal,,Pomeroy,,,,,uMsinga Local Municipality,,uMvoti District Municipality,,,,
Mandela Freedom Road (R301),Road,2022-09-16 00:00:00,,Western Cape,,Main Road 201 (R301),,,,,"Drakenstein Local Municipality
",,"Cape Winelands
",,,,
Khwenxurha,Village,2022-08-26 00:00:00,,Eastern Cape,,Mooiplaas,,,,,Great Kei Local Municipality,,Amathole District Municipality,,,,
Gxarha,Town,2022-08-26 00:00:00,,Eastern Cape,,Morgan’s Bay,,,,,Great Kei Local Municipality,,Amathole District Municipality,,,,
Enxuba,Town,2022-08-26 00:00:00,,Eastern Cape,,Cradock,,,,,Inxuba Yethemba Local Municipality,,Chis Hani District Municipality,,,,
Advocate Mthetheleli Ngumbela Drive,Road,2022-08-26 00:00:00,,Eastern Cape,,New registration of new name,,,,,Mbhashe Local Municipality,,Amathole District Municipality,,,,
Thembalethu Peace Village,Village,2022-08-26 00:00:00,,Eastern Cape,,New registration of new name,,,,,Great Kei Local Municipality,,Amathole District Municipality,,,,
Siyathemba,Human settlement,2022-08-26 00:00:00,,Eastern Cape,,New registration of new name,,,,,Great Kei Local Municipality,,Amathole District Municipality,,,,
Nomngxeki,Township,2022-08-26 00:00:00,,Eastern Cape,,New registration of new name,,,,,Great Kei Local Municipality,,Amathole District Municipality,,,,
Happy valley,Human settlement,2022-08-26 00:00:00,,Eastern Cape,,New registration of new name,,,,,Great Kei Local Municipality,,Amathole District Municipality,,,,
Siviwe,Suburb,2022-08-26 00:00:00,,Eastern Cape,,New registration of new name,,,,,Great Kei Local Municipality,,Amathole District Municipality,,,,
Mzomhle,Suburb,2022-08-26 00:00:00,,Eastern Cape,,New registration of new name,,,,,Great Kei Local Municipality,,Amathole District Municipality,,,,
Qumrha River,River,2022-08-26 00:00:00,,Eastern Cape,,Komga River,,,,,Great Kei Local Municipality,,Amathole District Municipality,,,,
Tlokoeng,Town,2021-03-16 00:00:00,,Eastern Cape,,Mount Fletcher,,,,,Elundini Local Municipality,,Joe Gqabi District Municipality,,,,
Mahlubini,Village,2021-03-16 00:00:00,,Eastern Cape,,St Augustine,,,,,Elundini Local Municipality,,Joe Gqabi District Municipality,,,,
Uhlelo,Area,2021-03-16 00:00:00,,Mpumalanga,,Driehoek,,,,,Mkhondo Local Municipality,,Gert Sibande District Municipality,,,,
eNtababusuku,Area,2021-03-16 00:00:00,,Mpumalanga,,Donkerhoek,,,,,Mkhondo Local Municipality,,Gert Sibande District Municipality,,,,
Maphanga,Human Settlement,2021-03-16 00:00:00,,Mpumalanga,,Allmansdrift D,,,,,Dr. JS. Moroka Local Municipality,,Nkangala District Municipality,,,,
Makopanong,Human Settlement,2021-03-16 00:00:00,,Mpumalanga,,,,,,,Dr. JS. Moroka Local Municipality,,Nkangala District Municipality,,,,
Senotlelo,Human Settlement,2021-03-16 00:00:00,,Mpumalanga,,,,,,,Dr. JS. Moroka Local Municipality,,Nkangala District Municipality,,,,
Somaroborho,Human Settlement,2021-03-16 00:00:00,,Mpumalanga,,Somaroboro,,,,,Thembisile Hani Local Municipality,,Nkangala District Municipality,,,,
Ga-Phahlamohlaka,Human Settlement,2021-03-16 00:00:00,,Mpumalanga,,Ga-Phamohlaka,,,,,Dr. JS. Moroka Local Municipality,,Nkangala District Municipality,,,,
Ramantsho,Human Settlement,2021-03-16 00:00:00,,Mpumalanga,,,,,,,Dr. JS. Moroka Local Municipality,,Nkangala District Municipality,,,,
eMthambothini,Human Settlement,2021-03-16 00:00:00,,Mpumalanga,,,,,,,Dr. JS. Moroka Local Municipality,,Nkangala District Municipality,,,,
Siyabuswa,Human Settlement,2021-03-16 00:00:00,,Mpumalanga,,,,,,,Thembisile Hani Local Municipality,,Nkangala District Municipality,,,,
Vezubuhle,Human Settlement,2021-03-16 00:00:00,,Mpumalanga,,,,,,,Thembisile Hani Local Municipality,,Nkangala District Municipality,,,,
Ekuthuleni,Human Settlement,2021-03-16 00:00:00,,Mpumalanga,,Tweefontein N,,,,,Thembisile Hani Local Municipality,,Nkangala District Municipality,,,,
King Mabhoko,Human Settlement,2021-03-16 00:00:00,,Mpumalanga,,,,,,,Thembisile Hani Local Municipality,,Nkangala District Municipality,,,,
Sibonukukhanya,Human Settlement,2021-03-16 00:00:00,,Mpumalanga,,Zusterhoek,,,,,Thembisile Hani Local Municipality,,Nkangala District Municipality,,,,
Chief Magodongo,Human Settlement,2021-03-16 00:00:00,,Mpumalanga,,Wolvenkop,,,,,Thembisile Hani Local Municipality,,Nkangala District Municipality,,,,
Winnie Mandela,Town,2021-08-06 00:00:00,,Free State,,Brandfort,,,,,Masilonyana Local Municipality,,Lejweleputswa District Municipality,,,,
Hartebeestspruit,Human Settlement,2021-07-30 00:00:00,,Gauteng,,,,,,,City of Tshwane Metropolitan Municipality ,,City of Tshwane Metropolitan Municipality ,,,,
Shere,Human Settlement,2021-07-30 00:00:00,,Gauteng,,,,,,,City of Tshwane Metropolitan Municipality ,,City of Tshwane Metropolitan Municipality ,,,,
Themba,Human Settlement,2021-07-30 00:00:00,,Gauteng,,Kudube,,,,,City of Tshwane Metropolitan Municipality ,,City of Tshwane Metropolitan Municipality ,,,,
Zeekoegat,Human Settlement,2021-07-30 00:00:00,,Gauteng,,,,,,,City of Tshwane Metropolitan Municipality ,,City of Tshwane Metropolitan Municipality ,,,,
Qaza,Village,2021-12-10 00:00:00,,Limpopo,,Mabiligwe/Boxahuku,,,,,Collins Chabane Local Municipality,,Vhembe District Municipality,,,,
Josefa,Village,2021-12-10 00:00:00,,Limpopo,,Joseph village,,,,,Collins Chabane Local Municipality,,Vhembe District Municipality,,,,
Makgobaskloof Mountain Pass (R71),Mountain Pass/Poort,2021-12-10 00:00:00,,Limpopo,,Makgoebaskloof Pass (R71),,,,,Greater Tzaneen Local Municipality,,Mopani District Municipality,,,,
Makhalitseng,Human Settlement,2021-12-10 00:00:00,,Eastern Cape,,Kinirha Poort,,,,,Undini Local Municipality ,,Joe Gqabi District Municipality,,,,
Richard Mhlongo Road (R51),Road,2021-12-10 00:00:00,,Gauteng,,Kingsway Road (R51),,,,,City of Ekurhuleni Metropolitan Municipality,,City of Ekurhuleni Metropolitan Municipality,,,,
Chris N. Dlamini Road (R21),Road,2021-12-10 00:00:00,,Gauteng,,Rietfontein Road (R21),,,,,City of Ekurhuleni Metropolitan Municipality,,City of Ekurhuleni Metropolitan Municipality,,,,
Modimolle,Town,2002-05-01 00:00:00,E of Waterberg district (Formerly Nylstroom),Limpopo,111.0,Nylstroom,331.0,7.0,4.0,DC36,Modimolle,,Waterberg,NP365,Nylstroom,,
Hani View,Post Office,2000-09-07 00:00:00,24 km NW of Bela-Bela,Limpopo,73.0,,334.0,7.0,2.0,DC36,Modimolle,,Waterberg,NP365,,,
Ga-Morwe,Settlement,2006-03-03 00:00:00,±7 km W of Mdutjana,Mpumalanga,105.0,Kameelrivier B,,7.0,4.0,,Greater Groblersdal,,Nkangala,NP03a5,Change of name,,
Umgwenya,River (not specified),2004-05-28 00:00:00,,Mpumalanga,,,,,6.0,,"Nkomazi Local Municipality
",,Ehlanzeni,,Change of name,,
Lefiso,Settlement,2006-06-30 00:00:00,"50 km North East of Mbibane, 2428 DD",Mpumalanga,105.0,Geelbeksvlei,,5.0,8.0,DC31,Dr JS Moroka,,Nkangala,MP316,Change of name,,
Engwenyameni,Settlement,2006-06-30 00:00:00,"10 km North of Kwa-Mhlanga, 2430 DA",Mpumalanga,105.0,Klipfontein,,5.0,3.0,DC31,Thembisile,,Nkangala,MP315,Change of name,,
eMphelandaba,Settlement,2011-10-07 00:00:00,,Mpumalanga,,Smithfield,,,,,Chief Albert Luthuli,,Gert Sibande,,Change of name,,
eThembalethu,Village,2009-09-18 00:00:00,,Mpumalanga,,Buhlebesizwe,,,,,Thembisle,,Nkangala,,Change of name,,
O.R. Tambo,Airport,2006-11-24 00:00:00,East of Johannesburg,Gauteng,5.0,Johannesburg International Airport,,3.0,1.0,EKU,Ekurhuleni Metro,,Ekurhuleni Metro,EKU,Change of name,,
Edwin Bokala,Township,2015-12-09 00:00:00,,Free State,,Makurung,,,,,Mangaung,,Mangaung,,Change of Name,,
eMkhondo,Town,2010-01-29 00:00:00,,Mpumalanga,,Piet Ritief,,,,,Mkhondo Local Municipality,,Gert Sibande,,Change of Name,,
eMboloba,Village,2006-06-30 00:00:00,"12 km NW of Pongola Town, 2731BC",KwaZulu-Natal,106.0,Mboloba,,4.0,11.0,DC26,UPhongolo,,Zululand,KZ262,Mboloba,,
eMsuzwaneni,Village,2006-06-30 00:00:00,"10 km NW of Pongola , 2731BD",KwaZulu-Natal,106.0,,,4.0,11.0,DC26,UPhongolo,,Zululand,KZ262,,,
Emtfuntini,Settlement,2005-02-25 00:00:00,38 km West of Malelane.,Mpumalanga,105.0,Langeloop,,5.0,6.0,DC32,Nkomazi,,Ehlanzeni,MP324,Langeloop,,
Green Grass,Post Office,2001-08-14 00:00:00,60 SW of Taung,Northern Cape,73.0,,431.0,6.0,2.0,DC9,Phokwane,,Frances Baard,NC092,,,
Grootfonteindrif,Dam,2000-09-22 00:00:00,Approximately 5 km upstream. Goukou River Still Bay,Western Cape,23.0,Hotnotdrif,,9.0,1.0,DC4,Hessequa,,Garden Route,WC042,Hotnotdrif,,
Lepelle,River (not specified),2005-07-16 00:00:00,,Mpumalanga,119.0,Olifants River,,,10.0,,"Msukaligwa Local Municipality
",,Gert Sibande,,Olifants River,,
Letswatla,Post Office,2000-03-14 00:00:00,80 km NW of Bochum,Limpopo,73.0,,344.0,7.0,8.0,DC35,Blouberg,,Capricorn District,NP351,,,
Mbhuyane,Mountain,2006-06-30 00:00:00,"20 km west of Barberton, 2631AA",Mpumalanga,44.0,Mbuyane,,5.0,6.0,DC32,City of Mbombela,,Ehlanzeni,MP323,Mbuyane,,
Mukununde,Post Office,2001-08-14 00:00:00,57 km E of Mutale,Limpopo,73.0,,354.0,7.0,9.0,DC34,Thulamela,,Vhembe District,NP342,,,
Muledzhi,Settlement,2002-05-01 00:00:00,38 km N of Thohoyandou,Limpopo,105.0,,354.0,7.0,9.0,DC34,Thulamela,,Vhembe District,NP343,,,
Ntabankulu,Hill,2005-02-25 00:00:00,,Eastern Cape,37.0,Tabankulu,,1.0,10.0,DC15,Ntabankulu,,Alfred Nzo,EC152,Tabankulu,,
Qetho,Post Office,2000-04-08 00:00:00,20 km S of Peddie,Eastern Cape,73.0,,92.0,1.0,10.0,DC12,Ngqushwa,,Amathole,EC126,,,
Tshwane Mail Centre,Post Office,2000-03-14 00:00:00,2-3 km SW of Pretoria,Gauteng,73.0,,270.0,3.0,17.0,,Tshwane Metro,,Tshwane Metro,TSH,,,
Modula Ranch,Post Office,2006-09-01 00:00:00,75 km S of Ganyesa,North West,73.0,,,,4.0,DC39,Kagisano,,Dr Ruth Segomotsi Mompati,,,,
Mononono,Post Office,2000-03-14 00:00:00,77 km NW of Rustenburg,North West,73.0,,253.0,,8.0,DC39,Moses Kotane,,Bojanala District,,,,
Mbombela,City,2009-10-16 00:00:00,,Mpumalanga,106.0,Nelspruit,,,,,City of Mbombela Local Municipality ,,Ehlanzeni,KZ262,Name Change,A isiSwati word that means a lot of people together in a small space ,
eNkuthu,Village,2016-02-09 00:00:00,,KwaZulu-Natal,,Kleinfontein,,,,,Alfred Duma Local Municipality,,Uthukela,,Change of name,,
eNtumeni,Village,2010-01-29 00:00:00,,KwaZulu-Natal,,Ntumeni,,,,,uMlalazi Local Municipality,,King Cetshwayo,,Correction of spelling,,
George Dick Montshioa Airport,Airport,2017-12-15 00:00:00,,North West,,Mafikeng Airport/Mmabatho Airport,,,,,Mafikeng Local Municipality,,Ngaka Modiri Molema,,Change of name,,
King Shaka Interational Airport,Airport,2010-01-29 00:00:00,,KwaZulu-Natal,,La Mercy Airport,,,,,Ethekwini Metropolitan Municipality,,Ethekwini Metropolitan Municipality,,Change of name,,
Komani,Town,2016-02-09 00:00:00,,Eastern Cape,,Queenstown,,,,,Enoch Mgijima Local Municipality,,Chris Hani,,Change of Name,,
KwaBhaca,Town,2016-02-09 00:00:00,,Eastern Cape,,Mount Frere,,,,,Umzimvubu Local Municipality,,Alfred Nzo,,Change of Name,,
MaXesibeni,Town,2016-02-09 00:00:00,,Eastern Cape,,Mount Ayliff,,,,,Umzimvubu Local Municipality,,Alfred Nzo,,Change of Name,,
Moloto South,Settlement,2015-09-11 00:00:00,,Mpumalanga,,Sybrandskraal,,,,,Thembisile Local Municipality,,Nkangala,,Change of Name,,
Mzimuhle,Settlement,2015-09-11 00:00:00,,Mpumalanga,,Gemsbokspruit,,,,,Thembisile Local Municipality,,Nkangala,,Change of Name,,
Ngqayi,Village,2021-02-22 00:00:00,,Eastern Cape,,Katkop,,,,,Elundini Local Municipality,,Joe Gqabi,,Change of Name,,
Nontongwana,Settlement,2016-06-17 00:00:00,,Eastern Cape,,Maarsdorp,,,,,Enoch Mgijima Local Municipality,,Chris Hani,,Change of Name,,
Nqanqarhu,Town,2021-02-22 00:00:00,,Eastern Cape,,MaClear Town,,,,,Elundini Local Municipality,,Joe Gqabi,,Change of Name,,
Ntabankulu,Town,2005-02-25 00:00:00,,Eastern Cape,111.0,Tabankulu,,1.0,10.0,DC15,Ntabankulu Local Municipality,,Alfred Nzo,EC152,Change of Name,,
Ntabozuko,Town,2021-02-22 00:00:00,,Eastern Cape,,Berlin,,,,,Buffalo City Metropolitan Municipality,,Buffalo City Metropolitan Municipality,,Change of Name,,
Nthrowane,Town,2013-03-28 00:00:00,,Mpumalanga,,Greylingstad,,,,,Dipaleseng Local Municipality,,Gert Sibande,,Change of Name,,
oThongathi,Town,2010-10-01 00:00:00,,KwaZulu-Natal,,Tongaat,,,,,Ethekwini Metropolitan Municipality,,Ethekwini Metropolitan Municipality,,correction of orthography,,
Phumzile Mahlangu Police ,Police Station,2011-10-07 00:00:00,,Mpumalanga,,Mhluzi Police Station,,,,,Steve Tshwete Local Municipality,,Nkangala,,Change of name,,
Rentse Village,Village,2010-10-01 00:00:00,,North West,,Goedgewonden,,,,,Mafikeng Local Municipality,,Ngaka Modiri Molema,,Change of name,,
Sebe Sebothelo,Township,2015-12-09 00:00:00,,Free State,,Themba,,,,,Mangaung Metropolitan Municipality,,Mangaung Metropolitan Municipality,,Change of Name,,
Skhosana,Location,2016-06-17 00:00:00,,Gauteng,,Skozana,,,,,Ekurhuleni Metropolitan Municipality,,Ekurhuleni Metropolitan Municipality,,correction of orthography,,
Sophiatown,Suburb,2016-06-17 00:00:00,,Gauteng,,Triomph,,,,,City of Johannesburg Metropolitan Municipality,,City of Johannesburg Metropolitan Municipality,,Change of name,,
Spaarwater,Location,2016-06-17 00:00:00,,Gauteng,,Sparwater,,,,,City of Johannesburg Metropolitan Municipality,,City of Johannesburg Metropolitan Municipality,,Change of name,,
Sydney Choma Police Station,Police Station,2011-10-07 00:00:00,,Mpumalanga,,Middelburg Police Station,,,,,Steve Tshwete Local Municipality,,Nkangala,,Change of Name,,
Teboho Melthafa,Township,2015-12-09 00:00:00,,Free State,,Section M,,,,,Mangaung Metropolitan Municipality,,Mangaung Metropolitan Municipality,,Change of Name,,
Tekatakho,Settlement,2010-01-29 00:00:00,,Mpumalanga,,,,,,,City of Mbombela Local Municipality,,Ehlanzeni,,Registration of name,,
Tesselaarsdal,Settlement,2016-12-09 00:00:00,,Western Cape,,Teslaarsdal,,,,,Theewaterskloof Local Municipality,,Overberg,,Change of name,,
Thaba-Kgwali,Town,2013-03-28 00:00:00,,Mpumalanga,,Grootvlei,,,,,Dipaleseng Local Municipality,,Gert Sibande,,Change of name,,
Thokoza,Location,2016-06-17 00:00:00,,Gauteng,,Tokoza,,,,,Ekurhuleni Metropolitan Municipality,,Ekurhuleni Metropolitan Municipality,,Correction of orthography,,
Thulani Park,Township,2016-06-17 00:00:00,,Gauteng,,Snake Park,,,,,City of Johannesburg Metropolitan Municipality,,City of Johannesburg Metropolitan Municipality,,Change of name,,
Thulisa Park,Township,2016-06-17 00:00:00,,Gauteng,,Tulisa,,,,,City of Johannesburg Metropolitan Municipality,,City of Johannesburg Metropolitan Municipality,,Change of name,,
Tsakani,Location,2016-06-17 00:00:00,,Gauteng,,Tsakane,,,,,Ekurhuleni Metropolitan Municipality,,Ekurhuleni Metropolitan Municipality,,Correction of orthography,,
Tshwane,Town,2010-01-29 00:00:00,,Gauteng,,,,,,,City of Tshwane Metropolitan Municipality,,City of Tshwane Metropolitan Municipality,,Registration of a municipality   ,,
Tswelopele,Township,2016-10-10 00:00:00,,Gauteng,,Tswelapele,,,,,Ekurhuleni Metropolitan Municipality,,Ekurhuleni Metropolitan Municipality,,Correction of orthography,,
uMhlanga Rocks,Suburb,2010-10-01 00:00:00,,KwaZulu-Natal,,Umhlanga Rocks,,,,,Ethekwini Metropolitan Municipality,,Ethekwini Metropolitan Municipality,,Correction of orthography,,
Qonce,Town,2021-02-22 00:00:00,,Eastern Cape,,King William’s Town,,,,,Buffalo City Metropolitan Municipality,,Buffalo City Metropolitan Municipality,,Change of name,,
Khubusi,River,2019-03-22 00:00:00,,Eastern Cape,,Kubusi,,,,,"Amahlathi Local Municipality 
",,Amathole,,Kubusi,,
Khubusi,River,2019-03-22 00:00:00,,Eastern Cape,,Kubusi,,,,,"Amahlathi Local Municipality 
",,Amathole,,Kubusi,,
Khubusi,River,2019-03-22 00:00:00,,Eastern Cape,,Kubusi,,,,,"Amahlathi Local Municipality 
",,Amathole,,Kubusi,,
Amangwe,Post Office,2011-10-07 00:00:00,,KwaZulu-Natal,,Loskop,,,,,"Inkosi Langalibalele Local Municipality
",,Uthukela,,Change of name,,IsiZulu
aMangwe,Railway Station,2011-10-07 00:00:00,,KwaZulu-Natal,,Loskop,,,,"
","Inkosi Langalibalele Local Municipality
",,Uthukela,,Change of name,,IsiZulu
aManzimtoti,River,2010-10-01 00:00:00,,KwaZulu-Natal,,Amanzimtoti,,,,,eThekwini,,eThekwini,,Correction of spelling,,IsiZulu
Boiketlong,Township,2016-06-17 00:00:00,,Gauteng,,Serope Seyabenye,,,,,"Emfuleni Local Municipality
",,Sedibeng,,Serope Seyabenye,,
Chisirha,Village,2021-02-22 00:00:00,,Eastern Cape,,Cisirat,,,,,"Ngqushwa Local Municipality
",,Amathole,,Cisirat,,
Dr John Langalibalele Dube,Presidential House,2012-05-11 00:00:00,,KwaZulu-Natal,,Kings House,,,,,eThekwini,,eThekwini,,Change of Name,,
eMagebhukana,Village,2012-04-13 00:00:00,,KwaZulu-Natal,,Magebhukana,,,,,"uMlalazi Local Municipality
",,King Cetshwayo,,Correction of spelling,,
eMahhukwini,Village,2016-02-09 00:00:00,,KwaZulu-Natal,,Doornhoek,,,,,"uMlalazi Local Municipality
",,Uthukela,,Doornhoek,,
eMankankaneni,Village,2012-04-13 00:00:00,,KwaZulu-Natal,,Mankaanenink,,,,,"Mpofana Local Municipality
",,Umgungundlovu,,Correction of Spelling,,
eMantshaheni,Village,2011-10-07 00:00:00,,KwaZulu-Natal,,Emantshaheni,,,,,"The Msunduzi Local Municipality
",,Umgungundlovu,,Correction of spelling,,
eMatholonjeni,Village,2012-04-13 00:00:00,,KwaZulu-Natal,,Mtholonjaneni,,,,,"Nqutu Local Municipality
",,Umzinyathi,,Correction of spelling,,
eMhlosinga,Village,2011-10-07 00:00:00,,KwaZulu-Natal,,Mhlosini,,,,,"Big Five Hlabisa Local Municipality
",,Umkhanyakude,,Correction of spelling,,
eMlaza,Township,2010-10-01 00:00:00,,KwaZulu-Natal,,Umlaas,,,,,eThekwini,,eThekwini,,Correction of spelling,,
eMthenteni,Village,2011-10-07 00:00:00,,KwaZulu-Natal,,Umtentweni,,,,,"Ray Nkonyeni Local Municipality
",,Ugu,,Correction of spelling,,
eMthintanyoni,Village,2012-04-13 00:00:00,,KwaZulu-Natal,,Mthintanyoni,,,,,"The Msunduzi Local Municipality
",,Umgungundlovu,,Correction of spelling,,
Emthunzini,Post Office,2011-10-07 00:00:00,,KwaZulu-Natal,,Mtunzini,,,,,"uMlalazi Local Municipality
",,King Cetshwayo,,Correction of spelling,,
eMuziwezinto,Town,2013-10-02 00:00:00,,KwaZulu-Natal,,Mzinto,,,,,"Umdoni Local Municipality
",,Ugu,,Correction of spelling,,
eNdaya,Village,2012-04-13 00:00:00,,KwaZulu-Natal,,Ndaya,,,,,"Umvoti Local Municipality
",,Umzinyathi,,Correction of spelling,,
eNdlinemnyama,Village,2012-04-13 00:00:00,,KwaZulu-Natal,,Ndlinemnyama,,,,,"uMngeni Local Municipality
",,Umgungundlovu,,Correction of spelling,,
eNgunjini,Village,2012-04-13 00:00:00,,KwaZulu-Natal,,Ngunjini,,,,,"Nqutu Local Municipality
",,Umzinyathi,,Correction of spelling,,
eNhlangenyuke,Village,2012-04-13 00:00:00,,KwaZulu-Natal,,Nhlangenyuke,,,,,"Nqutu Local Municipality
",,Umzinyathi,,Correction of spelling,,
eNkothweni,Village,2012-04-13 00:00:00,,KwaZulu-Natal,,Nkothweni,,,,,"Mpofana Local Municipality
",,Umgungundlovu,,Correction of spelling,,
eNtantane,Village,2016-02-09 00:00:00,,KwaZulu-Natal,,Watershed,,,,,"Alfred Duma Local Municipality
",,"Uthukela
",,Watershed,,
Entokozweni,Settlement,2015-09-11 00:00:00,,Mpumalanga,,Matheyzensloop,,,,,"Emakhazeni Local Municipality
",,Nkangala,,Change of Name,,
eNtshangwe,Village,2011-10-07 00:00:00,,KwaZulu-Natal,,Inchanga,,,,,eThekwini,,eThekwini,,Correction of spelling,,
Entuthukweni,Settlement,2016-02-09 00:00:00,,Mpumalanga,,Kwaggafontein,,,,,"Thembisile Local Municipality
",,Nkangala,,change from Kwaggafontein,,
eNtwasahlobo,Village,2012-04-13 00:00:00,,KwaZulu-Natal,,Ntwasohlobo,,,,,"Mpofana Local Municipality
",,Umgungundlovu,,Correction of spelling,,
eNyezane,Village,2010-01-29 00:00:00,,KwaZulu-Natal,,Nyazane,,,,,"uMlalazi Local Municipality
",,"King Cetshwayo
",,Correction of spelling,,
eNyoni,Village,2010-01-29 00:00:00,,KwaZulu-Natal,,Nyoni,,,,,"Mandeni Local Municipality
",,iLembe,,Correctiong of spelling,,
eSihuzu,Village,2012-04-13 00:00:00,,KwaZulu-Natal,,Sihuzu,,,,,"Alfred Duma Local Municipality
",,Uthukela,,Correction of spelling,,
eSiminza,Village,2012-04-13 00:00:00,,KwaZulu-Natal,,Siminza,,,,,"Mpofana Local Municipality
",,Umgungundlovu,,Correction of spelling,,
eSitheza,Village,2010-01-29 00:00:00,,KwaZulu-Natal,,Teza,,,,,"Mfolozi Local Municipality
",,King Cetshwayo,,Correction of spelling,,
eTsheni,Village,2011-10-07 00:00:00,,KwaZulu-Natal,,Tsheni,,,,,Ndwedwe Local Municipality,,iLembe,,Correction of spelling,,
Exobho,Post Office,2011-10-07 00:00:00,,KwaZulu-Natal,,Ixopo,,,,,Ubuhlebezwe Local Municipality,,Harry Gwala,,Correction of spelling,,
eXobho,Town,2011-10-07 00:00:00,,KwaZulu-Natal,,Ixopo,,,,,Ubuhlebezwe Local Municipality,,Harry Gwala,,Correction of spelling,,
EZakheni,Post Office,2016-02-09 00:00:00,,KwaZulu-Natal,,eZakheni,,,,,Alfred Duma Local Municipality,,Uthukela,,eZakheni,,
eZibomvini,Village,2011-10-07 00:00:00,,KwaZulu-Natal,,Esibomvu,,,,,The Msunduzi Local Municipality,,Umgungundlovu,,Correction of spelling,,
eZigodweni,Village,2012-04-13 00:00:00,,KwaZulu-Natal,,Zigodweni,,,,,Mpofana Local Municipality,,Umgungundlovu,,Correction of spelling,,
eZimbokodweni,Village,2010-10-01 00:00:00,,KwaZulu-Natal,,Umbongintwini,,,,,Ethekwini Metropolitan Municipality,,Ethekwini Metropolitan Municipality,,Correction of spelling,,
eZindongeni,Village,2012-04-13 00:00:00,,KwaZulu-Natal,,Ndongeni,,,,,Mpofana Local Municipality,,Umgungundlovu,,Correction of spelling,,
iMbonabelungu,Mountain,2012-04-13 00:00:00,,KwaZulu-Natal,,Mbonabelungu,,,,,Umvoti Local Municipality,,Umzinyathi,,Correction of spelling,,
iNhlambamasoka,River,2012-04-13 00:00:00,,KwaZulu-Natal,,Nhlambamasoka,,,,,Mpofana Local Municipality,,Umgungundlovu,,Correction of spelling,,
Inhlambane River,River,2013-03-28 00:00:00,,Mpumalanga,,Grootvlei,,,,,Dipaleseng Local Municipality,,Gert Sibande,,Change of name,,
iNkothweni,River,2012-04-13 00:00:00,,KwaZulu-Natal,,Nkothweni,,,,,Mpofana Local Municipality,,Umgungundlovu,,Correction of spelling,,
iNkwalinye,River,2011-10-07 00:00:00,,KwaZulu-Natal,,Nkwalini/Nkwaleni/Nkwalinge,,,,,uMlalazi Local Municipality,,King Cetshwayo,,Correction of spelling,,
iNtabazwe,Mountain,2015-12-09 00:00:00,,Free State,,Harrismith,,,,,Maluti a Phofung Local Municipality,,Thabo Mofutsanyane,,Change of Name,,
iNtwasahlobo,River,2012-04-13 00:00:00,,KwaZulu-Natal,,Ntwasahlobo,,,,,Maphumulo Local Municipality,,iLembe,,Correction of spelling,,
iNyoni,River,2010-01-29 00:00:00,,KwaZulu-Natal,,Nyoni,,,,,"Mandeni Local Municipality
",,iLembe,,Correction of spelling,,
iSayana,Mountain,2012-04-13 00:00:00,,KwaZulu-Natal,,Sayana,,,,,"Matatiele Local Municipality
",,Alfred Nzo,,Correction of spelling,,
iThembalethu,Settlement,2016-10-10 00:00:00,,Gauteng,,Ethembalethu,,,,,City of Johannesburg,,City of Johannesburg Metropolitan Municipality,,Correction of orthography from Ethembalethu,,
iXobho,River,2011-10-07 00:00:00,,KwaZulu-Natal,,Ixopo,,,,,Ubuhlebezwe Local Municipality,,Harry Gwala,,Correction of spelling,,
James Calata,Town,2015-09-11 00:00:00,,Eastern Cape,,Jamestown,,,,,Walter Sisulu Local Municipality,,Joe Gqabi,,Change of Name,,
Kgatlamping,Township,2016-06-17 00:00:00,,Gauteng,,Khatamping,,,,,"Ekurhuleni Metropolitan Municipality
",,"Ekurhuleni Metropolitan Municipality
",,correction of orthography from Khatamping,,
Khanya,Settlement,2018-03-22 00:00:00,,Eastern Cape,,Khalazembe,,,,,"uMngeni Local Municipality
",,Umgungundlovu,,Khalazembe,,
Khaya sands,Township,2016-06-17 00:00:00,,Gauteng,,Kaya Sands,,,,,"City of Johannesburg Metropolitan Municipality
",,"City of Johannesburg Metropolitan Municipality
",,correction of orthographyfrom Kaya Sands,,
Khowa,Town,2016-02-09 00:00:00,,Eastern Cape,,Elliot,,,,,"Sakhisizwe Local Municipality
",,Chris Hani,,Elliot,,
Khubusi,River,2019-03-22 00:00:00,,Eastern Cape,,Kubusi,,,,,"Amahlathi Local Municipality
",,Amathole,,Kubusi,,
Khwenxurha,Administrative  area(i.e conglomeration of settlements),2016-06-17 00:00:00,,Eastern Cape,,Kwenxura,,,,,"Great Kei Local Municipality
",,Amathole,,correction of orthography from Kwenxura,,
KwaBhekumgcine,Gorge/Cliff,2012-04-13 00:00:00,,KwaZulu-Natal,,Bhekumgcine,,,,,"Mpofana Local Municipality
",,Umgungundlovu,,Correction of spelling,,
KwaDambuza,Township,2011-10-07 00:00:00,,KwaZulu-Natal,,Dambuza,,,,,"The Msunduzi Local Municipality
",,Umgungundlovu,,Correction of spelling,,
KwaGade,Village,2012-04-13 00:00:00,,KwaZulu-Natal,,Gade,,,,,"Mpofana Local Municipality 
",,Umgungundlovu,,Correction of spelling,,
KwaGezubuso,Village,2011-10-07 00:00:00,,KwaZulu-Natal,,Gezubuso,,,,,"The Msunduzi Local Municipality
",,Umgungundlovu,,Correction of spelling ,,
KwaKhandisa,Village,2012-04-13 00:00:00,,KwaZulu-Natal,,Khandisa,,,,,"Dannhauser Local Municipality
",,"Amajuba
",,Correction of spelling,,
KwaKhangela,Town,2010-10-01 00:00:00,,KwaZulu-Natal,,Congella,,,,,"Ethekwini Metropolitan Municipality
",,"Ethekwini Metropolitan Municipality
",,Correction of spelling,,
KwaMgwagwa,Village,2011-10-07 00:00:00,,KwaZulu-Natal,,Kwamngwangwa,,,,,"The Msunduzi Local Municipality
",,Umgungundlovu,,Correction of spelling,,
KwaMnyandu,Railway Station,2010-10-01 00:00:00,,KwaZulu-Natal,,kwaMnyandu,,,,,"Ethekwini Metropolitan Municipality
",,"Ethekwini Metropolitan Municipality
",,Correction of spelling,,
KwaMnyandu,Village,2011-10-07 00:00:00,,KwaZulu-Natal,,Mnyandu,,,,,"Ethekwini Metropolitan Municipality
",,"Ethekwini Metropolitan Municipality
",,Correction of spelling,,
KwaMpande,Village,2011-10-07 00:00:00,,KwaZulu-Natal,,Mpande,,,,,"The Msunduzi Local Municipality
",,Umgungundlovu,,Correction of spelling,,
KwaNcaza,Settlement,2016-06-17 00:00:00,,Eastern Cape,,Readsdale,,,,,"Raymond Mhlaba Local Municipality 
",,"Amathole 
",,Readsdale,,
Kwanele,Location,2016-06-17 00:00:00,,Gauteng,,Kwenele,,,,,"Ekurhuleni Metropolitan Municipality
",,"Ekurhuleni Metropolitan Municipality
",,Kwenele,,
KwaNoshezi,Village,2011-10-07 00:00:00,,KwaZulu-Natal,,Noshezi,,,,,"The Msunduzi Local Municipality
",,"Umgungundlovu
",,Correction of spelling,,
KwaPata,Village,2011-10-07 00:00:00,,KwaZulu-Natal,,Pata,,,,,"The Msunduzi Local Municipality 
",,"Umgungundlovu 
",,Correction of spelling,,
Lotha,Village,2021-02-22 00:00:00,,Eastern Cape,,Lota,,,,,"Mbhashe Local Municipality
",,"Amathole
",,Lota,,
Luipaardsvlei,Settlement,2016-10-10 00:00:00,,Gauteng,,Luipadsvlei,,,,,"Mogale City Local Municipality
",,"West Rand
",,Correction of orthography from Luipadsvlei,,
Maletswai,Town,2015-09-11 00:00:00,,Eastern Cape,,Aliwal North,,,,,"Walter Sisulu Local Municipality
",,"Joe Gqabi
",,Change of Name,,
Mthombomuhle,Settlement,2015-09-11 00:00:00,,Mpumalanga,,Kwaggafontein,,,,,"Thembisile Local Municipality
",,Nkangala,,Change of Name,,
Munsieville,Settlement,2016-10-10 00:00:00,,Gauteng,,Munsienville,,,,,"Mogale City Local Municipality
",,"West Rand
",,Correction of orthography from Munsienville,,
Ngcwengxa,River,2016-06-17 00:00:00,,Eastern Cape,,Kat River,,,,,"Raymond Mhlaba Local Municipality
",,Amathole,,Kat River,,
Ngquthu,Settlement,2016-06-17 00:00:00,,Eastern Cape,,Ngqutu ,,,,,"Mnquma Local Municipality
",,Amathole,,Ngqutu ,,
oGobandlovu,Village,2012-04-13 00:00:00,,KwaZulu-Natal,,Gobandlovu,,,,,"Mthonjaneni Local Municipality
",,"King Cetshwayo
",,Correction of spelling,,
Pirie Mission,Village,2021-02-22 00:00:00,,Eastern Cape,,Pierie Mission,,,,,"Buffalo City Metropolitan Municipality
",,"Buffalo City
",,Pierie Mission,,
Ramonanabela,Village,2009-09-18 00:00:00,,Mpumalanga,,Matepula,,,,,"Dr JS Moroka Local Municipality
",,"Nkangala
",,Change of Name,,
Rantedal,Settlement,2016-10-10 00:00:00,,Gauteng,,Rent-endal,,,,,"Mogale City Local Municipality
",,"West Rand
",,Correction of orthography from Rent-endal,,
Rholihlahla Residence,Settlement,2016-02-09 00:00:00,,Eastern Cape,,Silver City and Ext 7,,,,,"Enoch Mgijima Local Municipality
",,"Chris Hani
",,Silver City and Ext 7,,
Sithungu,Settlement,2016-06-17 00:00:00,,Eastern Cape,,Situngu,,,,,"Great Kei Local Municipality
",,Amathole,,Situngu,,
Sithungu,Village,2019-03-22 00:00:00,,Eastern Cape,,Situngu,,,,,"Great Kei Local Municipality 
",,Amathole,,Situngu,,
Siyabulela Mlombile Township,Village,2013-08-08 00:00:00,,Eastern Cape,,Extension 4,,,,,"Mhlontlo Local Municipality
",,"O.R.Tambo
",,Change of name,,
Siyabulela Mlombile Township,Township,2013-12-06 00:00:00,,Eastern Cape,,Extension 4,,,,,"Mhlontlo Local Municipality 
",,"O.R.Tambo 
",,Change of Name,,
Skilpaddam,Settlement,2016-06-17 00:00:00,,Gauteng,,Skilpad,,,,,"City of Tshwane Metropolitan Municipality
",,"City of Tshwane Metropolitan Municipality
",,correction of orthography from Skilpad,,
Sotho,Settlement,2016-06-17 00:00:00,,Eastern Cape,,Soto,,,,,"Great Kei Local Municipality
",,"Amathole
",,Soto,,
Thembisa,Location,2016-06-17 00:00:00,,Gauteng,,Tembisa,,,,,"Ekurhuleni Metropolitan Municipality
",,"Ekurhuleni Metropolitan Municipality
",,correction of orthography Tembisa,,
Thoko Mabhena,Settlement,2016-02-09 00:00:00,,Mpumalanga,,Embalenhle Extension 18,,,,,"Govan Mbeki Local Municipality
",,"Gert Sibande
",,Embalenhle Extension 18,,
Tsopaneng,Village,2012-04-13 00:00:00,,KwaZulu-Natal,,Isupaneng,,,,,"uMshwathi Local Municipality
",,"Umgungundlovu
",,Correction of spelling,,
Tswelepole,Location,2016-06-17 00:00:00,,Gauteng,,Tswelapele,,,,,"Ekurhuleni Metropolitan Municipality
",,"Ekurhuleni Metropolitan Municipality
",,Correction of orthography from Tswelapele,,
uBhodlisa,Mountain,2012-04-13 00:00:00,,KwaZulu-Natal,,Bhodlisa,,,,,"Mpofana Local Municipality
",,Umgungundlovu,,Correction of spelling,,
uBukubuku,River,2012-04-13 00:00:00,,KwaZulu-Natal,,Bukubuku,,,,,"Ulundi Local Municipality
",,Zululand,,Correction of spelling,,
uGezubuso,River,2011-10-07 00:00:00,,KwaZulu-Natal,,Gezubuso,,,,,"The Msunduzi Local Municipality
",,Umgungundlovu,,Correction of spelling,,
uLoshe,River,2012-04-13 00:00:00,,KwaZulu-Natal,,Loshe,,,,,"Endumeni Local Municipality
",,Umzinyathi,,Correction of spelling,,
uManzabomvu,River,2012-04-13 00:00:00,,KwaZulu-Natal,,Mazabomvu,,,,,"Ulundi Local Municipality
",,Zululand,,Correction of spelling,,
uMashona,Mountain,2012-04-13 00:00:00,,KwaZulu-Natal,,Mashona,,,,,"Nqutu Local Municipality
",,"Umzinyathi
",,Correction of spelling,,
uMazinyo,Mountain,2012-04-13 00:00:00,,KwaZulu-Natal,,Mazinyo,,,,,"Nqutu Local Municipality 
",,"Umzinyathi
",,Correction of spelling,,
uMdloti,River,2010-10-01 00:00:00,,KwaZulu-Natal,,Umdloti,,,,,"Ethekwini Metropolitan Municipality
",,"Ethekwini Metropolitan Municipality
",,Correction of spelling,,
uMenyezwayo,River,2012-04-13 00:00:00,,KwaZulu-Natal,,Menyezwayo,,,,,"Mpofana Local Municipality
",,"Umgungundlovu
",,Correction of spelling,,
uMgovuzo,River,2012-04-13 00:00:00,,KwaZulu-Natal,,Mgovuzo,,,,,,,,,Correction of spelling,,
uMhlabashana,River,2011-10-07 00:00:00,,KwaZulu-Natal,,Umhlabatyana,,,,,"Ulundi Local Municipality
",,"Zululand
",,Correction of spelling,,
uMhlalane,River,2012-04-13 00:00:00,,KwaZulu-Natal,,Umhlalane,,,,,"uMshwathi Local Municipality
",,Umgungundlovu,,Correction of spelling,,
uMkhomazi,River,2010-10-01 00:00:00,,KwaZulu-Natal,,Umkomaas,,,,,"Ethekwini Metropolitan Municipality
",,"Ethekwini Metropolitan Municipality
",,Correction of spelling,,
Umkhuze,Post Office,2011-10-07 00:00:00,,KwaZulu-Natal,,Mkuze,,,,,"Jozini Local Municipality
",,Umkhanyakude,,Correction of spelling,,
uMkhuze,River,2011-10-07 00:00:00,,KwaZulu-Natal,,Mkuze,,,,,"Jozini Local Municipality
",,Umkhanyakude,,Correction of spelling,,
uMlalazi,River,2009-09-18 00:00:00,,KwaZulu-Natal,,Mlalaas,,,,,Umlalazi,,King Cetswayo,,correction of spelling,,
uMlaza,River,2010-10-01 00:00:00,,KwaZulu-Natal,,Umlaas,,,,,"Inkosi Langalibalele Local Municipality
",,Uthukela,,Correction of spelling,,
uMngeni,River,2010-10-01 00:00:00,,KwaZulu-Natal,,Umgeni,,,,,"eThekwini
",,"eThekwini
",,Correction of spelling,,
uMphangisi,River,2012-04-13 00:00:00,,KwaZulu-Natal,,Mphangisi,,,,,"Endumeni Local Municipality
",,Umzinyathi,,Correction of spelling,,
uMsasandla,River,2012-04-13 00:00:00,,KwaZulu-Natal,,Msasandla,,,,,"Matatiele Local Municipality
",,"Alfred Nzo
",,Correction of spelling,,
uMthente,River,2011-10-07 00:00:00,,KwaZulu-Natal,,Umtentweni,,,,,"Ray Nkonyeni Local Municipality
",,Ugu,,Correction of spelling,,
uMthizana,River,2012-04-13 00:00:00,,KwaZulu-Natal,,Mthizana,,,,,"Mpofana Local Municipality
",,Umgungundlovu,,Correction of spelling,,
uMuziwezinto,River,2011-10-07 00:00:00,,KwaZulu-Natal,,Mzinto,,,,,"Umdoni Local Municipality
",,Ugu,,Correction of spelling,,
UMuziwezinto,Post Office,2011-10-07 00:00:00,,KwaZulu-Natal,,Mzinto,,,,,"Umdoni Local Municipality
",,Ugu,,Correction of spelling,,
uMzingwenya,River,2012-04-13 00:00:00,,KwaZulu-Natal,,Mzingwenya,,,,,"Endumeni Local Municipality
",,"Umzinyathi
",,Correction of spelling,,
uNcashane,Mountain,2012-04-13 00:00:00,,KwaZulu-Natal,,Ncashane,,,,,"The Msunduzi Local Municipality
",,Umgungundlovu,,Correction of spelling,,
uNomndaye,River,2012-04-13 00:00:00,,KwaZulu-Natal,,Nomndaye,,,,,"Endumeni Local Municipality
",,"Umzinyathi 
",,Correction of spelling,,
uSigubhu,Mountain ,2012-04-13 00:00:00,,KwaZulu-Natal,,Sighubhu,,,,,"Endumeni Local Municipality 
",,"Umzinyathi 
",,Correction of spelling,,
uThongathi,River,2010-10-01 00:00:00,,KwaZulu-Natal,,Tongaat,,,,,"Ethekwini Metropolitan Municipality
",,"Ethekwini Metropolitan Municipality
",,Correction of spelling,,
uThukela,River,2010-01-29 00:00:00,,KwaZulu-Natal,,Tugela,,,,,"Okhahlamba Local Municipality
",,Uthukela,,Correction of spelling ,,
uZingazezibomvu,River,2012-04-13 00:00:00,,KwaZulu-Natal,,Zingazezibombu,,,,,"Msinga Local Municipality
",,Umzinyathi,,Correction of spelling,,
Vuyo,Settlement,2016-06-17 00:00:00,,Gauteng,,Vivo,,,,,"City of Johannesburg Metropolitan Municipality
",,"City of Johannesburg Metropolitan Municipality
",,correction of orthography from Vivo,,
Xonxa,River,2016-02-09 00:00:00,,Eastern Cape,,White Kei River,,,,,"Enoch Mgijima Local Municipality
",,"Chris Hani
",,White Kei River,,
Zonkizizwe,Location,2016-06-17 00:00:00,,Gauteng,,Zonkezizwe,,,,,"City of Johannesburg Metropolitan Municipality
",,"City of Johannesburg Metropolitan Municipality
",,correction of spelling Zonkezizwe,,
Khohlombeni,Settlement/Village,2021-02-22 00:00:00,,Eastern Cape,,Mfabantu,,,,,"Nyandeni Local Municipality
",,"O.R.Tambo
",,Mfabantu,,
Makhazi,Settlement and River,2016-06-17 00:00:00,,Eastern Cape,,Makazi,,,,,"Great Kei Local Municipality
",,Amathole,,Makazi,,
Boiki Motlhohi,Township,2015-12-09 00:00:00,,Free State,,Section L,,,,,Mangaung,,Mangaung,,Change of Name,,
Chatha,Village,2019-03-22 00:00:00,,Eastern Cape,,Cata,,,,,"Amahlathi Local Municipality
",,Amathole,,Cata,,
Chefane,River,2019-03-22 00:00:00,,Eastern Cape,,Cefane,,,,,"Great Kei Local Municipality
",,Amathole,,Cefane,,
eMabhofolweni,Settlement,2016-06-17 00:00:00,,Eastern Cape,,Woodlands,,,,,Nelson Mandela Bay,,Nelson Mandela Bay,,A Human Settlement in Ngqushwa Local Municipality in the Eastern Cape,,
eMankwanyaneni,Village,2013-10-02 00:00:00,,KwaZulu-Natal,,Mankwanyaneni,,,,,"Great Kei Local Municipality
",,"King Cetshwayo
",,Correction of spelling,,
eMthonjaneni,Town,2017-12-15 00:00:00,,KwaZulu-Natal,,Melomoth,,,,,"Mthonjaneni Local Municipality
",,"King Cetshwayo
",,Melomoth,,
eMvelo,Settlement,2019-12-17 00:00:00,,Mpumalanga,,Amsterdam,,,,,"Mkhondo Local Municipality
",,"Gert Sibande
",,Change of name from Amsterdam,,
eNkoneni,Village,2013-10-02 00:00:00,,KwaZulu-Natal,,Nkoneni,,,,,"UMuziwabantu Local Municipality
",,Ugu,,Correction of spelling,,
eNkulu,Village,2013-10-02 00:00:00,,KwaZulu-Natal,,Enkulu,,,,,"Umzumbe Local Municipality
",,Ugu,,Correction of spelling,,
eNkwenkwe,Village,2016-02-09 00:00:00,,KwaZulu-Natal,,Nkwenkwe,,,,,"Mthonjaneni Local Municipality
",,"King Cetshwayo
",,Nkwenkwe,,
eNqutshini,Village,2013-10-02 00:00:00,,KwaZulu-Natal,,Nqutshini,,,,,"uMhlathuze Local Municipality
",,"King Cetshwayo
",,Correction of spelling,,
eSigisi,Village,2013-10-02 00:00:00,,KwaZulu-Natal,,Sigisi,,,,,"uMhlathuze Local Municipality
",,King Cetshwayo,,Correction of spelling,,
Esiphethweni ,Location,2016-06-17 00:00:00,,Gauteng,,Isiphethweni,,,,,Ekurhuleni,,Ekurhuleni,,from Isiphethweni) correction of orthography from Isiphethweni,,
eThembeni,Village,2016-02-09 00:00:00,,KwaZulu-Natal,,Entembeni,,,,,Mthonjaneni Local Municipality,,King Cetshwayo,,Entembeni,,
Etjelembube,Settlement,2011-10-07 00:00:00,,Mpumalanga,,Hartebeeskop,,,,,Chief Albert Luthuli Local Municipality,,Gert Sibande,,Change of name,,
Hlohlolwane,Town,2015-12-09 00:00:00,,Free State,,Clocolan,,,,,Setsoto Local Municipality,,Thabo Mofutsanyane,,Change of Name,,
Holeka,Settlement,2011-10-07 00:00:00,,Mpumalanga,,Swallowsnest,,,,,Chief Albert Luthuli Local Municipality,,Gert Sibande,,Change of name,,
iJozini,Dam,2017-06-30 00:00:00,,KwaZulu-Natal,,Jozini,,,,,UPhongolo Local Municipality,,Zululand,,Jozini,,
iManzawayo,Stream,2016-02-09 00:00:00,,KwaZulu-Natal,,Manzawayo Natal,,,,,Nkandla Local Municipality,,King Cetshwayo,,Manzawayo Natal,,
iMatshana,Mountain,2013-10-02 00:00:00,,KwaZulu-Natal,,Matshana,,,,,uMhlathuze Local Municipality,,King Cetshwayo,,Correction of spelling,,
iMpenjani,River,2013-10-02 00:00:00,,KwaZulu-Natal,,Mpenjani,,,,,Ray Nkonyeni Local Municipality,,Ugu,,Correction of spelling,,
Insephe,Settlement,2019-12-17 00:00:00,,Mpumalanga,,Iswepe,,,,,"Mkhondo Local Municipality
",,Gert Sibande,,Iswepe,,
Kgangkgang,Settlement,2016-12-09 00:00:00,,North West,,Klipan,,,,,"Mafikeng Local Municipality
",,"Ngaka Modiri Molema
",,Klipan,,
Khayalami,Township,2016-06-17 00:00:00,,Gauteng,,Kyalami,,,,,"City of Johannesburg Metropolitan Municipality
",,"City of Johannesburg Metropolitan Municipality
",,correction ofspelling from Kyalami,,
Khotso Taole,Township,2015-12-09 00:00:00,,Free State,,Section V,,,,,"Mangaung Metropolitan Municipality
",,"Mangaung Metropolitan Municipality
",,Change of Name,,
KwaGubhethuka                                                                   ,Village,2012-04-13 00:00:00,,KwaZulu-Natal,,Gubhethuka,,,,,"uMhlathuze Local Municipality
",,"King Cetshwayo
",,Correction of spelling,,
KwaMakhutha,Township,2010-10-01 00:00:00,,KwaZulu-Natal,,kwaMakhutha,,,,,"Ethekwini Metropolitan Municipality
",,"Ethekwini Metropolitan Municipality
",,Correction of spelling,,
KwaMusi,Settlement,2015-09-11 00:00:00,,Mpumalanga,,Enkeldoorin,,,,,"Emakhazeni Local Municipality
",,Nkangala,,Change of Name,,
KwaNtababomvu,Village,2016-02-09 00:00:00,,KwaZulu-Natal,,Skoeman,,,,,"Abaqulusi Local Municipality
",,Zululand,,Skoeman,,
KwaNzimakwe,Village,2013-10-02 00:00:00,,KwaZulu-Natal,,Nzimzkwe,,,,,Ray Nkonyeni Local Municipality,,"Ugu
",,Correction of spelling,,
KwaShange,Village,2013-10-02 00:00:00,,KwaZulu-Natal,,Shange,,,,,"The Msunduzi Local Municipality 
",,"Umgungundlovu 
",,Correction of spelling,,
KwaThunzi,Village,2013-10-02 00:00:00,,KwaZulu-Natal,,Thunzi,,,,,"Impendle Local Municipality
",,Umgungundlovu,,Correction of spelling,,
Lokotsi,Settlement,2016-12-09 00:00:00,,North West,,Nooitgedacht,,,,,"Mafikeng Local Municipality
",,"Ngaka Modiri Molema
",,Nooitgedacht,,
Luqhoqhweni,Village,2019-03-22 00:00:00,,Eastern Cape,,Luqoqhweni,,,,,"Ngquza Hill Local Municipality
",,"O.R.Tambo
",,Luqoqhweni,,
Maphundlwane,Settlement,2011-10-07 00:00:00,,Mpumalanga,,Oshoek,,,,,"Chief Albert Luthuli Local Municipality
",,"Gert Sibande
",,Change of name,,
Margate Retirement village ,Post Office,2016-02-09 00:00:00,,KwaZulu-Natal,,Village of Happiness,,,,,"Ray Nkonyeni Local Municipality
",,Ugu,,Village of Happiness,,
Mbholompo,Village,2019-03-22 00:00:00,,Eastern Cape,,Mbolompo,,,,,"Mhlontlo Local Municipality
",,"O.R.Tambo
",,Mbolompo,,
Mbhongweni,Village,2019-03-22 00:00:00,,Eastern Cape,,Mbongweni,,,,,"Mbizana Local Municipality
",,"Alfred Nzo
",,Mbongweni,,
Molefi Tau,Township,2015-12-09 00:00:00,,Free State,,Section H,,,,,Mangaung,,Mangaung,,Change of Name,,
Mopeli River,River,2015-12-09 00:00:00,,Free State,,Moeri River,,,,,"Mantsopa Local Municipality
",,"Thabo Mofutsanyane
",,Correction of spelling,,
Mpheko,Forest,2019-03-22 00:00:00,,Eastern Cape,,Mpeko,,,,,"King Sabata Dalindyebo Local Municipality
",,"O.R.Tambo
",,Correction of name from Mpeko,,
Mqhekezweni,Village,2019-03-22 00:00:00,,Eastern Cape,,Mqekezweni,,,,,King Sabata Dalindyebo,,"O.R.Tambo 
",,Mqekezweni,,
Mthunjwa (E),Settlement,2016-02-09 00:00:00,,Mpumalanga,,Kwaggafontein,,,,,"Thembisile Local Municipality 
",,Nkangala,,Kwaggafontein,,
oDondolo,Village,2013-10-02 00:00:00,,KwaZulu-Natal,,Dondolo,,,,,"uMhlathuze Local Municipality
",,"King Cetshwayo
",,Correction of spelling,,
Papiki Moiloa,Township,2015-12-09 00:00:00,,Free State,,Section J,,,,,"Mangaung Metropolitan Municipality
",,Mangaung,,Change of Name,,
Qhankqu,Village,2020-03-23 00:00:00,,Eastern Cape,,Qanqu,,,,,"Mhlontlo Local Municipality
",,"O.R.Tambo
",,Qanqu,,
Qwanti,River,2016-02-09 00:00:00,,Eastern Cape,,Quanti,,,,,"Amahlathi Local Municipality
",,"Amathole
",,Quanti,,
Raymond Sekati,Township,2015-12-09 00:00:00,,Free State,,Section S,,,,,"Mangaung Metropolitan Municipality
",,Mangaung,,Change of Name,,
Sechaba Mahobe,Township,2015-12-09 00:00:00,,Free State,,E Section,,,,,"Mangaung Metropolitan Municipality
",,Mangaung,,Change of Name,,
Sihlitho,Village,2019-03-22 00:00:00,,Eastern Cape,,Sihlito,,,,,"Port St Johns Local Municipality
",,"O.R.Tambo
",,Sihlito,,
Sikhululiwe,Village,2011-10-07 00:00:00,,Mpumalanga,,Mafube Rural Village,,,,,"Steve Tshwete Local Municipality
",,Nkangala,,Change of name,,
Sithebe,Administrative Area,2019-03-22 00:00:00,,Eastern Cape,,Sitebe,,,,,"King Sabata Dalindyebo Local Municipality
",,"O.R.Tambo
",,Sitebe,,
Thokozani,Settlement,2016-02-09 00:00:00,,Mpumalanga,,Tweefontein M (Portion 170) 22 JR,,,,,"Govan Mbeki Local Municipality
",,"Gert Sibande
",,Tweefontein M (Portion 170) 22 JR,,
Thuli,Settlement,2016-02-09 00:00:00,,Mpumalanga,,Leandra,,,,,"Govan Mbeki Local Municipality
",,"Gert Sibande
",,Fakude change of name from Leandra,,
uMbhoyibhoyi,River,2013-10-02 00:00:00,,KwaZulu-Natal,,Ku-Boboyi,,,,,"Ray Nkonyeni Local Municipality
",,Ugu,,Correction of spelling,,
uMuntongazi,River,2013-10-02 00:00:00,,KwaZulu-Natal,,Thongasi,,,,,"Ray Nkonyeni Local Municipality
",,Ugu,,Correction of spelling,,
Xhongorha,Village,2019-03-22 00:00:00,,Eastern Cape,,Xhongora,,,,,"King Sabata Dalindyebo Local Municipality
",,"O.R.Tambo
",,Xhongora,,
Zakes Maseko,Township,2015-12-09 00:00:00,,Free State,,Section D,,,,,Mangaung,,Mangaung,,Change of Name,,
Zonisele Xeza,Township,2015-12-09 00:00:00,,Free State,,Namibia Square,,,,,Mangaung,,Mangaung,,Change of Name,,
Modatzwi,River,2005-09-16 00:00:00,Between Jamela and Mohlabaneng Villages,Limpopo,,,,7.0,9.0,DC33,Greater Letaba,,Mopani District Municipality,NP332,Registration of a existing name,,
Mohlapetse,River,2006-06-30 00:00:00,,Limpopo,,Strydornloop,,7.0,4.0,DC35,Polokwane,,Capricorn District Municipality,NP354,Name Change,,
Mulaudzi,River,2005-09-16 00:00:00,15km N of Polokwane,Limpopo,,Blood River,,7.0,9.0,DC12,Polokwane,,Capricorn District Municipality,EC121,Name Change,,
Mahikeng ,Town,2010-01-29 00:00:00,,North West,,Mafikeng,,,,,Mafikeng,,Ngaka Modiri Molema District Municipality,,Name Change,,
KwaMaqoma,Town,2023-03-13 17:00:04,,Eastern Cape,,Fort Beaufort,,,,,,,,,,,
Ben Mbizweni,Village,2023-03-13 17:03:27,,Eastern Cape,,Brooksnek,,,,,,,,,,,
KwaNojoli,Town,2023-03-13 17:05:36,,Eastern Cape,,Somerset East,,,,,,,,,,,
KwaJozi,,2023-09-19 11:34:33,,KwaZulu- Natal,,,,,,,Ray Nkonyeni,,Ugu,,,,
uSondaba,,2023-09-19 11:23:52,,KwaZulu-Natal,,,,,,,Ray Nkonyeni,,Ugu,,,,
uNcomi,,2023-09-19 11:21:00,,KwaZulu-Natal,,,,,,,Ray Nkonyeni,,Ugu,,,,
uMhlahlanja,,2023-09-19 11:23:01,,KwaZulu-Natal,,,,,,,Ray Nkonyeni,,Ugu,,,,
uVelumemeze,,2022-12-22 08:23:12,,KwaZulu-Natal,,,,,,,Ray Nkonyeni,,Ugu,,,,
uNomahlaya,,2022-12-12 10:56:11,,KwaZulu-Natal,,,,,,,Ray Nkonyeni,,Ugu,,,,
iDikwe,,2022-12-12 10:57:12,,KwaZulu-Natal,,,,,,,Ray Nkonyeni,,Ugu,,,,
eMasundwini,,2022-12-22 08:22:25,,KwaZulu-Natal,,,,,,,Umzumbe,,Ugu,,,,
iNgxangxazi,,2022-12-22 08:24:11,,KwaZulu-Natal,,,,,,,Ray Nkonyeni,,Ugu,,,,
uNobanda,,2022-12-12 10:55:49,,KwaZulu-Natal,,,,,,,Ray Nkonyeni,,Ugu,,,,
uMthavuna,,2022-12-12 10:56:34,,KwaZulu-Natal,,,,,,,Ray Nkonyeni,,Ugu,,,,
uNtabankulu,,2023-09-19 11:22:06,,KwaZulu-Natal,,,,,,,Ray Nkonyeni,,Ugu,,,,
uNkohlo,,2023-09-19 11:19:09,,KwaZulu-Natal,,,,,,,Ray Nkonyeni,,Ugu,,,,
Xubeni,settlement,2024-02-16 10:00:00,,Gauteng,,Xubene,,,,,Ekurhuleni,,Ekurhuleni,,,,
Motheong,settlement,2024-02-16 10:00:00,,Gauteng,,Moteong,,,,,Ekurhuleni,,Ekurhuleni,,,,
Welumlambo,settlement,2024-02-16 10:00:00,,Gauteng,,Welomlambo,,,,,Ekurhuleni,,Ekurhuleni,,,,
Makhulong,settlement,2024-02-16 10:00:00,,Gauteng,,Makulong,,,,,Ekurhuleni,,Ekurhuleni,,,,
Tshenolong,settlement,2024-02-16 10:00:00,,Gauteng,,Tsenolong,,,,,Ekurhuleni,,Ekurhuleni,,,,
Nxiweni,settlement,2024-02-16 10:00:00,,Gauteng,,Inxiweni,,,,,Ekurhuleni,,Ekurhuleni,,,,
Isiziba,settlement,2024-02-16 10:00:00,,Gauteng,,Esiziba,,,,,Ekurhuleni,,Ekurhuleni,,,,
Lidinga,settlement,2024-02-16 10:00:00,,Gauteng,,Elindinga,,,,,Ekurhuleni,,Ekurhuleni,,,,
Ndlhazi,settlement,2024-02-16 10:00:00,,Gauteng,,,,,,,Ekurhuleni,,Ekurhuleni,,,,
Maŝemong,settlement,2024-02-16 10:00:00,,Gauteng,,Mashimong,,,,,Ekurhuleni,,Ekurhuleni,,,,
iNdanyana,mountain,2024-02-16 10:00:00,,KwaZulu-Natal,,,,,,,Alfred Duma,,Uthukela,,,,
KwaJijiza,gorge,2024-02-16 10:00:00,,KwaZulu-Natal,,,,,,,Alfred Duma,,Uthukela,,,,
uGimbizinyoni,river,2024-02-16 10:00:00,,KwaZulu-Natal,,,,,,,Alfred Duma,,Uthukela,,,,
Incwaba,river,2024-02-16 10:00:00,,KwaZulu-Natal,,,,,,,Alfred Duma,,Uthukela,,,,
uMankankane,river,2024-02-16 10:00:00,,KwaZulu-Natal,,,,,,,Alfred Duma,,Uthukela,,,,
uMabeletshitshi,mountain,2024-02-16 10:00:00,,KwaZulu-Natal,,,,,,,Alfred Duma,,Uthukela,,,,
kwaMadondo,village,2024-02-16 10:00:00,,KwaZulu-Natal,,,,,,,Inkosi Langalibalele,,Uthukela,,,,
eBulinga,village,2024-02-16 10:00:00,,KwaZulu-Natal,,,,,,,Alfred Duma,,Uthukela,,,,
eManseleni,village,2024-02-16 10:00:00,,KwaZulu-Natal,,,,,,,Alfred Duma,,Uthukela,,,,
kwaLudimbi,village,2024-02-16 10:00:00,,KwaZulu-Natal,,,,,,,Alfred Duma,,Uthukela,,,,
eMahlabathini aseBathenjini,village,2024-02-16 10:00:00,,KwaZulu-Natal,,,,,,,Inkosi Langalibalele,,Uthukela,,,,
eKucasheni,village,2024-02-16 10:00:00,,KwaZulu-Natal,,,,,,,Inkosi Langalibalele,,Uthukela,,,,
KwaNomoya,village,2024-02-16 10:00:00,,KwaZulu-Natal,,,,,,,Alfred Duma,,Uthukela,,,,
